Transaction_ID,Product,Business_Unit,Indication,Region,State,Territory,HCP_Speciality,Sales_Representative,Quantity,Sales_Value,Transaction_Date,Notes
TXN00001,GARDASIL 9,Vaccines,HPV Prevention,West,Maharashtra,T001,Surgeon,Rep_1,12,661097,2026-01-17,"Product Overview: GARDASIL 9 is used in HPV Prevention. Clinical discussion covered approved indications, patient eligibility, efficacy, safety, monitoring, treatment pathway, and physician education. Sales discussion included customer questions, objections, market access, competitor comparison, follow-up planning, CRM updates, scientific literature sharing, compliant promotion, and future engagement opportunities. Territory insights included prescription trends, customer behavior, business opportunities, formulary discussions, regional planning, call objectives, meeting outcomes, and action items. Product Overview: GARDASIL 9 is used in HPV Prevention. Clinical discussion covered approved indications, patient eligibility, efficacy, safety, monitoring, treatment pathway, and physician education. Sales discussion included customer questions, objections, market access, competitor comparison, follow-up planning, CRM updates, scientific literature sharing, compliant promotion, and future engagement opportunities. Territory insights included prescription trends, customer behavior, business opportunities, formulary discussions, regional planning, call objectives, meeting outcomes, and action items. Product Overview: GARDASIL 9 is used in HPV Prevention. Clinical discussion covered approved indications, patient eligibility, efficacy, safety, monitoring, treatment pathway, and physician education. Sales discussion included customer questions, objections, market access, competitor comparison, follow-up planning, CRM updates, scientific literature sharing, compliant promotion, and future engagement opportunities. Territory insights included prescription trends, customer behavior, business opportunities, formulary discussions, regional planning, call objectives, meeting outcomes, and action items. "
TXN00002,WELIREG,Oncology,Renal Cell Carcinoma,North,Tamil Nadu,T002,Oncologist,Rep_2,3,627814,2026-07-02,"Product Overview: WELIREG is used in Renal Cell Carcinoma. Clinical discussion covered approved indications, patient eligibility, efficacy, safety, monitoring, treatment pathway, and physician education. Sales discussion included customer questions, objections, market access, competitor comparison, follow-up planning, CRM updates, scientific literature sharing, compliant promotion, and future engagement opportunities. Territory insights included prescription trends, customer behavior, business opportunities, formulary discussions, regional planning, call objectives, meeting outcomes, and action items. Product Overview: WELIREG is used in Renal Cell Carcinoma. Clinical discussion covered approved indications, patient eligibility, efficacy, safety, monitoring, treatment pathway, and physician education. Sales discussion included customer questions, objections, market access, competitor comparison, follow-up planning, CRM updates, scientific literature sharing, compliant promotion, and future engagement opportunities. Territory insights included prescription trends, customer behavior, business opportunities, formulary discussions, regional planning, call objectives, meeting outcomes, and action items. Product Overview: WELIREG is used in Renal Cell Carcinoma. Clinical discussion covered approved indications, patient eligibility, efficacy, safety, monitoring, treatment pathway, and physician education. Sales discussion included customer questions, objections, market access, competitor comparison, follow-up planning, CRM updates, scientific literature sharing, compliant promotion, and future engagement opportunities. Territory insights included prescription trends, customer behavior, business opportunities, formulary discussions, regional planning, call objectives, meeting outcomes, and action items. "
TXN00003,ZEPATIER,Infectious Disease,Hepatitis C,South,Maharashtra,T003,Surgeon,Rep_4,2,281821,2026-01-18,"Product Overview: ZEPATIER is used in Hepatitis C. Clinical discussion covered approved indications, patient eligibility, efficacy, safety, monitoring, treatment pathway, and physician education. Sales discussion included customer questions, objections, market access, competitor comparison, follow-up planning, CRM updates, scientific literature sharing, compliant promotion, and future engagement opportunities. Territory insights included prescription trends, customer behavior, business opportunities, formulary discussions, regional planning, call objectives, meeting outcomes, and action items. Product Overview: ZEPATIER is used in Hepatitis C. Clinical discussion covered approved indications, patient eligibility, efficacy, safety, monitoring, treatment pathway, and physician education. Sales discussion included customer questions, objections, market access, competitor comparison, follow-up planning, CRM updates, scientific literature sharing, compliant promotion, and future engagement opportunities. Territory insights included prescription trends, customer behavior, business opportunities, formulary discussions, regional planning, call objectives, meeting outcomes, and action items. Product Overview: ZEPATIER is used in Hepatitis C. Clinical discussion covered approved indications, patient eligibility, efficacy, safety, monitoring, treatment pathway, and physician education. Sales discussion included customer questions, objections, market access, competitor comparison, follow-up planning, CRM updates, scientific literature sharing, compliant promotion, and future engagement opportunities. Territory insights included prescription trends, customer behavior, business opportunities, formulary discussions, regional planning, call objectives, meeting outcomes, and action items. "
TXN00004,ZEPATIER,Infectious Disease,Hepatitis C,East,Tamil Nadu,T001,Surgeon,Rep_1,19,373466,2026-03-04,"Product Overview: ZEPATIER is used in Hepatitis C. Clinical discussion covered approved indications, patient eligibility, efficacy, safety, monitoring, treatment pathway, and physician education. Sales discussion included customer questions, objections, market access, competitor comparison, follow-up planning, CRM updates, scientific literature sharing, compliant promotion, and future engagement opportunities. Territory insights included prescription trends, customer behavior, business opportunities, formulary discussions, regional planning, call objectives, meeting outcomes, and action items. Product Overview: ZEPATIER is used in Hepatitis C. Clinical discussion covered approved indications, patient eligibility, efficacy, safety, monitoring, treatment pathway, and physician education. Sales discussion included customer questions, objections, market access, competitor comparison, follow-up planning, CRM updates, scientific literature sharing, compliant promotion, and future engagement opportunities. Territory insights included prescription trends, customer behavior, business opportunities, formulary discussions, regional planning, call objectives, meeting outcomes, and action items. Product Overview: ZEPATIER is used in Hepatitis C. Clinical discussion covered approved indications, patient eligibility, efficacy, safety, monitoring, treatment pathway, and physician education. Sales discussion included customer questions, objections, market access, competitor comparison, follow-up planning, CRM updates, scientific literature sharing, compliant promotion, and future engagement opportunities. Territory insights included prescription trends, customer behavior, business opportunities, formulary discussions, regional planning, call objectives, meeting outcomes, and action items. "
TXN00005,JANUVIA,Diabetes,Type 2 Diabetes,East,Maharashtra,T003,Surgeon,Rep_1,19,112496,2026-04-16,"Product Overview: JANUVIA is used in Type 2 Diabetes. Clinical discussion covered approved indications, patient eligibility, efficacy, safety, monitoring, treatment pathway, and physician education. Sales discussion included customer questions, objections, market access, competitor comparison, follow-up planning, CRM updates, scientific literature sharing, compliant promotion, and future engagement opportunities. Territory insights included prescription trends, customer behavior, business opportunities, formulary discussions, regional planning, call objectives, meeting outcomes, and action items. Product Overview: JANUVIA is used in Type 2 Diabetes. Clinical discussion covered approved indications, patient eligibility, efficacy, safety, monitoring, treatment pathway, and physician education. Sales discussion included customer questions, objections, market access, competitor comparison, follow-up planning, CRM updates, scientific literature sharing, compliant promotion, and future engagement opportunities. Territory insights included prescription trends, customer behavior, business opportunities, formulary discussions, regional planning, call objectives, meeting outcomes, and action items. Product Overview: JANUVIA is used in Type 2 Diabetes. Clinical discussion covered approved indications, patient eligibility, efficacy, safety, monitoring, treatment pathway, and physician education. Sales discussion included customer questions, objections, market access, competitor comparison, follow-up planning, CRM updates, scientific literature sharing, compliant promotion, and future engagement opportunities. Territory insights included prescription trends, customer behavior, business opportunities, formulary discussions, regional planning, call objectives, meeting outcomes, and action items. "
TXN00006,BRIDION,Hospital,Neuromuscular Blockade Reversal,East,Tamil Nadu,T003,Physician,Rep_3,10,310494,2026-03-23,"Product Overview: BRIDION is used in Neuromuscular Blockade Reversal. Clinical discussion covered approved indications, patient eligibility, efficacy, safety, monitoring, treatment pathway, and physician education. Sales discussion included customer questions, objections, market access, competitor comparison, follow-up planning, CRM updates, scientific literature sharing, compliant promotion, and future engagement opportunities. Territory insights included prescription trends, customer behavior, business opportunities, formulary discussions, regional planning, call objectives, meeting outcomes, and action items. Product Overview: BRIDION is used in Neuromuscular Blockade Reversal. Clinical discussion covered approved indications, patient eligibility, efficacy, safety, monitoring, treatment pathway, and physician education. Sales discussion included customer questions, objections, market access, competitor comparison, follow-up planning, CRM updates, scientific literature sharing, compliant promotion, and future engagement opportunities. Territory insights included prescription trends, customer behavior, business opportunities, formulary discussions, regional planning, call objectives, meeting outcomes, and action items. Product Overview: BRIDION is used in Neuromuscular Blockade Reversal. Clinical discussion covered approved indications, patient eligibility, efficacy, safety, monitoring, treatment pathway, and physician education. Sales discussion included customer questions, objections, market access, competitor comparison, follow-up planning, CRM updates, scientific literature sharing, compliant promotion, and future engagement opportunities. Territory insights included prescription trends, customer behavior, business opportunities, formulary discussions, regional planning, call objectives, meeting outcomes, and action items. "
TXN00007,ZEPATIER,Infectious Disease,Hepatitis C,North,Delhi,T003,Physician,Rep_3,15,351924,2026-02-04,"Product Overview: ZEPATIER is used in Hepatitis C. Clinical discussion covered approved indications, patient eligibility, efficacy, safety, monitoring, treatment pathway, and physician education. Sales discussion included customer questions, objections, market access, competitor comparison, follow-up planning, CRM updates, scientific literature sharing, compliant promotion, and future engagement opportunities. Territory insights included prescription trends, customer behavior, business opportunities, formulary discussions, regional planning, call objectives, meeting outcomes, and action items. Product Overview: ZEPATIER is used in Hepatitis C. Clinical discussion covered approved indications, patient eligibility, efficacy, safety, monitoring, treatment pathway, and physician education. Sales discussion included customer questions, objections, market access, competitor comparison, follow-up planning, CRM updates, scientific literature sharing, compliant promotion, and future engagement opportunities. Territory insights included prescription trends, customer behavior, business opportunities, formulary discussions, regional planning, call objectives, meeting outcomes, and action items. Product Overview: ZEPATIER is used in Hepatitis C. Clinical discussion covered approved indications, patient eligibility, efficacy, safety, monitoring, treatment pathway, and physician education. Sales discussion included customer questions, objections, market access, competitor comparison, follow-up planning, CRM updates, scientific literature sharing, compliant promotion, and future engagement opportunities. Territory insights included prescription trends, customer behavior, business opportunities, formulary discussions, regional planning, call objectives, meeting outcomes, and action items. "
TXN00008,JANUVIA,Diabetes,Type 2 Diabetes,South,Delhi,T001,Physician,Rep_4,2,750675,2026-02-25,"Product Overview: JANUVIA is used in Type 2 Diabetes. Clinical discussion covered approved indications, patient eligibility, efficacy, safety, monitoring, treatment pathway, and physician education. Sales discussion included customer questions, objections, market access, competitor comparison, follow-up planning, CRM updates, scientific literature sharing, compliant promotion, and future engagement opportunities. Territory insights included prescription trends, customer behavior, business opportunities, formulary discussions, regional planning, call objectives, meeting outcomes, and action items. Product Overview: JANUVIA is used in Type 2 Diabetes. Clinical discussion covered approved indications, patient eligibility, efficacy, safety, monitoring, treatment pathway, and physician education. Sales discussion included customer questions, objections, market access, competitor comparison, follow-up planning, CRM updates, scientific literature sharing, compliant promotion, and future engagement opportunities. Territory insights included prescription trends, customer behavior, business opportunities, formulary discussions, regional planning, call objectives, meeting outcomes, and action items. Product Overview: JANUVIA is used in Type 2 Diabetes. Clinical discussion covered approved indications, patient eligibility, efficacy, safety, monitoring, treatment pathway, and physician education. Sales discussion included customer questions, objections, market access, competitor comparison, follow-up planning, CRM updates, scientific literature sharing, compliant promotion, and future engagement opportunities. Territory insights included prescription trends, customer behavior, business opportunities, formulary discussions, regional planning, call objectives, meeting outcomes, and action items. "
TXN00009,JANUVIA,Diabetes,Type 2 Diabetes,East,Delhi,T003,Physician,Rep_5,15,122103,2026-02-09,"Product Overview: JANUVIA is used in Type 2 Diabetes. Clinical discussion covered approved indications, patient eligibility, efficacy, safety, monitoring, treatment pathway, and physician education. Sales discussion included customer questions, objections, market access, competitor comparison, follow-up planning, CRM updates, scientific literature sharing, compliant promotion, and future engagement opportunities. Territory insights included prescription trends, customer behavior, business opportunities, formulary discussions, regional planning, call objectives, meeting outcomes, and action items. Product Overview: JANUVIA is used in Type 2 Diabetes. Clinical discussion covered approved indications, patient eligibility, efficacy, safety, monitoring, treatment pathway, and physician education. Sales discussion included customer questions, objections, market access, competitor comparison, follow-up planning, CRM updates, scientific literature sharing, compliant promotion, and future engagement opportunities. Territory insights included prescription trends, customer behavior, business opportunities, formulary discussions, regional planning, call objectives, meeting outcomes, and action items. Product Overview: JANUVIA is used in Type 2 Diabetes. Clinical discussion covered approved indications, patient eligibility, efficacy, safety, monitoring, treatment pathway, and physician education. Sales discussion included customer questions, objections, market access, competitor comparison, follow-up planning, CRM updates, scientific literature sharing, compliant promotion, and future engagement opportunities. Territory insights included prescription trends, customer behavior, business opportunities, formulary discussions, regional planning, call objectives, meeting outcomes, and action items. "
TXN00010,PNEUMOVAX 23,Vaccines,Pneumococcal Disease,North,Delhi,T003,Surgeon,Rep_4,10,454531,2026-06-01,"Product Overview: PNEUMOVAX 23 is used in Pneumococcal Disease. Clinical discussion covered approved indications, patient eligibility, efficacy, safety, monitoring, treatment pathway, and physician education. Sales discussion included customer questions, objections, market access, competitor comparison, follow-up planning, CRM updates, scientific literature sharing, compliant promotion, and future engagement opportunities. Territory insights included prescription trends, customer behavior, business opportunities, formulary discussions, regional planning, call objectives, meeting outcomes, and action items. Product Overview: PNEUMOVAX 23 is used in Pneumococcal Disease. Clinical discussion covered approved indications, patient eligibility, efficacy, safety, monitoring, treatment pathway, and physician education. Sales discussion included customer questions, objections, market access, competitor comparison, follow-up planning, CRM updates, scientific literature sharing, compliant promotion, and future engagement opportunities. Territory insights included prescription trends, customer behavior, business opportunities, formulary discussions, regional planning, call objectives, meeting outcomes, and action items. Product Overview: PNEUMOVAX 23 is used in Pneumococcal Disease. Clinical discussion covered approved indications, patient eligibility, efficacy, safety, monitoring, treatment pathway, and physician education. Sales discussion included customer questions, objections, market access, competitor comparison, follow-up planning, CRM updates, scientific literature sharing, compliant promotion, and future engagement opportunities. Territory insights included prescription trends, customer behavior, business opportunities, formulary discussions, regional planning, call objectives, meeting outcomes, and action items. "
TXN00011,PNEUMOVAX 23,Vaccines,Pneumococcal Disease,South,Maharashtra,T002,Oncologist,Rep_2,10,185623,2026-04-13,"Product Overview: PNEUMOVAX 23 is used in Pneumococcal Disease. Clinical discussion covered approved indications, patient eligibility, efficacy, safety, monitoring, treatment pathway, and physician education. Sales discussion included customer questions, objections, market access, competitor comparison, follow-up planning, CRM updates, scientific literature sharing, compliant promotion, and future engagement opportunities. Territory insights included prescription trends, customer behavior, business opportunities, formulary discussions, regional planning, call objectives, meeting outcomes, and action items. Product Overview: PNEUMOVAX 23 is used in Pneumococcal Disease. Clinical discussion covered approved indications, patient eligibility, efficacy, safety, monitoring, treatment pathway, and physician education. Sales discussion included customer questions, objections, market access, competitor comparison, follow-up planning, CRM updates, scientific literature sharing, compliant promotion, and future engagement opportunities. Territory insights included prescription trends, customer behavior, business opportunities, formulary discussions, regional planning, call objectives, meeting outcomes, and action items. Product Overview: PNEUMOVAX 23 is used in Pneumococcal Disease. Clinical discussion covered approved indications, patient eligibility, efficacy, safety, monitoring, treatment pathway, and physician education. Sales discussion included customer questions, objections, market access, competitor comparison, follow-up planning, CRM updates, scientific literature sharing, compliant promotion, and future engagement opportunities. Territory insights included prescription trends, customer behavior, business opportunities, formulary discussions, regional planning, call objectives, meeting outcomes, and action items. "
TXN00012,PNEUMOVAX 23,Vaccines,Pneumococcal Disease,North,Karnataka,T002,Physician,Rep_5,9,193577,2026-07-28,"Product Overview: PNEUMOVAX 23 is used in Pneumococcal Disease. Clinical discussion covered approved indications, patient eligibility, efficacy, safety, monitoring, treatment pathway, and physician education. Sales discussion included customer questions, objections, market access, competitor comparison, follow-up planning, CRM updates, scientific literature sharing, compliant promotion, and future engagement opportunities. Territory insights included prescription trends, customer behavior, business opportunities, formulary discussions, regional planning, call objectives, meeting outcomes, and action items. Product Overview: PNEUMOVAX 23 is used in Pneumococcal Disease. Clinical discussion covered approved indications, patient eligibility, efficacy, safety, monitoring, treatment pathway, and physician education. Sales discussion included customer questions, objections, market access, competitor comparison, follow-up planning, CRM updates, scientific literature sharing, compliant promotion, and future engagement opportunities. Territory insights included prescription trends, customer behavior, business opportunities, formulary discussions, regional planning, call objectives, meeting outcomes, and action items. Product Overview: PNEUMOVAX 23 is used in Pneumococcal Disease. Clinical discussion covered approved indications, patient eligibility, efficacy, safety, monitoring, treatment pathway, and physician education. Sales discussion included customer questions, objections, market access, competitor comparison, follow-up planning, CRM updates, scientific literature sharing, compliant promotion, and future engagement opportunities. Territory insights included prescription trends, customer behavior, business opportunities, formulary discussions, regional planning, call objectives, meeting outcomes, and action items. "
TXN00013,JANUVIA,Diabetes,Type 2 Diabetes,West,Delhi,T003,Physician,Rep_2,5,137015,2026-03-05,"Product Overview: JANUVIA is used in Type 2 Diabetes. Clinical discussion covered approved indications, patient eligibility, efficacy, safety, monitoring, treatment pathway, and physician education. Sales discussion included customer questions, objections, market access, competitor comparison, follow-up planning, CRM updates, scientific literature sharing, compliant promotion, and future engagement opportunities. Territory insights included prescription trends, customer behavior, business opportunities, formulary discussions, regional planning, call objectives, meeting outcomes, and action items. Product Overview: JANUVIA is used in Type 2 Diabetes. Clinical discussion covered approved indications, patient eligibility, efficacy, safety, monitoring, treatment pathway, and physician education. Sales discussion included customer questions, objections, market access, competitor comparison, follow-up planning, CRM updates, scientific literature sharing, compliant promotion, and future engagement opportunities. Territory insights included prescription trends, customer behavior, business opportunities, formulary discussions, regional planning, call objectives, meeting outcomes, and action items. Product Overview: JANUVIA is used in Type 2 Diabetes. Clinical discussion covered approved indications, patient eligibility, efficacy, safety, monitoring, treatment pathway, and physician education. Sales discussion included customer questions, objections, market access, competitor comparison, follow-up planning, CRM updates, scientific literature sharing, compliant promotion, and future engagement opportunities. Territory insights included prescription trends, customer behavior, business opportunities, formulary discussions, regional planning, call objectives, meeting outcomes, and action items. "
TXN00014,WELIREG,Oncology,Renal Cell Carcinoma,North,Tamil Nadu,T003,Oncologist,Rep_3,10,54292,2026-03-14,"Product Overview: WELIREG is used in Renal Cell Carcinoma. Clinical discussion covered approved indications, patient eligibility, efficacy, safety, monitoring, treatment pathway, and physician education. Sales discussion included customer questions, objections, market access, competitor comparison, follow-up planning, CRM updates, scientific literature sharing, compliant promotion, and future engagement opportunities. Territory insights included prescription trends, customer behavior, business opportunities, formulary discussions, regional planning, call objectives, meeting outcomes, and action items. Product Overview: WELIREG is used in Renal Cell Carcinoma. Clinical discussion covered approved indications, patient eligibility, efficacy, safety, monitoring, treatment pathway, and physician education. Sales discussion included customer questions, objections, market access, competitor comparison, follow-up planning, CRM updates, scientific literature sharing, compliant promotion, and future engagement opportunities. Territory insights included prescription trends, customer behavior, business opportunities, formulary discussions, regional planning, call objectives, meeting outcomes, and action items. Product Overview: WELIREG is used in Renal Cell Carcinoma. Clinical discussion covered approved indications, patient eligibility, efficacy, safety, monitoring, treatment pathway, and physician education. Sales discussion included customer questions, objections, market access, competitor comparison, follow-up planning, CRM updates, scientific literature sharing, compliant promotion, and future engagement opportunities. Territory insights included prescription trends, customer behavior, business opportunities, formulary discussions, regional planning, call objectives, meeting outcomes, and action items. "
TXN00015,JANUVIA,Diabetes,Type 2 Diabetes,East,Karnataka,T003,Surgeon,Rep_5,2,528825,2026-07-13,"Product Overview: JANUVIA is used in Type 2 Diabetes. Clinical discussion covered approved indications, patient eligibility, efficacy, safety, monitoring, treatment pathway, and physician education. Sales discussion included customer questions, objections, market access, competitor comparison, follow-up planning, CRM updates, scientific literature sharing, compliant promotion, and future engagement opportunities. Territory insights included prescription trends, customer behavior, business opportunities, formulary discussions, regional planning, call objectives, meeting outcomes, and action items. Product Overview: JANUVIA is used in Type 2 Diabetes. Clinical discussion covered approved indications, patient eligibility, efficacy, safety, monitoring, treatment pathway, and physician education. Sales discussion included customer questions, objections, market access, competitor comparison, follow-up planning, CRM updates, scientific literature sharing, compliant promotion, and future engagement opportunities. Territory insights included prescription trends, customer behavior, business opportunities, formulary discussions, regional planning, call objectives, meeting outcomes, and action items. Product Overview: JANUVIA is used in Type 2 Diabetes. Clinical discussion covered approved indications, patient eligibility, efficacy, safety, monitoring, treatment pathway, and physician education. Sales discussion included customer questions, objections, market access, competitor comparison, follow-up planning, CRM updates, scientific literature sharing, compliant promotion, and future engagement opportunities. Territory insights included prescription trends, customer behavior, business opportunities, formulary discussions, regional planning, call objectives, meeting outcomes, and action items. "
TXN00016,PNEUMOVAX 23,Vaccines,Pneumococcal Disease,North,Tamil Nadu,T003,Physician,Rep_1,7,120619,2026-04-15,"Product Overview: PNEUMOVAX 23 is used in Pneumococcal Disease. Clinical discussion covered approved indications, patient eligibility, efficacy, safety, monitoring, treatment pathway, and physician education. Sales discussion included customer questions, objections, market access, competitor comparison, follow-up planning, CRM updates, scientific literature sharing, compliant promotion, and future engagement opportunities. Territory insights included prescription trends, customer behavior, business opportunities, formulary discussions, regional planning, call objectives, meeting outcomes, and action items. Product Overview: PNEUMOVAX 23 is used in Pneumococcal Disease. Clinical discussion covered approved indications, patient eligibility, efficacy, safety, monitoring, treatment pathway, and physician education. Sales discussion included customer questions, objections, market access, competitor comparison, follow-up planning, CRM updates, scientific literature sharing, compliant promotion, and future engagement opportunities. Territory insights included prescription trends, customer behavior, business opportunities, formulary discussions, regional planning, call objectives, meeting outcomes, and action items. Product Overview: PNEUMOVAX 23 is used in Pneumococcal Disease. Clinical discussion covered approved indications, patient eligibility, efficacy, safety, monitoring, treatment pathway, and physician education. Sales discussion included customer questions, objections, market access, competitor comparison, follow-up planning, CRM updates, scientific literature sharing, compliant promotion, and future engagement opportunities. Territory insights included prescription trends, customer behavior, business opportunities, formulary discussions, regional planning, call objectives, meeting outcomes, and action items. "
TXN00017,WELIREG,Oncology,Renal Cell Carcinoma,East,Maharashtra,T001,Oncologist,Rep_5,5,612685,2026-02-12,"Product Overview: WELIREG is used in Renal Cell Carcinoma. Clinical discussion covered approved indications, patient eligibility, efficacy, safety, monitoring, treatment pathway, and physician education. Sales discussion included customer questions, objections, market access, competitor comparison, follow-up planning, CRM updates, scientific literature sharing, compliant promotion, and future engagement opportunities. Territory insights included prescription trends, customer behavior, business opportunities, formulary discussions, regional planning, call objectives, meeting outcomes, and action items. Product Overview: WELIREG is used in Renal Cell Carcinoma. Clinical discussion covered approved indications, patient eligibility, efficacy, safety, monitoring, treatment pathway, and physician education. Sales discussion included customer questions, objections, market access, competitor comparison, follow-up planning, CRM updates, scientific literature sharing, compliant promotion, and future engagement opportunities. Territory insights included prescription trends, customer behavior, business opportunities, formulary discussions, regional planning, call objectives, meeting outcomes, and action items. Product Overview: WELIREG is used in Renal Cell Carcinoma. Clinical discussion covered approved indications, patient eligibility, efficacy, safety, monitoring, treatment pathway, and physician education. Sales discussion included customer questions, objections, market access, competitor comparison, follow-up planning, CRM updates, scientific literature sharing, compliant promotion, and future engagement opportunities. Territory insights included prescription trends, customer behavior, business opportunities, formulary discussions, regional planning, call objectives, meeting outcomes, and action items. "
TXN00018,JANUVIA,Diabetes,Type 2 Diabetes,North,Karnataka,T003,Physician,Rep_2,9,414264,2026-06-16,"Product Overview: JANUVIA is used in Type 2 Diabetes. Clinical discussion covered approved indications, patient eligibility, efficacy, safety, monitoring, treatment pathway, and physician education. Sales discussion included customer questions, objections, market access, competitor comparison, follow-up planning, CRM updates, scientific literature sharing, compliant promotion, and future engagement opportunities. Territory insights included prescription trends, customer behavior, business opportunities, formulary discussions, regional planning, call objectives, meeting outcomes, and action items. Product Overview: JANUVIA is used in Type 2 Diabetes. Clinical discussion covered approved indications, patient eligibility, efficacy, safety, monitoring, treatment pathway, and physician education. Sales discussion included customer questions, objections, market access, competitor comparison, follow-up planning, CRM updates, scientific literature sharing, compliant promotion, and future engagement opportunities. Territory insights included prescription trends, customer behavior, business opportunities, formulary discussions, regional planning, call objectives, meeting outcomes, and action items. Product Overview: JANUVIA is used in Type 2 Diabetes. Clinical discussion covered approved indications, patient eligibility, efficacy, safety, monitoring, treatment pathway, and physician education. Sales discussion included customer questions, objections, market access, competitor comparison, follow-up planning, CRM updates, scientific literature sharing, compliant promotion, and future engagement opportunities. Territory insights included prescription trends, customer behavior, business opportunities, formulary discussions, regional planning, call objectives, meeting outcomes, and action items. "
TXN00019,KEYTRUDA,Oncology,NSCLC,West,Tamil Nadu,T002,Physician,Rep_3,3,201118,2026-02-24,"Product Overview: KEYTRUDA is used in NSCLC. Clinical discussion covered approved indications, patient eligibility, efficacy, safety, monitoring, treatment pathway, and physician education. Sales discussion included customer questions, objections, market access, competitor comparison, follow-up planning, CRM updates, scientific literature sharing, compliant promotion, and future engagement opportunities. Territory insights included prescription trends, customer behavior, business opportunities, formulary discussions, regional planning, call objectives, meeting outcomes, and action items. Product Overview: KEYTRUDA is used in NSCLC. Clinical discussion covered approved indications, patient eligibility, efficacy, safety, monitoring, treatment pathway, and physician education. Sales discussion included customer questions, objections, market access, competitor comparison, follow-up planning, CRM updates, scientific literature sharing, compliant promotion, and future engagement opportunities. Territory insights included prescription trends, customer behavior, business opportunities, formulary discussions, regional planning, call objectives, meeting outcomes, and action items. Product Overview: KEYTRUDA is used in NSCLC. Clinical discussion covered approved indications, patient eligibility, efficacy, safety, monitoring, treatment pathway, and physician education. Sales discussion included customer questions, objections, market access, competitor comparison, follow-up planning, CRM updates, scientific literature sharing, compliant promotion, and future engagement opportunities. Territory insights included prescription trends, customer behavior, business opportunities, formulary discussions, regional planning, call objectives, meeting outcomes, and action items. "
TXN00020,GARDASIL 9,Vaccines,HPV Prevention,West,Karnataka,T003,Oncologist,Rep_2,17,429324,2026-03-23,"Product Overview: GARDASIL 9 is used in HPV Prevention. Clinical discussion covered approved indications, patient eligibility, efficacy, safety, monitoring, treatment pathway, and physician education. Sales discussion included customer questions, objections, market access, competitor comparison, follow-up planning, CRM updates, scientific literature sharing, compliant promotion, and future engagement opportunities. Territory insights included prescription trends, customer behavior, business opportunities, formulary discussions, regional planning, call objectives, meeting outcomes, and action items. Product Overview: GARDASIL 9 is used in HPV Prevention. Clinical discussion covered approved indications, patient eligibility, efficacy, safety, monitoring, treatment pathway, and physician education. Sales discussion included customer questions, objections, market access, competitor comparison, follow-up planning, CRM updates, scientific literature sharing, compliant promotion, and future engagement opportunities. Territory insights included prescription trends, customer behavior, business opportunities, formulary discussions, regional planning, call objectives, meeting outcomes, and action items. Product Overview: GARDASIL 9 is used in HPV Prevention. Clinical discussion covered approved indications, patient eligibility, efficacy, safety, monitoring, treatment pathway, and physician education. Sales discussion included customer questions, objections, market access, competitor comparison, follow-up planning, CRM updates, scientific literature sharing, compliant promotion, and future engagement opportunities. Territory insights included prescription trends, customer behavior, business opportunities, formulary discussions, regional planning, call objectives, meeting outcomes, and action items. "
TXN00021,JANUVIA,Diabetes,Type 2 Diabetes,East,Maharashtra,T003,Physician,Rep_5,12,225156,2026-06-25,"Product Overview: JANUVIA is used in Type 2 Diabetes. Clinical discussion covered approved indications, patient eligibility, efficacy, safety, monitoring, treatment pathway, and physician education. Sales discussion included customer questions, objections, market access, competitor comparison, follow-up planning, CRM updates, scientific literature sharing, compliant promotion, and future engagement opportunities. Territory insights included prescription trends, customer behavior, business opportunities, formulary discussions, regional planning, call objectives, meeting outcomes, and action items. Product Overview: JANUVIA is used in Type 2 Diabetes. Clinical discussion covered approved indications, patient eligibility, efficacy, safety, monitoring, treatment pathway, and physician education. Sales discussion included customer questions, objections, market access, competitor comparison, follow-up planning, CRM updates, scientific literature sharing, compliant promotion, and future engagement opportunities. Territory insights included prescription trends, customer behavior, business opportunities, formulary discussions, regional planning, call objectives, meeting outcomes, and action items. Product Overview: JANUVIA is used in Type 2 Diabetes. Clinical discussion covered approved indications, patient eligibility, efficacy, safety, monitoring, treatment pathway, and physician education. Sales discussion included customer questions, objections, market access, competitor comparison, follow-up planning, CRM updates, scientific literature sharing, compliant promotion, and future engagement opportunities. Territory insights included prescription trends, customer behavior, business opportunities, formulary discussions, regional planning, call objectives, meeting outcomes, and action items. "
TXN00022,WELIREG,Oncology,VHL Disease,South,Karnataka,T001,Physician,Rep_2,7,592783,2026-08-12,"Product Overview: WELIREG is used in VHL Disease. Clinical discussion covered approved indications, patient eligibility, efficacy, safety, monitoring, treatment pathway, and physician education. Sales discussion included customer questions, objections, market access, competitor comparison, follow-up planning, CRM updates, scientific literature sharing, compliant promotion, and future engagement opportunities. Territory insights included prescription trends, customer behavior, business opportunities, formulary discussions, regional planning, call objectives, meeting outcomes, and action items. Product Overview: WELIREG is used in VHL Disease. Clinical discussion covered approved indications, patient eligibility, efficacy, safety, monitoring, treatment pathway, and physician education. Sales discussion included customer questions, objections, market access, competitor comparison, follow-up planning, CRM updates, scientific literature sharing, compliant promotion, and future engagement opportunities. Territory insights included prescription trends, customer behavior, business opportunities, formulary discussions, regional planning, call objectives, meeting outcomes, and action items. Product Overview: WELIREG is used in VHL Disease. Clinical discussion covered approved indications, patient eligibility, efficacy, safety, monitoring, treatment pathway, and physician education. Sales discussion included customer questions, objections, market access, competitor comparison, follow-up planning, CRM updates, scientific literature sharing, compliant promotion, and future engagement opportunities. Territory insights included prescription trends, customer behavior, business opportunities, formulary discussions, regional planning, call objectives, meeting outcomes, and action items. "
TXN00023,BRIDION,Hospital,Neuromuscular Blockade Reversal,North,Delhi,T002,Physician,Rep_2,20,411004,2026-08-26,"Product Overview: BRIDION is used in Neuromuscular Blockade Reversal. Clinical discussion covered approved indications, patient eligibility, efficacy, safety, monitoring, treatment pathway, and physician education. Sales discussion included customer questions, objections, market access, competitor comparison, follow-up planning, CRM updates, scientific literature sharing, compliant promotion, and future engagement opportunities. Territory insights included prescription trends, customer behavior, business opportunities, formulary discussions, regional planning, call objectives, meeting outcomes, and action items. Product Overview: BRIDION is used in Neuromuscular Blockade Reversal. Clinical discussion covered approved indications, patient eligibility, efficacy, safety, monitoring, treatment pathway, and physician education. Sales discussion included customer questions, objections, market access, competitor comparison, follow-up planning, CRM updates, scientific literature sharing, compliant promotion, and future engagement opportunities. Territory insights included prescription trends, customer behavior, business opportunities, formulary discussions, regional planning, call objectives, meeting outcomes, and action items. Product Overview: BRIDION is used in Neuromuscular Blockade Reversal. Clinical discussion covered approved indications, patient eligibility, efficacy, safety, monitoring, treatment pathway, and physician education. Sales discussion included customer questions, objections, market access, competitor comparison, follow-up planning, CRM updates, scientific literature sharing, compliant promotion, and future engagement opportunities. Territory insights included prescription trends, customer behavior, business opportunities, formulary discussions, regional planning, call objectives, meeting outcomes, and action items. "
TXN00024,BRIDION,Hospital,Neuromuscular Blockade Reversal,East,Maharashtra,T001,Oncologist,Rep_2,16,256261,2026-06-07,"Product Overview: BRIDION is used in Neuromuscular Blockade Reversal. Clinical discussion covered approved indications, patient eligibility, efficacy, safety, monitoring, treatment pathway, and physician education. Sales discussion included customer questions, objections, market access, competitor comparison, follow-up planning, CRM updates, scientific literature sharing, compliant promotion, and future engagement opportunities. Territory insights included prescription trends, customer behavior, business opportunities, formulary discussions, regional planning, call objectives, meeting outcomes, and action items. Product Overview: BRIDION is used in Neuromuscular Blockade Reversal. Clinical discussion covered approved indications, patient eligibility, efficacy, safety, monitoring, treatment pathway, and physician education. Sales discussion included customer questions, objections, market access, competitor comparison, follow-up planning, CRM updates, scientific literature sharing, compliant promotion, and future engagement opportunities. Territory insights included prescription trends, customer behavior, business opportunities, formulary discussions, regional planning, call objectives, meeting outcomes, and action items. Product Overview: BRIDION is used in Neuromuscular Blockade Reversal. Clinical discussion covered approved indications, patient eligibility, efficacy, safety, monitoring, treatment pathway, and physician education. Sales discussion included customer questions, objections, market access, competitor comparison, follow-up planning, CRM updates, scientific literature sharing, compliant promotion, and future engagement opportunities. Territory insights included prescription trends, customer behavior, business opportunities, formulary discussions, regional planning, call objectives, meeting outcomes, and action items. "
TXN00025,PNEUMOVAX 23,Vaccines,Pneumococcal Disease,West,Delhi,T003,Oncologist,Rep_1,13,796054,2026-04-16,"Product Overview: PNEUMOVAX 23 is used in Pneumococcal Disease. Clinical discussion covered approved indications, patient eligibility, efficacy, safety, monitoring, treatment pathway, and physician education. Sales discussion included customer questions, objections, market access, competitor comparison, follow-up planning, CRM updates, scientific literature sharing, compliant promotion, and future engagement opportunities. Territory insights included prescription trends, customer behavior, business opportunities, formulary discussions, regional planning, call objectives, meeting outcomes, and action items. Product Overview: PNEUMOVAX 23 is used in Pneumococcal Disease. Clinical discussion covered approved indications, patient eligibility, efficacy, safety, monitoring, treatment pathway, and physician education. Sales discussion included customer questions, objections, market access, competitor comparison, follow-up planning, CRM updates, scientific literature sharing, compliant promotion, and future engagement opportunities. Territory insights included prescription trends, customer behavior, business opportunities, formulary discussions, regional planning, call objectives, meeting outcomes, and action items. Product Overview: PNEUMOVAX 23 is used in Pneumococcal Disease. Clinical discussion covered approved indications, patient eligibility, efficacy, safety, monitoring, treatment pathway, and physician education. Sales discussion included customer questions, objections, market access, competitor comparison, follow-up planning, CRM updates, scientific literature sharing, compliant promotion, and future engagement opportunities. Territory insights included prescription trends, customer behavior, business opportunities, formulary discussions, regional planning, call objectives, meeting outcomes, and action items. "
TXN00026,WELIREG,Oncology,VHL Disease,East,Maharashtra,T003,Physician,Rep_4,13,139044,2026-03-06,"Product Overview: WELIREG is used in VHL Disease. Clinical discussion covered approved indications, patient eligibility, efficacy, safety, monitoring, treatment pathway, and physician education. Sales discussion included customer questions, objections, market access, competitor comparison, follow-up planning, CRM updates, scientific literature sharing, compliant promotion, and future engagement opportunities. Territory insights included prescription trends, customer behavior, business opportunities, formulary discussions, regional planning, call objectives, meeting outcomes, and action items. Product Overview: WELIREG is used in VHL Disease. Clinical discussion covered approved indications, patient eligibility, efficacy, safety, monitoring, treatment pathway, and physician education. Sales discussion included customer questions, objections, market access, competitor comparison, follow-up planning, CRM updates, scientific literature sharing, compliant promotion, and future engagement opportunities. Territory insights included prescription trends, customer behavior, business opportunities, formulary discussions, regional planning, call objectives, meeting outcomes, and action items. Product Overview: WELIREG is used in VHL Disease. Clinical discussion covered approved indications, patient eligibility, efficacy, safety, monitoring, treatment pathway, and physician education. Sales discussion included customer questions, objections, market access, competitor comparison, follow-up planning, CRM updates, scientific literature sharing, compliant promotion, and future engagement opportunities. Territory insights included prescription trends, customer behavior, business opportunities, formulary discussions, regional planning, call objectives, meeting outcomes, and action items. "
TXN00027,WELIREG,Oncology,Renal Cell Carcinoma,South,Tamil Nadu,T003,Oncologist,Rep_5,20,547399,2026-06-05,"Product Overview: WELIREG is used in Renal Cell Carcinoma. Clinical discussion covered approved indications, patient eligibility, efficacy, safety, monitoring, treatment pathway, and physician education. Sales discussion included customer questions, objections, market access, competitor comparison, follow-up planning, CRM updates, scientific literature sharing, compliant promotion, and future engagement opportunities. Territory insights included prescription trends, customer behavior, business opportunities, formulary discussions, regional planning, call objectives, meeting outcomes, and action items. Product Overview: WELIREG is used in Renal Cell Carcinoma. Clinical discussion covered approved indications, patient eligibility, efficacy, safety, monitoring, treatment pathway, and physician education. Sales discussion included customer questions, objections, market access, competitor comparison, follow-up planning, CRM updates, scientific literature sharing, compliant promotion, and future engagement opportunities. Territory insights included prescription trends, customer behavior, business opportunities, formulary discussions, regional planning, call objectives, meeting outcomes, and action items. Product Overview: WELIREG is used in Renal Cell Carcinoma. Clinical discussion covered approved indications, patient eligibility, efficacy, safety, monitoring, treatment pathway, and physician education. Sales discussion included customer questions, objections, market access, competitor comparison, follow-up planning, CRM updates, scientific literature sharing, compliant promotion, and future engagement opportunities. Territory insights included prescription trends, customer behavior, business opportunities, formulary discussions, regional planning, call objectives, meeting outcomes, and action items. "
TXN00028,JANUVIA,Diabetes,Type 2 Diabetes,North,Maharashtra,T003,Surgeon,Rep_1,17,196014,2026-07-28,"Product Overview: JANUVIA is used in Type 2 Diabetes. Clinical discussion covered approved indications, patient eligibility, efficacy, safety, monitoring, treatment pathway, and physician education. Sales discussion included customer questions, objections, market access, competitor comparison, follow-up planning, CRM updates, scientific literature sharing, compliant promotion, and future engagement opportunities. Territory insights included prescription trends, customer behavior, business opportunities, formulary discussions, regional planning, call objectives, meeting outcomes, and action items. Product Overview: JANUVIA is used in Type 2 Diabetes. Clinical discussion covered approved indications, patient eligibility, efficacy, safety, monitoring, treatment pathway, and physician education. Sales discussion included customer questions, objections, market access, competitor comparison, follow-up planning, CRM updates, scientific literature sharing, compliant promotion, and future engagement opportunities. Territory insights included prescription trends, customer behavior, business opportunities, formulary discussions, regional planning, call objectives, meeting outcomes, and action items. Product Overview: JANUVIA is used in Type 2 Diabetes. Clinical discussion covered approved indications, patient eligibility, efficacy, safety, monitoring, treatment pathway, and physician education. Sales discussion included customer questions, objections, market access, competitor comparison, follow-up planning, CRM updates, scientific literature sharing, compliant promotion, and future engagement opportunities. Territory insights included prescription trends, customer behavior, business opportunities, formulary discussions, regional planning, call objectives, meeting outcomes, and action items. "
TXN00029,WELIREG,Oncology,Renal Cell Carcinoma,North,Delhi,T001,Physician,Rep_5,8,664923,2026-06-09,"Product Overview: WELIREG is used in Renal Cell Carcinoma. Clinical discussion covered approved indications, patient eligibility, efficacy, safety, monitoring, treatment pathway, and physician education. Sales discussion included customer questions, objections, market access, competitor comparison, follow-up planning, CRM updates, scientific literature sharing, compliant promotion, and future engagement opportunities. Territory insights included prescription trends, customer behavior, business opportunities, formulary discussions, regional planning, call objectives, meeting outcomes, and action items. Product Overview: WELIREG is used in Renal Cell Carcinoma. Clinical discussion covered approved indications, patient eligibility, efficacy, safety, monitoring, treatment pathway, and physician education. Sales discussion included customer questions, objections, market access, competitor comparison, follow-up planning, CRM updates, scientific literature sharing, compliant promotion, and future engagement opportunities. Territory insights included prescription trends, customer behavior, business opportunities, formulary discussions, regional planning, call objectives, meeting outcomes, and action items. Product Overview: WELIREG is used in Renal Cell Carcinoma. Clinical discussion covered approved indications, patient eligibility, efficacy, safety, monitoring, treatment pathway, and physician education. Sales discussion included customer questions, objections, market access, competitor comparison, follow-up planning, CRM updates, scientific literature sharing, compliant promotion, and future engagement opportunities. Territory insights included prescription trends, customer behavior, business opportunities, formulary discussions, regional planning, call objectives, meeting outcomes, and action items. "
TXN00030,JANUVIA,Diabetes,Type 2 Diabetes,South,Maharashtra,T003,Physician,Rep_4,19,591863,2026-07-27,"Product Overview: JANUVIA is used in Type 2 Diabetes. Clinical discussion covered approved indications, patient eligibility, efficacy, safety, monitoring, treatment pathway, and physician education. Sales discussion included customer questions, objections, market access, competitor comparison, follow-up planning, CRM updates, scientific literature sharing, compliant promotion, and future engagement opportunities. Territory insights included prescription trends, customer behavior, business opportunities, formulary discussions, regional planning, call objectives, meeting outcomes, and action items. Product Overview: JANUVIA is used in Type 2 Diabetes. Clinical discussion covered approved indications, patient eligibility, efficacy, safety, monitoring, treatment pathway, and physician education. Sales discussion included customer questions, objections, market access, competitor comparison, follow-up planning, CRM updates, scientific literature sharing, compliant promotion, and future engagement opportunities. Territory insights included prescription trends, customer behavior, business opportunities, formulary discussions, regional planning, call objectives, meeting outcomes, and action items. Product Overview: JANUVIA is used in Type 2 Diabetes. Clinical discussion covered approved indications, patient eligibility, efficacy, safety, monitoring, treatment pathway, and physician education. Sales discussion included customer questions, objections, market access, competitor comparison, follow-up planning, CRM updates, scientific literature sharing, compliant promotion, and future engagement opportunities. Territory insights included prescription trends, customer behavior, business opportunities, formulary discussions, regional planning, call objectives, meeting outcomes, and action items. "
TXN00031,JANUVIA,Diabetes,Type 2 Diabetes,South,Maharashtra,T002,Oncologist,Rep_5,1,207079,2026-03-05,"Product Overview: JANUVIA is used in Type 2 Diabetes. Clinical discussion covered approved indications, patient eligibility, efficacy, safety, monitoring, treatment pathway, and physician education. Sales discussion included customer questions, objections, market access, competitor comparison, follow-up planning, CRM updates, scientific literature sharing, compliant promotion, and future engagement opportunities. Territory insights included prescription trends, customer behavior, business opportunities, formulary discussions, regional planning, call objectives, meeting outcomes, and action items. Product Overview: JANUVIA is used in Type 2 Diabetes. Clinical discussion covered approved indications, patient eligibility, efficacy, safety, monitoring, treatment pathway, and physician education. Sales discussion included customer questions, objections, market access, competitor comparison, follow-up planning, CRM updates, scientific literature sharing, compliant promotion, and future engagement opportunities. Territory insights included prescription trends, customer behavior, business opportunities, formulary discussions, regional planning, call objectives, meeting outcomes, and action items. Product Overview: JANUVIA is used in Type 2 Diabetes. Clinical discussion covered approved indications, patient eligibility, efficacy, safety, monitoring, treatment pathway, and physician education. Sales discussion included customer questions, objections, market access, competitor comparison, follow-up planning, CRM updates, scientific literature sharing, compliant promotion, and future engagement opportunities. Territory insights included prescription trends, customer behavior, business opportunities, formulary discussions, regional planning, call objectives, meeting outcomes, and action items. "
TXN00032,PNEUMOVAX 23,Vaccines,Pneumococcal Disease,North,Delhi,T003,Surgeon,Rep_5,18,555924,2026-02-18,"Product Overview: PNEUMOVAX 23 is used in Pneumococcal Disease. Clinical discussion covered approved indications, patient eligibility, efficacy, safety, monitoring, treatment pathway, and physician education. Sales discussion included customer questions, objections, market access, competitor comparison, follow-up planning, CRM updates, scientific literature sharing, compliant promotion, and future engagement opportunities. Territory insights included prescription trends, customer behavior, business opportunities, formulary discussions, regional planning, call objectives, meeting outcomes, and action items. Product Overview: PNEUMOVAX 23 is used in Pneumococcal Disease. Clinical discussion covered approved indications, patient eligibility, efficacy, safety, monitoring, treatment pathway, and physician education. Sales discussion included customer questions, objections, market access, competitor comparison, follow-up planning, CRM updates, scientific literature sharing, compliant promotion, and future engagement opportunities. Territory insights included prescription trends, customer behavior, business opportunities, formulary discussions, regional planning, call objectives, meeting outcomes, and action items. Product Overview: PNEUMOVAX 23 is used in Pneumococcal Disease. Clinical discussion covered approved indications, patient eligibility, efficacy, safety, monitoring, treatment pathway, and physician education. Sales discussion included customer questions, objections, market access, competitor comparison, follow-up planning, CRM updates, scientific literature sharing, compliant promotion, and future engagement opportunities. Territory insights included prescription trends, customer behavior, business opportunities, formulary discussions, regional planning, call objectives, meeting outcomes, and action items. "
TXN00033,KEYTRUDA,Oncology,NSCLC,South,Delhi,T001,Oncologist,Rep_5,15,639015,2026-01-25,"Product Overview: KEYTRUDA is used in NSCLC. Clinical discussion covered approved indications, patient eligibility, efficacy, safety, monitoring, treatment pathway, and physician education. Sales discussion included customer questions, objections, market access, competitor comparison, follow-up planning, CRM updates, scientific literature sharing, compliant promotion, and future engagement opportunities. Territory insights included prescription trends, customer behavior, business opportunities, formulary discussions, regional planning, call objectives, meeting outcomes, and action items. Product Overview: KEYTRUDA is used in NSCLC. Clinical discussion covered approved indications, patient eligibility, efficacy, safety, monitoring, treatment pathway, and physician education. Sales discussion included customer questions, objections, market access, competitor comparison, follow-up planning, CRM updates, scientific literature sharing, compliant promotion, and future engagement opportunities. Territory insights included prescription trends, customer behavior, business opportunities, formulary discussions, regional planning, call objectives, meeting outcomes, and action items. Product Overview: KEYTRUDA is used in NSCLC. Clinical discussion covered approved indications, patient eligibility, efficacy, safety, monitoring, treatment pathway, and physician education. Sales discussion included customer questions, objections, market access, competitor comparison, follow-up planning, CRM updates, scientific literature sharing, compliant promotion, and future engagement opportunities. Territory insights included prescription trends, customer behavior, business opportunities, formulary discussions, regional planning, call objectives, meeting outcomes, and action items. "
TXN00034,KEYTRUDA,Oncology,Melanoma,East,Karnataka,T003,Physician,Rep_4,17,609190,2026-08-17,"Product Overview: KEYTRUDA is used in Melanoma. Clinical discussion covered approved indications, patient eligibility, efficacy, safety, monitoring, treatment pathway, and physician education. Sales discussion included customer questions, objections, market access, competitor comparison, follow-up planning, CRM updates, scientific literature sharing, compliant promotion, and future engagement opportunities. Territory insights included prescription trends, customer behavior, business opportunities, formulary discussions, regional planning, call objectives, meeting outcomes, and action items. Product Overview: KEYTRUDA is used in Melanoma. Clinical discussion covered approved indications, patient eligibility, efficacy, safety, monitoring, treatment pathway, and physician education. Sales discussion included customer questions, objections, market access, competitor comparison, follow-up planning, CRM updates, scientific literature sharing, compliant promotion, and future engagement opportunities. Territory insights included prescription trends, customer behavior, business opportunities, formulary discussions, regional planning, call objectives, meeting outcomes, and action items. Product Overview: KEYTRUDA is used in Melanoma. Clinical discussion covered approved indications, patient eligibility, efficacy, safety, monitoring, treatment pathway, and physician education. Sales discussion included customer questions, objections, market access, competitor comparison, follow-up planning, CRM updates, scientific literature sharing, compliant promotion, and future engagement opportunities. Territory insights included prescription trends, customer behavior, business opportunities, formulary discussions, regional planning, call objectives, meeting outcomes, and action items. "
TXN00035,WELIREG,Oncology,VHL Disease,South,Tamil Nadu,T001,Physician,Rep_1,13,513594,2026-06-03,"Product Overview: WELIREG is used in VHL Disease. Clinical discussion covered approved indications, patient eligibility, efficacy, safety, monitoring, treatment pathway, and physician education. Sales discussion included customer questions, objections, market access, competitor comparison, follow-up planning, CRM updates, scientific literature sharing, compliant promotion, and future engagement opportunities. Territory insights included prescription trends, customer behavior, business opportunities, formulary discussions, regional planning, call objectives, meeting outcomes, and action items. Product Overview: WELIREG is used in VHL Disease. Clinical discussion covered approved indications, patient eligibility, efficacy, safety, monitoring, treatment pathway, and physician education. Sales discussion included customer questions, objections, market access, competitor comparison, follow-up planning, CRM updates, scientific literature sharing, compliant promotion, and future engagement opportunities. Territory insights included prescription trends, customer behavior, business opportunities, formulary discussions, regional planning, call objectives, meeting outcomes, and action items. Product Overview: WELIREG is used in VHL Disease. Clinical discussion covered approved indications, patient eligibility, efficacy, safety, monitoring, treatment pathway, and physician education. Sales discussion included customer questions, objections, market access, competitor comparison, follow-up planning, CRM updates, scientific literature sharing, compliant promotion, and future engagement opportunities. Territory insights included prescription trends, customer behavior, business opportunities, formulary discussions, regional planning, call objectives, meeting outcomes, and action items. "
TXN00036,BRIDION,Hospital,Neuromuscular Blockade Reversal,West,Maharashtra,T001,Surgeon,Rep_3,4,211949,2026-06-05,"Product Overview: BRIDION is used in Neuromuscular Blockade Reversal. Clinical discussion covered approved indications, patient eligibility, efficacy, safety, monitoring, treatment pathway, and physician education. Sales discussion included customer questions, objections, market access, competitor comparison, follow-up planning, CRM updates, scientific literature sharing, compliant promotion, and future engagement opportunities. Territory insights included prescription trends, customer behavior, business opportunities, formulary discussions, regional planning, call objectives, meeting outcomes, and action items. Product Overview: BRIDION is used in Neuromuscular Blockade Reversal. Clinical discussion covered approved indications, patient eligibility, efficacy, safety, monitoring, treatment pathway, and physician education. Sales discussion included customer questions, objections, market access, competitor comparison, follow-up planning, CRM updates, scientific literature sharing, compliant promotion, and future engagement opportunities. Territory insights included prescription trends, customer behavior, business opportunities, formulary discussions, regional planning, call objectives, meeting outcomes, and action items. Product Overview: BRIDION is used in Neuromuscular Blockade Reversal. Clinical discussion covered approved indications, patient eligibility, efficacy, safety, monitoring, treatment pathway, and physician education. Sales discussion included customer questions, objections, market access, competitor comparison, follow-up planning, CRM updates, scientific literature sharing, compliant promotion, and future engagement opportunities. Territory insights included prescription trends, customer behavior, business opportunities, formulary discussions, regional planning, call objectives, meeting outcomes, and action items. "
TXN00037,GARDASIL 9,Vaccines,HPV Prevention,West,Karnataka,T003,Oncologist,Rep_4,16,220703,2026-04-06,"Product Overview: GARDASIL 9 is used in HPV Prevention. Clinical discussion covered approved indications, patient eligibility, efficacy, safety, monitoring, treatment pathway, and physician education. Sales discussion included customer questions, objections, market access, competitor comparison, follow-up planning, CRM updates, scientific literature sharing, compliant promotion, and future engagement opportunities. Territory insights included prescription trends, customer behavior, business opportunities, formulary discussions, regional planning, call objectives, meeting outcomes, and action items. Product Overview: GARDASIL 9 is used in HPV Prevention. Clinical discussion covered approved indications, patient eligibility, efficacy, safety, monitoring, treatment pathway, and physician education. Sales discussion included customer questions, objections, market access, competitor comparison, follow-up planning, CRM updates, scientific literature sharing, compliant promotion, and future engagement opportunities. Territory insights included prescription trends, customer behavior, business opportunities, formulary discussions, regional planning, call objectives, meeting outcomes, and action items. Product Overview: GARDASIL 9 is used in HPV Prevention. Clinical discussion covered approved indications, patient eligibility, efficacy, safety, monitoring, treatment pathway, and physician education. Sales discussion included customer questions, objections, market access, competitor comparison, follow-up planning, CRM updates, scientific literature sharing, compliant promotion, and future engagement opportunities. Territory insights included prescription trends, customer behavior, business opportunities, formulary discussions, regional planning, call objectives, meeting outcomes, and action items. "
TXN00038,BRIDION,Hospital,Neuromuscular Blockade Reversal,West,Delhi,T002,Oncologist,Rep_3,11,146672,2026-06-01,"Product Overview: BRIDION is used in Neuromuscular Blockade Reversal. Clinical discussion covered approved indications, patient eligibility, efficacy, safety, monitoring, treatment pathway, and physician education. Sales discussion included customer questions, objections, market access, competitor comparison, follow-up planning, CRM updates, scientific literature sharing, compliant promotion, and future engagement opportunities. Territory insights included prescription trends, customer behavior, business opportunities, formulary discussions, regional planning, call objectives, meeting outcomes, and action items. Product Overview: BRIDION is used in Neuromuscular Blockade Reversal. Clinical discussion covered approved indications, patient eligibility, efficacy, safety, monitoring, treatment pathway, and physician education. Sales discussion included customer questions, objections, market access, competitor comparison, follow-up planning, CRM updates, scientific literature sharing, compliant promotion, and future engagement opportunities. Territory insights included prescription trends, customer behavior, business opportunities, formulary discussions, regional planning, call objectives, meeting outcomes, and action items. Product Overview: BRIDION is used in Neuromuscular Blockade Reversal. Clinical discussion covered approved indications, patient eligibility, efficacy, safety, monitoring, treatment pathway, and physician education. Sales discussion included customer questions, objections, market access, competitor comparison, follow-up planning, CRM updates, scientific literature sharing, compliant promotion, and future engagement opportunities. Territory insights included prescription trends, customer behavior, business opportunities, formulary discussions, regional planning, call objectives, meeting outcomes, and action items. "
TXN00039,GARDASIL 9,Vaccines,HPV Prevention,West,Maharashtra,T002,Physician,Rep_5,20,359806,2026-02-04,"Product Overview: GARDASIL 9 is used in HPV Prevention. Clinical discussion covered approved indications, patient eligibility, efficacy, safety, monitoring, treatment pathway, and physician education. Sales discussion included customer questions, objections, market access, competitor comparison, follow-up planning, CRM updates, scientific literature sharing, compliant promotion, and future engagement opportunities. Territory insights included prescription trends, customer behavior, business opportunities, formulary discussions, regional planning, call objectives, meeting outcomes, and action items. Product Overview: GARDASIL 9 is used in HPV Prevention. Clinical discussion covered approved indications, patient eligibility, efficacy, safety, monitoring, treatment pathway, and physician education. Sales discussion included customer questions, objections, market access, competitor comparison, follow-up planning, CRM updates, scientific literature sharing, compliant promotion, and future engagement opportunities. Territory insights included prescription trends, customer behavior, business opportunities, formulary discussions, regional planning, call objectives, meeting outcomes, and action items. Product Overview: GARDASIL 9 is used in HPV Prevention. Clinical discussion covered approved indications, patient eligibility, efficacy, safety, monitoring, treatment pathway, and physician education. Sales discussion included customer questions, objections, market access, competitor comparison, follow-up planning, CRM updates, scientific literature sharing, compliant promotion, and future engagement opportunities. Territory insights included prescription trends, customer behavior, business opportunities, formulary discussions, regional planning, call objectives, meeting outcomes, and action items. "
TXN00040,ZEPATIER,Infectious Disease,Hepatitis C,North,Maharashtra,T002,Physician,Rep_1,6,333583,2026-03-27,"Product Overview: ZEPATIER is used in Hepatitis C. Clinical discussion covered approved indications, patient eligibility, efficacy, safety, monitoring, treatment pathway, and physician education. Sales discussion included customer questions, objections, market access, competitor comparison, follow-up planning, CRM updates, scientific literature sharing, compliant promotion, and future engagement opportunities. Territory insights included prescription trends, customer behavior, business opportunities, formulary discussions, regional planning, call objectives, meeting outcomes, and action items. Product Overview: ZEPATIER is used in Hepatitis C. Clinical discussion covered approved indications, patient eligibility, efficacy, safety, monitoring, treatment pathway, and physician education. Sales discussion included customer questions, objections, market access, competitor comparison, follow-up planning, CRM updates, scientific literature sharing, compliant promotion, and future engagement opportunities. Territory insights included prescription trends, customer behavior, business opportunities, formulary discussions, regional planning, call objectives, meeting outcomes, and action items. Product Overview: ZEPATIER is used in Hepatitis C. Clinical discussion covered approved indications, patient eligibility, efficacy, safety, monitoring, treatment pathway, and physician education. Sales discussion included customer questions, objections, market access, competitor comparison, follow-up planning, CRM updates, scientific literature sharing, compliant promotion, and future engagement opportunities. Territory insights included prescription trends, customer behavior, business opportunities, formulary discussions, regional planning, call objectives, meeting outcomes, and action items. "
TXN00041,PNEUMOVAX 23,Vaccines,Pneumococcal Disease,West,Karnataka,T003,Surgeon,Rep_5,16,784440,2026-06-03,"Product Overview: PNEUMOVAX 23 is used in Pneumococcal Disease. Clinical discussion covered approved indications, patient eligibility, efficacy, safety, monitoring, treatment pathway, and physician education. Sales discussion included customer questions, objections, market access, competitor comparison, follow-up planning, CRM updates, scientific literature sharing, compliant promotion, and future engagement opportunities. Territory insights included prescription trends, customer behavior, business opportunities, formulary discussions, regional planning, call objectives, meeting outcomes, and action items. Product Overview: PNEUMOVAX 23 is used in Pneumococcal Disease. Clinical discussion covered approved indications, patient eligibility, efficacy, safety, monitoring, treatment pathway, and physician education. Sales discussion included customer questions, objections, market access, competitor comparison, follow-up planning, CRM updates, scientific literature sharing, compliant promotion, and future engagement opportunities. Territory insights included prescription trends, customer behavior, business opportunities, formulary discussions, regional planning, call objectives, meeting outcomes, and action items. Product Overview: PNEUMOVAX 23 is used in Pneumococcal Disease. Clinical discussion covered approved indications, patient eligibility, efficacy, safety, monitoring, treatment pathway, and physician education. Sales discussion included customer questions, objections, market access, competitor comparison, follow-up planning, CRM updates, scientific literature sharing, compliant promotion, and future engagement opportunities. Territory insights included prescription trends, customer behavior, business opportunities, formulary discussions, regional planning, call objectives, meeting outcomes, and action items. "
TXN00042,GARDASIL 9,Vaccines,HPV Prevention,South,Tamil Nadu,T001,Physician,Rep_1,3,323208,2026-02-20,"Product Overview: GARDASIL 9 is used in HPV Prevention. Clinical discussion covered approved indications, patient eligibility, efficacy, safety, monitoring, treatment pathway, and physician education. Sales discussion included customer questions, objections, market access, competitor comparison, follow-up planning, CRM updates, scientific literature sharing, compliant promotion, and future engagement opportunities. Territory insights included prescription trends, customer behavior, business opportunities, formulary discussions, regional planning, call objectives, meeting outcomes, and action items. Product Overview: GARDASIL 9 is used in HPV Prevention. Clinical discussion covered approved indications, patient eligibility, efficacy, safety, monitoring, treatment pathway, and physician education. Sales discussion included customer questions, objections, market access, competitor comparison, follow-up planning, CRM updates, scientific literature sharing, compliant promotion, and future engagement opportunities. Territory insights included prescription trends, customer behavior, business opportunities, formulary discussions, regional planning, call objectives, meeting outcomes, and action items. Product Overview: GARDASIL 9 is used in HPV Prevention. Clinical discussion covered approved indications, patient eligibility, efficacy, safety, monitoring, treatment pathway, and physician education. Sales discussion included customer questions, objections, market access, competitor comparison, follow-up planning, CRM updates, scientific literature sharing, compliant promotion, and future engagement opportunities. Territory insights included prescription trends, customer behavior, business opportunities, formulary discussions, regional planning, call objectives, meeting outcomes, and action items. "
TXN00043,ZEPATIER,Infectious Disease,Hepatitis C,North,Delhi,T001,Physician,Rep_1,11,629929,2026-07-09,"Product Overview: ZEPATIER is used in Hepatitis C. Clinical discussion covered approved indications, patient eligibility, efficacy, safety, monitoring, treatment pathway, and physician education. Sales discussion included customer questions, objections, market access, competitor comparison, follow-up planning, CRM updates, scientific literature sharing, compliant promotion, and future engagement opportunities. Territory insights included prescription trends, customer behavior, business opportunities, formulary discussions, regional planning, call objectives, meeting outcomes, and action items. Product Overview: ZEPATIER is used in Hepatitis C. Clinical discussion covered approved indications, patient eligibility, efficacy, safety, monitoring, treatment pathway, and physician education. Sales discussion included customer questions, objections, market access, competitor comparison, follow-up planning, CRM updates, scientific literature sharing, compliant promotion, and future engagement opportunities. Territory insights included prescription trends, customer behavior, business opportunities, formulary discussions, regional planning, call objectives, meeting outcomes, and action items. Product Overview: ZEPATIER is used in Hepatitis C. Clinical discussion covered approved indications, patient eligibility, efficacy, safety, monitoring, treatment pathway, and physician education. Sales discussion included customer questions, objections, market access, competitor comparison, follow-up planning, CRM updates, scientific literature sharing, compliant promotion, and future engagement opportunities. Territory insights included prescription trends, customer behavior, business opportunities, formulary discussions, regional planning, call objectives, meeting outcomes, and action items. "
TXN00044,JANUVIA,Diabetes,Type 2 Diabetes,North,Karnataka,T001,Oncologist,Rep_3,2,239945,2026-04-10,"Product Overview: JANUVIA is used in Type 2 Diabetes. Clinical discussion covered approved indications, patient eligibility, efficacy, safety, monitoring, treatment pathway, and physician education. Sales discussion included customer questions, objections, market access, competitor comparison, follow-up planning, CRM updates, scientific literature sharing, compliant promotion, and future engagement opportunities. Territory insights included prescription trends, customer behavior, business opportunities, formulary discussions, regional planning, call objectives, meeting outcomes, and action items. Product Overview: JANUVIA is used in Type 2 Diabetes. Clinical discussion covered approved indications, patient eligibility, efficacy, safety, monitoring, treatment pathway, and physician education. Sales discussion included customer questions, objections, market access, competitor comparison, follow-up planning, CRM updates, scientific literature sharing, compliant promotion, and future engagement opportunities. Territory insights included prescription trends, customer behavior, business opportunities, formulary discussions, regional planning, call objectives, meeting outcomes, and action items. Product Overview: JANUVIA is used in Type 2 Diabetes. Clinical discussion covered approved indications, patient eligibility, efficacy, safety, monitoring, treatment pathway, and physician education. Sales discussion included customer questions, objections, market access, competitor comparison, follow-up planning, CRM updates, scientific literature sharing, compliant promotion, and future engagement opportunities. Territory insights included prescription trends, customer behavior, business opportunities, formulary discussions, regional planning, call objectives, meeting outcomes, and action items. "
TXN00045,BRIDION,Hospital,Neuromuscular Blockade Reversal,South,Delhi,T002,Surgeon,Rep_2,9,413856,2026-01-09,"Product Overview: BRIDION is used in Neuromuscular Blockade Reversal. Clinical discussion covered approved indications, patient eligibility, efficacy, safety, monitoring, treatment pathway, and physician education. Sales discussion included customer questions, objections, market access, competitor comparison, follow-up planning, CRM updates, scientific literature sharing, compliant promotion, and future engagement opportunities. Territory insights included prescription trends, customer behavior, business opportunities, formulary discussions, regional planning, call objectives, meeting outcomes, and action items. Product Overview: BRIDION is used in Neuromuscular Blockade Reversal. Clinical discussion covered approved indications, patient eligibility, efficacy, safety, monitoring, treatment pathway, and physician education. Sales discussion included customer questions, objections, market access, competitor comparison, follow-up planning, CRM updates, scientific literature sharing, compliant promotion, and future engagement opportunities. Territory insights included prescription trends, customer behavior, business opportunities, formulary discussions, regional planning, call objectives, meeting outcomes, and action items. Product Overview: BRIDION is used in Neuromuscular Blockade Reversal. Clinical discussion covered approved indications, patient eligibility, efficacy, safety, monitoring, treatment pathway, and physician education. Sales discussion included customer questions, objections, market access, competitor comparison, follow-up planning, CRM updates, scientific literature sharing, compliant promotion, and future engagement opportunities. Territory insights included prescription trends, customer behavior, business opportunities, formulary discussions, regional planning, call objectives, meeting outcomes, and action items. "
TXN00046,KEYTRUDA,Oncology,NSCLC,North,Karnataka,T003,Physician,Rep_2,15,161444,2026-07-22,"Product Overview: KEYTRUDA is used in NSCLC. Clinical discussion covered approved indications, patient eligibility, efficacy, safety, monitoring, treatment pathway, and physician education. Sales discussion included customer questions, objections, market access, competitor comparison, follow-up planning, CRM updates, scientific literature sharing, compliant promotion, and future engagement opportunities. Territory insights included prescription trends, customer behavior, business opportunities, formulary discussions, regional planning, call objectives, meeting outcomes, and action items. Product Overview: KEYTRUDA is used in NSCLC. Clinical discussion covered approved indications, patient eligibility, efficacy, safety, monitoring, treatment pathway, and physician education. Sales discussion included customer questions, objections, market access, competitor comparison, follow-up planning, CRM updates, scientific literature sharing, compliant promotion, and future engagement opportunities. Territory insights included prescription trends, customer behavior, business opportunities, formulary discussions, regional planning, call objectives, meeting outcomes, and action items. Product Overview: KEYTRUDA is used in NSCLC. Clinical discussion covered approved indications, patient eligibility, efficacy, safety, monitoring, treatment pathway, and physician education. Sales discussion included customer questions, objections, market access, competitor comparison, follow-up planning, CRM updates, scientific literature sharing, compliant promotion, and future engagement opportunities. Territory insights included prescription trends, customer behavior, business opportunities, formulary discussions, regional planning, call objectives, meeting outcomes, and action items. "
TXN00047,PNEUMOVAX 23,Vaccines,Pneumococcal Disease,East,Karnataka,T001,Physician,Rep_2,5,474356,2026-06-02,"Product Overview: PNEUMOVAX 23 is used in Pneumococcal Disease. Clinical discussion covered approved indications, patient eligibility, efficacy, safety, monitoring, treatment pathway, and physician education. Sales discussion included customer questions, objections, market access, competitor comparison, follow-up planning, CRM updates, scientific literature sharing, compliant promotion, and future engagement opportunities. Territory insights included prescription trends, customer behavior, business opportunities, formulary discussions, regional planning, call objectives, meeting outcomes, and action items. Product Overview: PNEUMOVAX 23 is used in Pneumococcal Disease. Clinical discussion covered approved indications, patient eligibility, efficacy, safety, monitoring, treatment pathway, and physician education. Sales discussion included customer questions, objections, market access, competitor comparison, follow-up planning, CRM updates, scientific literature sharing, compliant promotion, and future engagement opportunities. Territory insights included prescription trends, customer behavior, business opportunities, formulary discussions, regional planning, call objectives, meeting outcomes, and action items. Product Overview: PNEUMOVAX 23 is used in Pneumococcal Disease. Clinical discussion covered approved indications, patient eligibility, efficacy, safety, monitoring, treatment pathway, and physician education. Sales discussion included customer questions, objections, market access, competitor comparison, follow-up planning, CRM updates, scientific literature sharing, compliant promotion, and future engagement opportunities. Territory insights included prescription trends, customer behavior, business opportunities, formulary discussions, regional planning, call objectives, meeting outcomes, and action items. "
TXN00048,ZEPATIER,Infectious Disease,Hepatitis C,North,Maharashtra,T003,Surgeon,Rep_3,14,221176,2026-01-03,"Product Overview: ZEPATIER is used in Hepatitis C. Clinical discussion covered approved indications, patient eligibility, efficacy, safety, monitoring, treatment pathway, and physician education. Sales discussion included customer questions, objections, market access, competitor comparison, follow-up planning, CRM updates, scientific literature sharing, compliant promotion, and future engagement opportunities. Territory insights included prescription trends, customer behavior, business opportunities, formulary discussions, regional planning, call objectives, meeting outcomes, and action items. Product Overview: ZEPATIER is used in Hepatitis C. Clinical discussion covered approved indications, patient eligibility, efficacy, safety, monitoring, treatment pathway, and physician education. Sales discussion included customer questions, objections, market access, competitor comparison, follow-up planning, CRM updates, scientific literature sharing, compliant promotion, and future engagement opportunities. Territory insights included prescription trends, customer behavior, business opportunities, formulary discussions, regional planning, call objectives, meeting outcomes, and action items. Product Overview: ZEPATIER is used in Hepatitis C. Clinical discussion covered approved indications, patient eligibility, efficacy, safety, monitoring, treatment pathway, and physician education. Sales discussion included customer questions, objections, market access, competitor comparison, follow-up planning, CRM updates, scientific literature sharing, compliant promotion, and future engagement opportunities. Territory insights included prescription trends, customer behavior, business opportunities, formulary discussions, regional planning, call objectives, meeting outcomes, and action items. "
TXN00049,BRIDION,Hospital,Neuromuscular Blockade Reversal,East,Karnataka,T003,Physician,Rep_1,15,244355,2026-03-09,"Product Overview: BRIDION is used in Neuromuscular Blockade Reversal. Clinical discussion covered approved indications, patient eligibility, efficacy, safety, monitoring, treatment pathway, and physician education. Sales discussion included customer questions, objections, market access, competitor comparison, follow-up planning, CRM updates, scientific literature sharing, compliant promotion, and future engagement opportunities. Territory insights included prescription trends, customer behavior, business opportunities, formulary discussions, regional planning, call objectives, meeting outcomes, and action items. Product Overview: BRIDION is used in Neuromuscular Blockade Reversal. Clinical discussion covered approved indications, patient eligibility, efficacy, safety, monitoring, treatment pathway, and physician education. Sales discussion included customer questions, objections, market access, competitor comparison, follow-up planning, CRM updates, scientific literature sharing, compliant promotion, and future engagement opportunities. Territory insights included prescription trends, customer behavior, business opportunities, formulary discussions, regional planning, call objectives, meeting outcomes, and action items. Product Overview: BRIDION is used in Neuromuscular Blockade Reversal. Clinical discussion covered approved indications, patient eligibility, efficacy, safety, monitoring, treatment pathway, and physician education. Sales discussion included customer questions, objections, market access, competitor comparison, follow-up planning, CRM updates, scientific literature sharing, compliant promotion, and future engagement opportunities. Territory insights included prescription trends, customer behavior, business opportunities, formulary discussions, regional planning, call objectives, meeting outcomes, and action items. "
TXN00050,PNEUMOVAX 23,Vaccines,Pneumococcal Disease,East,Delhi,T002,Surgeon,Rep_3,8,86120,2026-05-07,"Product Overview: PNEUMOVAX 23 is used in Pneumococcal Disease. Clinical discussion covered approved indications, patient eligibility, efficacy, safety, monitoring, treatment pathway, and physician education. Sales discussion included customer questions, objections, market access, competitor comparison, follow-up planning, CRM updates, scientific literature sharing, compliant promotion, and future engagement opportunities. Territory insights included prescription trends, customer behavior, business opportunities, formulary discussions, regional planning, call objectives, meeting outcomes, and action items. Product Overview: PNEUMOVAX 23 is used in Pneumococcal Disease. Clinical discussion covered approved indications, patient eligibility, efficacy, safety, monitoring, treatment pathway, and physician education. Sales discussion included customer questions, objections, market access, competitor comparison, follow-up planning, CRM updates, scientific literature sharing, compliant promotion, and future engagement opportunities. Territory insights included prescription trends, customer behavior, business opportunities, formulary discussions, regional planning, call objectives, meeting outcomes, and action items. Product Overview: PNEUMOVAX 23 is used in Pneumococcal Disease. Clinical discussion covered approved indications, patient eligibility, efficacy, safety, monitoring, treatment pathway, and physician education. Sales discussion included customer questions, objections, market access, competitor comparison, follow-up planning, CRM updates, scientific literature sharing, compliant promotion, and future engagement opportunities. Territory insights included prescription trends, customer behavior, business opportunities, formulary discussions, regional planning, call objectives, meeting outcomes, and action items. "
TXN00051,GARDASIL 9,Vaccines,HPV Prevention,North,Delhi,T002,Oncologist,Rep_4,9,577186,2026-04-08,"Product Overview: GARDASIL 9 is used in HPV Prevention. Clinical discussion covered approved indications, patient eligibility, efficacy, safety, monitoring, treatment pathway, and physician education. Sales discussion included customer questions, objections, market access, competitor comparison, follow-up planning, CRM updates, scientific literature sharing, compliant promotion, and future engagement opportunities. Territory insights included prescription trends, customer behavior, business opportunities, formulary discussions, regional planning, call objectives, meeting outcomes, and action items. Product Overview: GARDASIL 9 is used in HPV Prevention. Clinical discussion covered approved indications, patient eligibility, efficacy, safety, monitoring, treatment pathway, and physician education. Sales discussion included customer questions, objections, market access, competitor comparison, follow-up planning, CRM updates, scientific literature sharing, compliant promotion, and future engagement opportunities. Territory insights included prescription trends, customer behavior, business opportunities, formulary discussions, regional planning, call objectives, meeting outcomes, and action items. Product Overview: GARDASIL 9 is used in HPV Prevention. Clinical discussion covered approved indications, patient eligibility, efficacy, safety, monitoring, treatment pathway, and physician education. Sales discussion included customer questions, objections, market access, competitor comparison, follow-up planning, CRM updates, scientific literature sharing, compliant promotion, and future engagement opportunities. Territory insights included prescription trends, customer behavior, business opportunities, formulary discussions, regional planning, call objectives, meeting outcomes, and action items. "
TXN00052,JANUVIA,Diabetes,Type 2 Diabetes,North,Delhi,T001,Oncologist,Rep_4,19,93690,2026-07-01,"Product Overview: JANUVIA is used in Type 2 Diabetes. Clinical discussion covered approved indications, patient eligibility, efficacy, safety, monitoring, treatment pathway, and physician education. Sales discussion included customer questions, objections, market access, competitor comparison, follow-up planning, CRM updates, scientific literature sharing, compliant promotion, and future engagement opportunities. Territory insights included prescription trends, customer behavior, business opportunities, formulary discussions, regional planning, call objectives, meeting outcomes, and action items. Product Overview: JANUVIA is used in Type 2 Diabetes. Clinical discussion covered approved indications, patient eligibility, efficacy, safety, monitoring, treatment pathway, and physician education. Sales discussion included customer questions, objections, market access, competitor comparison, follow-up planning, CRM updates, scientific literature sharing, compliant promotion, and future engagement opportunities. Territory insights included prescription trends, customer behavior, business opportunities, formulary discussions, regional planning, call objectives, meeting outcomes, and action items. Product Overview: JANUVIA is used in Type 2 Diabetes. Clinical discussion covered approved indications, patient eligibility, efficacy, safety, monitoring, treatment pathway, and physician education. Sales discussion included customer questions, objections, market access, competitor comparison, follow-up planning, CRM updates, scientific literature sharing, compliant promotion, and future engagement opportunities. Territory insights included prescription trends, customer behavior, business opportunities, formulary discussions, regional planning, call objectives, meeting outcomes, and action items. "
TXN00053,GARDASIL 9,Vaccines,HPV Prevention,South,Maharashtra,T003,Surgeon,Rep_2,20,458437,2026-06-24,"Product Overview: GARDASIL 9 is used in HPV Prevention. Clinical discussion covered approved indications, patient eligibility, efficacy, safety, monitoring, treatment pathway, and physician education. Sales discussion included customer questions, objections, market access, competitor comparison, follow-up planning, CRM updates, scientific literature sharing, compliant promotion, and future engagement opportunities. Territory insights included prescription trends, customer behavior, business opportunities, formulary discussions, regional planning, call objectives, meeting outcomes, and action items. Product Overview: GARDASIL 9 is used in HPV Prevention. Clinical discussion covered approved indications, patient eligibility, efficacy, safety, monitoring, treatment pathway, and physician education. Sales discussion included customer questions, objections, market access, competitor comparison, follow-up planning, CRM updates, scientific literature sharing, compliant promotion, and future engagement opportunities. Territory insights included prescription trends, customer behavior, business opportunities, formulary discussions, regional planning, call objectives, meeting outcomes, and action items. Product Overview: GARDASIL 9 is used in HPV Prevention. Clinical discussion covered approved indications, patient eligibility, efficacy, safety, monitoring, treatment pathway, and physician education. Sales discussion included customer questions, objections, market access, competitor comparison, follow-up planning, CRM updates, scientific literature sharing, compliant promotion, and future engagement opportunities. Territory insights included prescription trends, customer behavior, business opportunities, formulary discussions, regional planning, call objectives, meeting outcomes, and action items. "
TXN00054,PNEUMOVAX 23,Vaccines,Pneumococcal Disease,East,Karnataka,T001,Surgeon,Rep_5,14,785107,2026-03-17,"Product Overview: PNEUMOVAX 23 is used in Pneumococcal Disease. Clinical discussion covered approved indications, patient eligibility, efficacy, safety, monitoring, treatment pathway, and physician education. Sales discussion included customer questions, objections, market access, competitor comparison, follow-up planning, CRM updates, scientific literature sharing, compliant promotion, and future engagement opportunities. Territory insights included prescription trends, customer behavior, business opportunities, formulary discussions, regional planning, call objectives, meeting outcomes, and action items. Product Overview: PNEUMOVAX 23 is used in Pneumococcal Disease. Clinical discussion covered approved indications, patient eligibility, efficacy, safety, monitoring, treatment pathway, and physician education. Sales discussion included customer questions, objections, market access, competitor comparison, follow-up planning, CRM updates, scientific literature sharing, compliant promotion, and future engagement opportunities. Territory insights included prescription trends, customer behavior, business opportunities, formulary discussions, regional planning, call objectives, meeting outcomes, and action items. Product Overview: PNEUMOVAX 23 is used in Pneumococcal Disease. Clinical discussion covered approved indications, patient eligibility, efficacy, safety, monitoring, treatment pathway, and physician education. Sales discussion included customer questions, objections, market access, competitor comparison, follow-up planning, CRM updates, scientific literature sharing, compliant promotion, and future engagement opportunities. Territory insights included prescription trends, customer behavior, business opportunities, formulary discussions, regional planning, call objectives, meeting outcomes, and action items. "
TXN00055,ZEPATIER,Infectious Disease,Hepatitis C,South,Maharashtra,T001,Oncologist,Rep_2,12,160012,2026-07-27,"Product Overview: ZEPATIER is used in Hepatitis C. Clinical discussion covered approved indications, patient eligibility, efficacy, safety, monitoring, treatment pathway, and physician education. Sales discussion included customer questions, objections, market access, competitor comparison, follow-up planning, CRM updates, scientific literature sharing, compliant promotion, and future engagement opportunities. Territory insights included prescription trends, customer behavior, business opportunities, formulary discussions, regional planning, call objectives, meeting outcomes, and action items. Product Overview: ZEPATIER is used in Hepatitis C. Clinical discussion covered approved indications, patient eligibility, efficacy, safety, monitoring, treatment pathway, and physician education. Sales discussion included customer questions, objections, market access, competitor comparison, follow-up planning, CRM updates, scientific literature sharing, compliant promotion, and future engagement opportunities. Territory insights included prescription trends, customer behavior, business opportunities, formulary discussions, regional planning, call objectives, meeting outcomes, and action items. Product Overview: ZEPATIER is used in Hepatitis C. Clinical discussion covered approved indications, patient eligibility, efficacy, safety, monitoring, treatment pathway, and physician education. Sales discussion included customer questions, objections, market access, competitor comparison, follow-up planning, CRM updates, scientific literature sharing, compliant promotion, and future engagement opportunities. Territory insights included prescription trends, customer behavior, business opportunities, formulary discussions, regional planning, call objectives, meeting outcomes, and action items. "
TXN00056,PNEUMOVAX 23,Vaccines,Pneumococcal Disease,North,Karnataka,T002,Physician,Rep_1,15,123517,2026-02-22,"Product Overview: PNEUMOVAX 23 is used in Pneumococcal Disease. Clinical discussion covered approved indications, patient eligibility, efficacy, safety, monitoring, treatment pathway, and physician education. Sales discussion included customer questions, objections, market access, competitor comparison, follow-up planning, CRM updates, scientific literature sharing, compliant promotion, and future engagement opportunities. Territory insights included prescription trends, customer behavior, business opportunities, formulary discussions, regional planning, call objectives, meeting outcomes, and action items. Product Overview: PNEUMOVAX 23 is used in Pneumococcal Disease. Clinical discussion covered approved indications, patient eligibility, efficacy, safety, monitoring, treatment pathway, and physician education. Sales discussion included customer questions, objections, market access, competitor comparison, follow-up planning, CRM updates, scientific literature sharing, compliant promotion, and future engagement opportunities. Territory insights included prescription trends, customer behavior, business opportunities, formulary discussions, regional planning, call objectives, meeting outcomes, and action items. Product Overview: PNEUMOVAX 23 is used in Pneumococcal Disease. Clinical discussion covered approved indications, patient eligibility, efficacy, safety, monitoring, treatment pathway, and physician education. Sales discussion included customer questions, objections, market access, competitor comparison, follow-up planning, CRM updates, scientific literature sharing, compliant promotion, and future engagement opportunities. Territory insights included prescription trends, customer behavior, business opportunities, formulary discussions, regional planning, call objectives, meeting outcomes, and action items. "
TXN00057,JANUVIA,Diabetes,Type 2 Diabetes,West,Delhi,T001,Physician,Rep_2,7,291944,2026-08-16,"Product Overview: JANUVIA is used in Type 2 Diabetes. Clinical discussion covered approved indications, patient eligibility, efficacy, safety, monitoring, treatment pathway, and physician education. Sales discussion included customer questions, objections, market access, competitor comparison, follow-up planning, CRM updates, scientific literature sharing, compliant promotion, and future engagement opportunities. Territory insights included prescription trends, customer behavior, business opportunities, formulary discussions, regional planning, call objectives, meeting outcomes, and action items. Product Overview: JANUVIA is used in Type 2 Diabetes. Clinical discussion covered approved indications, patient eligibility, efficacy, safety, monitoring, treatment pathway, and physician education. Sales discussion included customer questions, objections, market access, competitor comparison, follow-up planning, CRM updates, scientific literature sharing, compliant promotion, and future engagement opportunities. Territory insights included prescription trends, customer behavior, business opportunities, formulary discussions, regional planning, call objectives, meeting outcomes, and action items. Product Overview: JANUVIA is used in Type 2 Diabetes. Clinical discussion covered approved indications, patient eligibility, efficacy, safety, monitoring, treatment pathway, and physician education. Sales discussion included customer questions, objections, market access, competitor comparison, follow-up planning, CRM updates, scientific literature sharing, compliant promotion, and future engagement opportunities. Territory insights included prescription trends, customer behavior, business opportunities, formulary discussions, regional planning, call objectives, meeting outcomes, and action items. "
TXN00058,ZEPATIER,Infectious Disease,Hepatitis C,North,Tamil Nadu,T003,Physician,Rep_1,20,713531,2026-04-03,"Product Overview: ZEPATIER is used in Hepatitis C. Clinical discussion covered approved indications, patient eligibility, efficacy, safety, monitoring, treatment pathway, and physician education. Sales discussion included customer questions, objections, market access, competitor comparison, follow-up planning, CRM updates, scientific literature sharing, compliant promotion, and future engagement opportunities. Territory insights included prescription trends, customer behavior, business opportunities, formulary discussions, regional planning, call objectives, meeting outcomes, and action items. Product Overview: ZEPATIER is used in Hepatitis C. Clinical discussion covered approved indications, patient eligibility, efficacy, safety, monitoring, treatment pathway, and physician education. Sales discussion included customer questions, objections, market access, competitor comparison, follow-up planning, CRM updates, scientific literature sharing, compliant promotion, and future engagement opportunities. Territory insights included prescription trends, customer behavior, business opportunities, formulary discussions, regional planning, call objectives, meeting outcomes, and action items. Product Overview: ZEPATIER is used in Hepatitis C. Clinical discussion covered approved indications, patient eligibility, efficacy, safety, monitoring, treatment pathway, and physician education. Sales discussion included customer questions, objections, market access, competitor comparison, follow-up planning, CRM updates, scientific literature sharing, compliant promotion, and future engagement opportunities. Territory insights included prescription trends, customer behavior, business opportunities, formulary discussions, regional planning, call objectives, meeting outcomes, and action items. "
TXN00059,JANUVIA,Diabetes,Type 2 Diabetes,East,Delhi,T003,Surgeon,Rep_3,20,645341,2026-03-01,"Product Overview: JANUVIA is used in Type 2 Diabetes. Clinical discussion covered approved indications, patient eligibility, efficacy, safety, monitoring, treatment pathway, and physician education. Sales discussion included customer questions, objections, market access, competitor comparison, follow-up planning, CRM updates, scientific literature sharing, compliant promotion, and future engagement opportunities. Territory insights included prescription trends, customer behavior, business opportunities, formulary discussions, regional planning, call objectives, meeting outcomes, and action items. Product Overview: JANUVIA is used in Type 2 Diabetes. Clinical discussion covered approved indications, patient eligibility, efficacy, safety, monitoring, treatment pathway, and physician education. Sales discussion included customer questions, objections, market access, competitor comparison, follow-up planning, CRM updates, scientific literature sharing, compliant promotion, and future engagement opportunities. Territory insights included prescription trends, customer behavior, business opportunities, formulary discussions, regional planning, call objectives, meeting outcomes, and action items. Product Overview: JANUVIA is used in Type 2 Diabetes. Clinical discussion covered approved indications, patient eligibility, efficacy, safety, monitoring, treatment pathway, and physician education. Sales discussion included customer questions, objections, market access, competitor comparison, follow-up planning, CRM updates, scientific literature sharing, compliant promotion, and future engagement opportunities. Territory insights included prescription trends, customer behavior, business opportunities, formulary discussions, regional planning, call objectives, meeting outcomes, and action items. "
TXN00060,PNEUMOVAX 23,Vaccines,Pneumococcal Disease,West,Delhi,T003,Oncologist,Rep_2,16,354985,2026-05-15,"Product Overview: PNEUMOVAX 23 is used in Pneumococcal Disease. Clinical discussion covered approved indications, patient eligibility, efficacy, safety, monitoring, treatment pathway, and physician education. Sales discussion included customer questions, objections, market access, competitor comparison, follow-up planning, CRM updates, scientific literature sharing, compliant promotion, and future engagement opportunities. Territory insights included prescription trends, customer behavior, business opportunities, formulary discussions, regional planning, call objectives, meeting outcomes, and action items. Product Overview: PNEUMOVAX 23 is used in Pneumococcal Disease. Clinical discussion covered approved indications, patient eligibility, efficacy, safety, monitoring, treatment pathway, and physician education. Sales discussion included customer questions, objections, market access, competitor comparison, follow-up planning, CRM updates, scientific literature sharing, compliant promotion, and future engagement opportunities. Territory insights included prescription trends, customer behavior, business opportunities, formulary discussions, regional planning, call objectives, meeting outcomes, and action items. Product Overview: PNEUMOVAX 23 is used in Pneumococcal Disease. Clinical discussion covered approved indications, patient eligibility, efficacy, safety, monitoring, treatment pathway, and physician education. Sales discussion included customer questions, objections, market access, competitor comparison, follow-up planning, CRM updates, scientific literature sharing, compliant promotion, and future engagement opportunities. Territory insights included prescription trends, customer behavior, business opportunities, formulary discussions, regional planning, call objectives, meeting outcomes, and action items. "
TXN00061,PNEUMOVAX 23,Vaccines,Pneumococcal Disease,North,Karnataka,T002,Oncologist,Rep_4,1,353655,2026-08-03,"Product Overview: PNEUMOVAX 23 is used in Pneumococcal Disease. Clinical discussion covered approved indications, patient eligibility, efficacy, safety, monitoring, treatment pathway, and physician education. Sales discussion included customer questions, objections, market access, competitor comparison, follow-up planning, CRM updates, scientific literature sharing, compliant promotion, and future engagement opportunities. Territory insights included prescription trends, customer behavior, business opportunities, formulary discussions, regional planning, call objectives, meeting outcomes, and action items. Product Overview: PNEUMOVAX 23 is used in Pneumococcal Disease. Clinical discussion covered approved indications, patient eligibility, efficacy, safety, monitoring, treatment pathway, and physician education. Sales discussion included customer questions, objections, market access, competitor comparison, follow-up planning, CRM updates, scientific literature sharing, compliant promotion, and future engagement opportunities. Territory insights included prescription trends, customer behavior, business opportunities, formulary discussions, regional planning, call objectives, meeting outcomes, and action items. Product Overview: PNEUMOVAX 23 is used in Pneumococcal Disease. Clinical discussion covered approved indications, patient eligibility, efficacy, safety, monitoring, treatment pathway, and physician education. Sales discussion included customer questions, objections, market access, competitor comparison, follow-up planning, CRM updates, scientific literature sharing, compliant promotion, and future engagement opportunities. Territory insights included prescription trends, customer behavior, business opportunities, formulary discussions, regional planning, call objectives, meeting outcomes, and action items. "
TXN00062,ZEPATIER,Infectious Disease,Hepatitis C,East,Tamil Nadu,T001,Oncologist,Rep_1,19,144689,2026-03-24,"Product Overview: ZEPATIER is used in Hepatitis C. Clinical discussion covered approved indications, patient eligibility, efficacy, safety, monitoring, treatment pathway, and physician education. Sales discussion included customer questions, objections, market access, competitor comparison, follow-up planning, CRM updates, scientific literature sharing, compliant promotion, and future engagement opportunities. Territory insights included prescription trends, customer behavior, business opportunities, formulary discussions, regional planning, call objectives, meeting outcomes, and action items. Product Overview: ZEPATIER is used in Hepatitis C. Clinical discussion covered approved indications, patient eligibility, efficacy, safety, monitoring, treatment pathway, and physician education. Sales discussion included customer questions, objections, market access, competitor comparison, follow-up planning, CRM updates, scientific literature sharing, compliant promotion, and future engagement opportunities. Territory insights included prescription trends, customer behavior, business opportunities, formulary discussions, regional planning, call objectives, meeting outcomes, and action items. Product Overview: ZEPATIER is used in Hepatitis C. Clinical discussion covered approved indications, patient eligibility, efficacy, safety, monitoring, treatment pathway, and physician education. Sales discussion included customer questions, objections, market access, competitor comparison, follow-up planning, CRM updates, scientific literature sharing, compliant promotion, and future engagement opportunities. Territory insights included prescription trends, customer behavior, business opportunities, formulary discussions, regional planning, call objectives, meeting outcomes, and action items. "
TXN00063,JANUVIA,Diabetes,Type 2 Diabetes,East,Karnataka,T003,Surgeon,Rep_5,9,168150,2026-06-08,"Product Overview: JANUVIA is used in Type 2 Diabetes. Clinical discussion covered approved indications, patient eligibility, efficacy, safety, monitoring, treatment pathway, and physician education. Sales discussion included customer questions, objections, market access, competitor comparison, follow-up planning, CRM updates, scientific literature sharing, compliant promotion, and future engagement opportunities. Territory insights included prescription trends, customer behavior, business opportunities, formulary discussions, regional planning, call objectives, meeting outcomes, and action items. Product Overview: JANUVIA is used in Type 2 Diabetes. Clinical discussion covered approved indications, patient eligibility, efficacy, safety, monitoring, treatment pathway, and physician education. Sales discussion included customer questions, objections, market access, competitor comparison, follow-up planning, CRM updates, scientific literature sharing, compliant promotion, and future engagement opportunities. Territory insights included prescription trends, customer behavior, business opportunities, formulary discussions, regional planning, call objectives, meeting outcomes, and action items. Product Overview: JANUVIA is used in Type 2 Diabetes. Clinical discussion covered approved indications, patient eligibility, efficacy, safety, monitoring, treatment pathway, and physician education. Sales discussion included customer questions, objections, market access, competitor comparison, follow-up planning, CRM updates, scientific literature sharing, compliant promotion, and future engagement opportunities. Territory insights included prescription trends, customer behavior, business opportunities, formulary discussions, regional planning, call objectives, meeting outcomes, and action items. "
TXN00064,PNEUMOVAX 23,Vaccines,Pneumococcal Disease,West,Maharashtra,T001,Oncologist,Rep_4,15,475112,2026-05-24,"Product Overview: PNEUMOVAX 23 is used in Pneumococcal Disease. Clinical discussion covered approved indications, patient eligibility, efficacy, safety, monitoring, treatment pathway, and physician education. Sales discussion included customer questions, objections, market access, competitor comparison, follow-up planning, CRM updates, scientific literature sharing, compliant promotion, and future engagement opportunities. Territory insights included prescription trends, customer behavior, business opportunities, formulary discussions, regional planning, call objectives, meeting outcomes, and action items. Product Overview: PNEUMOVAX 23 is used in Pneumococcal Disease. Clinical discussion covered approved indications, patient eligibility, efficacy, safety, monitoring, treatment pathway, and physician education. Sales discussion included customer questions, objections, market access, competitor comparison, follow-up planning, CRM updates, scientific literature sharing, compliant promotion, and future engagement opportunities. Territory insights included prescription trends, customer behavior, business opportunities, formulary discussions, regional planning, call objectives, meeting outcomes, and action items. Product Overview: PNEUMOVAX 23 is used in Pneumococcal Disease. Clinical discussion covered approved indications, patient eligibility, efficacy, safety, monitoring, treatment pathway, and physician education. Sales discussion included customer questions, objections, market access, competitor comparison, follow-up planning, CRM updates, scientific literature sharing, compliant promotion, and future engagement opportunities. Territory insights included prescription trends, customer behavior, business opportunities, formulary discussions, regional planning, call objectives, meeting outcomes, and action items. "
TXN00065,WELIREG,Oncology,VHL Disease,East,Tamil Nadu,T002,Oncologist,Rep_3,1,390312,2026-06-27,"Product Overview: WELIREG is used in VHL Disease. Clinical discussion covered approved indications, patient eligibility, efficacy, safety, monitoring, treatment pathway, and physician education. Sales discussion included customer questions, objections, market access, competitor comparison, follow-up planning, CRM updates, scientific literature sharing, compliant promotion, and future engagement opportunities. Territory insights included prescription trends, customer behavior, business opportunities, formulary discussions, regional planning, call objectives, meeting outcomes, and action items. Product Overview: WELIREG is used in VHL Disease. Clinical discussion covered approved indications, patient eligibility, efficacy, safety, monitoring, treatment pathway, and physician education. Sales discussion included customer questions, objections, market access, competitor comparison, follow-up planning, CRM updates, scientific literature sharing, compliant promotion, and future engagement opportunities. Territory insights included prescription trends, customer behavior, business opportunities, formulary discussions, regional planning, call objectives, meeting outcomes, and action items. Product Overview: WELIREG is used in VHL Disease. Clinical discussion covered approved indications, patient eligibility, efficacy, safety, monitoring, treatment pathway, and physician education. Sales discussion included customer questions, objections, market access, competitor comparison, follow-up planning, CRM updates, scientific literature sharing, compliant promotion, and future engagement opportunities. Territory insights included prescription trends, customer behavior, business opportunities, formulary discussions, regional planning, call objectives, meeting outcomes, and action items. "
TXN00066,PNEUMOVAX 23,Vaccines,Pneumococcal Disease,South,Maharashtra,T003,Physician,Rep_3,12,118133,2026-07-13,"Product Overview: PNEUMOVAX 23 is used in Pneumococcal Disease. Clinical discussion covered approved indications, patient eligibility, efficacy, safety, monitoring, treatment pathway, and physician education. Sales discussion included customer questions, objections, market access, competitor comparison, follow-up planning, CRM updates, scientific literature sharing, compliant promotion, and future engagement opportunities. Territory insights included prescription trends, customer behavior, business opportunities, formulary discussions, regional planning, call objectives, meeting outcomes, and action items. Product Overview: PNEUMOVAX 23 is used in Pneumococcal Disease. Clinical discussion covered approved indications, patient eligibility, efficacy, safety, monitoring, treatment pathway, and physician education. Sales discussion included customer questions, objections, market access, competitor comparison, follow-up planning, CRM updates, scientific literature sharing, compliant promotion, and future engagement opportunities. Territory insights included prescription trends, customer behavior, business opportunities, formulary discussions, regional planning, call objectives, meeting outcomes, and action items. Product Overview: PNEUMOVAX 23 is used in Pneumococcal Disease. Clinical discussion covered approved indications, patient eligibility, efficacy, safety, monitoring, treatment pathway, and physician education. Sales discussion included customer questions, objections, market access, competitor comparison, follow-up planning, CRM updates, scientific literature sharing, compliant promotion, and future engagement opportunities. Territory insights included prescription trends, customer behavior, business opportunities, formulary discussions, regional planning, call objectives, meeting outcomes, and action items. "
TXN00067,ZEPATIER,Infectious Disease,Hepatitis C,East,Tamil Nadu,T002,Oncologist,Rep_3,4,104124,2026-05-21,"Product Overview: ZEPATIER is used in Hepatitis C. Clinical discussion covered approved indications, patient eligibility, efficacy, safety, monitoring, treatment pathway, and physician education. Sales discussion included customer questions, objections, market access, competitor comparison, follow-up planning, CRM updates, scientific literature sharing, compliant promotion, and future engagement opportunities. Territory insights included prescription trends, customer behavior, business opportunities, formulary discussions, regional planning, call objectives, meeting outcomes, and action items. Product Overview: ZEPATIER is used in Hepatitis C. Clinical discussion covered approved indications, patient eligibility, efficacy, safety, monitoring, treatment pathway, and physician education. Sales discussion included customer questions, objections, market access, competitor comparison, follow-up planning, CRM updates, scientific literature sharing, compliant promotion, and future engagement opportunities. Territory insights included prescription trends, customer behavior, business opportunities, formulary discussions, regional planning, call objectives, meeting outcomes, and action items. Product Overview: ZEPATIER is used in Hepatitis C. Clinical discussion covered approved indications, patient eligibility, efficacy, safety, monitoring, treatment pathway, and physician education. Sales discussion included customer questions, objections, market access, competitor comparison, follow-up planning, CRM updates, scientific literature sharing, compliant promotion, and future engagement opportunities. Territory insights included prescription trends, customer behavior, business opportunities, formulary discussions, regional planning, call objectives, meeting outcomes, and action items. "
TXN00068,WELIREG,Oncology,Renal Cell Carcinoma,East,Tamil Nadu,T003,Physician,Rep_2,12,498525,2026-01-26,"Product Overview: WELIREG is used in Renal Cell Carcinoma. Clinical discussion covered approved indications, patient eligibility, efficacy, safety, monitoring, treatment pathway, and physician education. Sales discussion included customer questions, objections, market access, competitor comparison, follow-up planning, CRM updates, scientific literature sharing, compliant promotion, and future engagement opportunities. Territory insights included prescription trends, customer behavior, business opportunities, formulary discussions, regional planning, call objectives, meeting outcomes, and action items. Product Overview: WELIREG is used in Renal Cell Carcinoma. Clinical discussion covered approved indications, patient eligibility, efficacy, safety, monitoring, treatment pathway, and physician education. Sales discussion included customer questions, objections, market access, competitor comparison, follow-up planning, CRM updates, scientific literature sharing, compliant promotion, and future engagement opportunities. Territory insights included prescription trends, customer behavior, business opportunities, formulary discussions, regional planning, call objectives, meeting outcomes, and action items. Product Overview: WELIREG is used in Renal Cell Carcinoma. Clinical discussion covered approved indications, patient eligibility, efficacy, safety, monitoring, treatment pathway, and physician education. Sales discussion included customer questions, objections, market access, competitor comparison, follow-up planning, CRM updates, scientific literature sharing, compliant promotion, and future engagement opportunities. Territory insights included prescription trends, customer behavior, business opportunities, formulary discussions, regional planning, call objectives, meeting outcomes, and action items. "
TXN00069,ZEPATIER,Infectious Disease,Hepatitis C,South,Maharashtra,T001,Surgeon,Rep_4,15,694784,2026-03-21,"Product Overview: ZEPATIER is used in Hepatitis C. Clinical discussion covered approved indications, patient eligibility, efficacy, safety, monitoring, treatment pathway, and physician education. Sales discussion included customer questions, objections, market access, competitor comparison, follow-up planning, CRM updates, scientific literature sharing, compliant promotion, and future engagement opportunities. Territory insights included prescription trends, customer behavior, business opportunities, formulary discussions, regional planning, call objectives, meeting outcomes, and action items. Product Overview: ZEPATIER is used in Hepatitis C. Clinical discussion covered approved indications, patient eligibility, efficacy, safety, monitoring, treatment pathway, and physician education. Sales discussion included customer questions, objections, market access, competitor comparison, follow-up planning, CRM updates, scientific literature sharing, compliant promotion, and future engagement opportunities. Territory insights included prescription trends, customer behavior, business opportunities, formulary discussions, regional planning, call objectives, meeting outcomes, and action items. Product Overview: ZEPATIER is used in Hepatitis C. Clinical discussion covered approved indications, patient eligibility, efficacy, safety, monitoring, treatment pathway, and physician education. Sales discussion included customer questions, objections, market access, competitor comparison, follow-up planning, CRM updates, scientific literature sharing, compliant promotion, and future engagement opportunities. Territory insights included prescription trends, customer behavior, business opportunities, formulary discussions, regional planning, call objectives, meeting outcomes, and action items. "
TXN00070,ZEPATIER,Infectious Disease,Hepatitis C,West,Maharashtra,T003,Oncologist,Rep_2,16,485019,2026-06-10,"Product Overview: ZEPATIER is used in Hepatitis C. Clinical discussion covered approved indications, patient eligibility, efficacy, safety, monitoring, treatment pathway, and physician education. Sales discussion included customer questions, objections, market access, competitor comparison, follow-up planning, CRM updates, scientific literature sharing, compliant promotion, and future engagement opportunities. Territory insights included prescription trends, customer behavior, business opportunities, formulary discussions, regional planning, call objectives, meeting outcomes, and action items. Product Overview: ZEPATIER is used in Hepatitis C. Clinical discussion covered approved indications, patient eligibility, efficacy, safety, monitoring, treatment pathway, and physician education. Sales discussion included customer questions, objections, market access, competitor comparison, follow-up planning, CRM updates, scientific literature sharing, compliant promotion, and future engagement opportunities. Territory insights included prescription trends, customer behavior, business opportunities, formulary discussions, regional planning, call objectives, meeting outcomes, and action items. Product Overview: ZEPATIER is used in Hepatitis C. Clinical discussion covered approved indications, patient eligibility, efficacy, safety, monitoring, treatment pathway, and physician education. Sales discussion included customer questions, objections, market access, competitor comparison, follow-up planning, CRM updates, scientific literature sharing, compliant promotion, and future engagement opportunities. Territory insights included prescription trends, customer behavior, business opportunities, formulary discussions, regional planning, call objectives, meeting outcomes, and action items. "
TXN00071,GARDASIL 9,Vaccines,HPV Prevention,East,Tamil Nadu,T003,Oncologist,Rep_3,16,634394,2026-07-04,"Product Overview: GARDASIL 9 is used in HPV Prevention. Clinical discussion covered approved indications, patient eligibility, efficacy, safety, monitoring, treatment pathway, and physician education. Sales discussion included customer questions, objections, market access, competitor comparison, follow-up planning, CRM updates, scientific literature sharing, compliant promotion, and future engagement opportunities. Territory insights included prescription trends, customer behavior, business opportunities, formulary discussions, regional planning, call objectives, meeting outcomes, and action items. Product Overview: GARDASIL 9 is used in HPV Prevention. Clinical discussion covered approved indications, patient eligibility, efficacy, safety, monitoring, treatment pathway, and physician education. Sales discussion included customer questions, objections, market access, competitor comparison, follow-up planning, CRM updates, scientific literature sharing, compliant promotion, and future engagement opportunities. Territory insights included prescription trends, customer behavior, business opportunities, formulary discussions, regional planning, call objectives, meeting outcomes, and action items. Product Overview: GARDASIL 9 is used in HPV Prevention. Clinical discussion covered approved indications, patient eligibility, efficacy, safety, monitoring, treatment pathway, and physician education. Sales discussion included customer questions, objections, market access, competitor comparison, follow-up planning, CRM updates, scientific literature sharing, compliant promotion, and future engagement opportunities. Territory insights included prescription trends, customer behavior, business opportunities, formulary discussions, regional planning, call objectives, meeting outcomes, and action items. "
TXN00072,WELIREG,Oncology,Renal Cell Carcinoma,North,Karnataka,T003,Physician,Rep_5,8,524990,2026-06-25,"Product Overview: WELIREG is used in Renal Cell Carcinoma. Clinical discussion covered approved indications, patient eligibility, efficacy, safety, monitoring, treatment pathway, and physician education. Sales discussion included customer questions, objections, market access, competitor comparison, follow-up planning, CRM updates, scientific literature sharing, compliant promotion, and future engagement opportunities. Territory insights included prescription trends, customer behavior, business opportunities, formulary discussions, regional planning, call objectives, meeting outcomes, and action items. Product Overview: WELIREG is used in Renal Cell Carcinoma. Clinical discussion covered approved indications, patient eligibility, efficacy, safety, monitoring, treatment pathway, and physician education. Sales discussion included customer questions, objections, market access, competitor comparison, follow-up planning, CRM updates, scientific literature sharing, compliant promotion, and future engagement opportunities. Territory insights included prescription trends, customer behavior, business opportunities, formulary discussions, regional planning, call objectives, meeting outcomes, and action items. Product Overview: WELIREG is used in Renal Cell Carcinoma. Clinical discussion covered approved indications, patient eligibility, efficacy, safety, monitoring, treatment pathway, and physician education. Sales discussion included customer questions, objections, market access, competitor comparison, follow-up planning, CRM updates, scientific literature sharing, compliant promotion, and future engagement opportunities. Territory insights included prescription trends, customer behavior, business opportunities, formulary discussions, regional planning, call objectives, meeting outcomes, and action items. "
TXN00073,PNEUMOVAX 23,Vaccines,Pneumococcal Disease,South,Karnataka,T001,Oncologist,Rep_2,11,632876,2026-02-11,"Product Overview: PNEUMOVAX 23 is used in Pneumococcal Disease. Clinical discussion covered approved indications, patient eligibility, efficacy, safety, monitoring, treatment pathway, and physician education. Sales discussion included customer questions, objections, market access, competitor comparison, follow-up planning, CRM updates, scientific literature sharing, compliant promotion, and future engagement opportunities. Territory insights included prescription trends, customer behavior, business opportunities, formulary discussions, regional planning, call objectives, meeting outcomes, and action items. Product Overview: PNEUMOVAX 23 is used in Pneumococcal Disease. Clinical discussion covered approved indications, patient eligibility, efficacy, safety, monitoring, treatment pathway, and physician education. Sales discussion included customer questions, objections, market access, competitor comparison, follow-up planning, CRM updates, scientific literature sharing, compliant promotion, and future engagement opportunities. Territory insights included prescription trends, customer behavior, business opportunities, formulary discussions, regional planning, call objectives, meeting outcomes, and action items. Product Overview: PNEUMOVAX 23 is used in Pneumococcal Disease. Clinical discussion covered approved indications, patient eligibility, efficacy, safety, monitoring, treatment pathway, and physician education. Sales discussion included customer questions, objections, market access, competitor comparison, follow-up planning, CRM updates, scientific literature sharing, compliant promotion, and future engagement opportunities. Territory insights included prescription trends, customer behavior, business opportunities, formulary discussions, regional planning, call objectives, meeting outcomes, and action items. "
TXN00074,WELIREG,Oncology,VHL Disease,East,Karnataka,T001,Surgeon,Rep_4,13,483988,2026-04-13,"Product Overview: WELIREG is used in VHL Disease. Clinical discussion covered approved indications, patient eligibility, efficacy, safety, monitoring, treatment pathway, and physician education. Sales discussion included customer questions, objections, market access, competitor comparison, follow-up planning, CRM updates, scientific literature sharing, compliant promotion, and future engagement opportunities. Territory insights included prescription trends, customer behavior, business opportunities, formulary discussions, regional planning, call objectives, meeting outcomes, and action items. Product Overview: WELIREG is used in VHL Disease. Clinical discussion covered approved indications, patient eligibility, efficacy, safety, monitoring, treatment pathway, and physician education. Sales discussion included customer questions, objections, market access, competitor comparison, follow-up planning, CRM updates, scientific literature sharing, compliant promotion, and future engagement opportunities. Territory insights included prescription trends, customer behavior, business opportunities, formulary discussions, regional planning, call objectives, meeting outcomes, and action items. Product Overview: WELIREG is used in VHL Disease. Clinical discussion covered approved indications, patient eligibility, efficacy, safety, monitoring, treatment pathway, and physician education. Sales discussion included customer questions, objections, market access, competitor comparison, follow-up planning, CRM updates, scientific literature sharing, compliant promotion, and future engagement opportunities. Territory insights included prescription trends, customer behavior, business opportunities, formulary discussions, regional planning, call objectives, meeting outcomes, and action items. "
TXN00075,GARDASIL 9,Vaccines,HPV Prevention,North,Tamil Nadu,T002,Surgeon,Rep_3,5,770112,2026-04-03,"Product Overview: GARDASIL 9 is used in HPV Prevention. Clinical discussion covered approved indications, patient eligibility, efficacy, safety, monitoring, treatment pathway, and physician education. Sales discussion included customer questions, objections, market access, competitor comparison, follow-up planning, CRM updates, scientific literature sharing, compliant promotion, and future engagement opportunities. Territory insights included prescription trends, customer behavior, business opportunities, formulary discussions, regional planning, call objectives, meeting outcomes, and action items. Product Overview: GARDASIL 9 is used in HPV Prevention. Clinical discussion covered approved indications, patient eligibility, efficacy, safety, monitoring, treatment pathway, and physician education. Sales discussion included customer questions, objections, market access, competitor comparison, follow-up planning, CRM updates, scientific literature sharing, compliant promotion, and future engagement opportunities. Territory insights included prescription trends, customer behavior, business opportunities, formulary discussions, regional planning, call objectives, meeting outcomes, and action items. Product Overview: GARDASIL 9 is used in HPV Prevention. Clinical discussion covered approved indications, patient eligibility, efficacy, safety, monitoring, treatment pathway, and physician education. Sales discussion included customer questions, objections, market access, competitor comparison, follow-up planning, CRM updates, scientific literature sharing, compliant promotion, and future engagement opportunities. Territory insights included prescription trends, customer behavior, business opportunities, formulary discussions, regional planning, call objectives, meeting outcomes, and action items. "
TXN00076,GARDASIL 9,Vaccines,HPV Prevention,West,Tamil Nadu,T003,Physician,Rep_4,10,72869,2026-03-02,"Product Overview: GARDASIL 9 is used in HPV Prevention. Clinical discussion covered approved indications, patient eligibility, efficacy, safety, monitoring, treatment pathway, and physician education. Sales discussion included customer questions, objections, market access, competitor comparison, follow-up planning, CRM updates, scientific literature sharing, compliant promotion, and future engagement opportunities. Territory insights included prescription trends, customer behavior, business opportunities, formulary discussions, regional planning, call objectives, meeting outcomes, and action items. Product Overview: GARDASIL 9 is used in HPV Prevention. Clinical discussion covered approved indications, patient eligibility, efficacy, safety, monitoring, treatment pathway, and physician education. Sales discussion included customer questions, objections, market access, competitor comparison, follow-up planning, CRM updates, scientific literature sharing, compliant promotion, and future engagement opportunities. Territory insights included prescription trends, customer behavior, business opportunities, formulary discussions, regional planning, call objectives, meeting outcomes, and action items. Product Overview: GARDASIL 9 is used in HPV Prevention. Clinical discussion covered approved indications, patient eligibility, efficacy, safety, monitoring, treatment pathway, and physician education. Sales discussion included customer questions, objections, market access, competitor comparison, follow-up planning, CRM updates, scientific literature sharing, compliant promotion, and future engagement opportunities. Territory insights included prescription trends, customer behavior, business opportunities, formulary discussions, regional planning, call objectives, meeting outcomes, and action items. "
TXN00077,PNEUMOVAX 23,Vaccines,Pneumococcal Disease,West,Maharashtra,T001,Physician,Rep_5,15,520758,2026-04-26,"Product Overview: PNEUMOVAX 23 is used in Pneumococcal Disease. Clinical discussion covered approved indications, patient eligibility, efficacy, safety, monitoring, treatment pathway, and physician education. Sales discussion included customer questions, objections, market access, competitor comparison, follow-up planning, CRM updates, scientific literature sharing, compliant promotion, and future engagement opportunities. Territory insights included prescription trends, customer behavior, business opportunities, formulary discussions, regional planning, call objectives, meeting outcomes, and action items. Product Overview: PNEUMOVAX 23 is used in Pneumococcal Disease. Clinical discussion covered approved indications, patient eligibility, efficacy, safety, monitoring, treatment pathway, and physician education. Sales discussion included customer questions, objections, market access, competitor comparison, follow-up planning, CRM updates, scientific literature sharing, compliant promotion, and future engagement opportunities. Territory insights included prescription trends, customer behavior, business opportunities, formulary discussions, regional planning, call objectives, meeting outcomes, and action items. Product Overview: PNEUMOVAX 23 is used in Pneumococcal Disease. Clinical discussion covered approved indications, patient eligibility, efficacy, safety, monitoring, treatment pathway, and physician education. Sales discussion included customer questions, objections, market access, competitor comparison, follow-up planning, CRM updates, scientific literature sharing, compliant promotion, and future engagement opportunities. Territory insights included prescription trends, customer behavior, business opportunities, formulary discussions, regional planning, call objectives, meeting outcomes, and action items. "
TXN00078,KEYTRUDA,Oncology,NSCLC,South,Karnataka,T003,Surgeon,Rep_1,15,139132,2026-01-01,"Product Overview: KEYTRUDA is used in NSCLC. Clinical discussion covered approved indications, patient eligibility, efficacy, safety, monitoring, treatment pathway, and physician education. Sales discussion included customer questions, objections, market access, competitor comparison, follow-up planning, CRM updates, scientific literature sharing, compliant promotion, and future engagement opportunities. Territory insights included prescription trends, customer behavior, business opportunities, formulary discussions, regional planning, call objectives, meeting outcomes, and action items. Product Overview: KEYTRUDA is used in NSCLC. Clinical discussion covered approved indications, patient eligibility, efficacy, safety, monitoring, treatment pathway, and physician education. Sales discussion included customer questions, objections, market access, competitor comparison, follow-up planning, CRM updates, scientific literature sharing, compliant promotion, and future engagement opportunities. Territory insights included prescription trends, customer behavior, business opportunities, formulary discussions, regional planning, call objectives, meeting outcomes, and action items. Product Overview: KEYTRUDA is used in NSCLC. Clinical discussion covered approved indications, patient eligibility, efficacy, safety, monitoring, treatment pathway, and physician education. Sales discussion included customer questions, objections, market access, competitor comparison, follow-up planning, CRM updates, scientific literature sharing, compliant promotion, and future engagement opportunities. Territory insights included prescription trends, customer behavior, business opportunities, formulary discussions, regional planning, call objectives, meeting outcomes, and action items. "
TXN00079,ZEPATIER,Infectious Disease,Hepatitis C,South,Maharashtra,T003,Surgeon,Rep_3,5,706904,2026-05-17,"Product Overview: ZEPATIER is used in Hepatitis C. Clinical discussion covered approved indications, patient eligibility, efficacy, safety, monitoring, treatment pathway, and physician education. Sales discussion included customer questions, objections, market access, competitor comparison, follow-up planning, CRM updates, scientific literature sharing, compliant promotion, and future engagement opportunities. Territory insights included prescription trends, customer behavior, business opportunities, formulary discussions, regional planning, call objectives, meeting outcomes, and action items. Product Overview: ZEPATIER is used in Hepatitis C. Clinical discussion covered approved indications, patient eligibility, efficacy, safety, monitoring, treatment pathway, and physician education. Sales discussion included customer questions, objections, market access, competitor comparison, follow-up planning, CRM updates, scientific literature sharing, compliant promotion, and future engagement opportunities. Territory insights included prescription trends, customer behavior, business opportunities, formulary discussions, regional planning, call objectives, meeting outcomes, and action items. Product Overview: ZEPATIER is used in Hepatitis C. Clinical discussion covered approved indications, patient eligibility, efficacy, safety, monitoring, treatment pathway, and physician education. Sales discussion included customer questions, objections, market access, competitor comparison, follow-up planning, CRM updates, scientific literature sharing, compliant promotion, and future engagement opportunities. Territory insights included prescription trends, customer behavior, business opportunities, formulary discussions, regional planning, call objectives, meeting outcomes, and action items. "
TXN00080,BRIDION,Hospital,Neuromuscular Blockade Reversal,North,Maharashtra,T001,Physician,Rep_5,19,251013,2026-07-09,"Product Overview: BRIDION is used in Neuromuscular Blockade Reversal. Clinical discussion covered approved indications, patient eligibility, efficacy, safety, monitoring, treatment pathway, and physician education. Sales discussion included customer questions, objections, market access, competitor comparison, follow-up planning, CRM updates, scientific literature sharing, compliant promotion, and future engagement opportunities. Territory insights included prescription trends, customer behavior, business opportunities, formulary discussions, regional planning, call objectives, meeting outcomes, and action items. Product Overview: BRIDION is used in Neuromuscular Blockade Reversal. Clinical discussion covered approved indications, patient eligibility, efficacy, safety, monitoring, treatment pathway, and physician education. Sales discussion included customer questions, objections, market access, competitor comparison, follow-up planning, CRM updates, scientific literature sharing, compliant promotion, and future engagement opportunities. Territory insights included prescription trends, customer behavior, business opportunities, formulary discussions, regional planning, call objectives, meeting outcomes, and action items. Product Overview: BRIDION is used in Neuromuscular Blockade Reversal. Clinical discussion covered approved indications, patient eligibility, efficacy, safety, monitoring, treatment pathway, and physician education. Sales discussion included customer questions, objections, market access, competitor comparison, follow-up planning, CRM updates, scientific literature sharing, compliant promotion, and future engagement opportunities. Territory insights included prescription trends, customer behavior, business opportunities, formulary discussions, regional planning, call objectives, meeting outcomes, and action items. "
TXN00081,WELIREG,Oncology,Renal Cell Carcinoma,North,Delhi,T002,Physician,Rep_3,8,548392,2026-04-18,"Product Overview: WELIREG is used in Renal Cell Carcinoma. Clinical discussion covered approved indications, patient eligibility, efficacy, safety, monitoring, treatment pathway, and physician education. Sales discussion included customer questions, objections, market access, competitor comparison, follow-up planning, CRM updates, scientific literature sharing, compliant promotion, and future engagement opportunities. Territory insights included prescription trends, customer behavior, business opportunities, formulary discussions, regional planning, call objectives, meeting outcomes, and action items. Product Overview: WELIREG is used in Renal Cell Carcinoma. Clinical discussion covered approved indications, patient eligibility, efficacy, safety, monitoring, treatment pathway, and physician education. Sales discussion included customer questions, objections, market access, competitor comparison, follow-up planning, CRM updates, scientific literature sharing, compliant promotion, and future engagement opportunities. Territory insights included prescription trends, customer behavior, business opportunities, formulary discussions, regional planning, call objectives, meeting outcomes, and action items. Product Overview: WELIREG is used in Renal Cell Carcinoma. Clinical discussion covered approved indications, patient eligibility, efficacy, safety, monitoring, treatment pathway, and physician education. Sales discussion included customer questions, objections, market access, competitor comparison, follow-up planning, CRM updates, scientific literature sharing, compliant promotion, and future engagement opportunities. Territory insights included prescription trends, customer behavior, business opportunities, formulary discussions, regional planning, call objectives, meeting outcomes, and action items. "
TXN00082,WELIREG,Oncology,Renal Cell Carcinoma,West,Delhi,T001,Oncologist,Rep_2,16,757225,2026-07-03,"Product Overview: WELIREG is used in Renal Cell Carcinoma. Clinical discussion covered approved indications, patient eligibility, efficacy, safety, monitoring, treatment pathway, and physician education. Sales discussion included customer questions, objections, market access, competitor comparison, follow-up planning, CRM updates, scientific literature sharing, compliant promotion, and future engagement opportunities. Territory insights included prescription trends, customer behavior, business opportunities, formulary discussions, regional planning, call objectives, meeting outcomes, and action items. Product Overview: WELIREG is used in Renal Cell Carcinoma. Clinical discussion covered approved indications, patient eligibility, efficacy, safety, monitoring, treatment pathway, and physician education. Sales discussion included customer questions, objections, market access, competitor comparison, follow-up planning, CRM updates, scientific literature sharing, compliant promotion, and future engagement opportunities. Territory insights included prescription trends, customer behavior, business opportunities, formulary discussions, regional planning, call objectives, meeting outcomes, and action items. Product Overview: WELIREG is used in Renal Cell Carcinoma. Clinical discussion covered approved indications, patient eligibility, efficacy, safety, monitoring, treatment pathway, and physician education. Sales discussion included customer questions, objections, market access, competitor comparison, follow-up planning, CRM updates, scientific literature sharing, compliant promotion, and future engagement opportunities. Territory insights included prescription trends, customer behavior, business opportunities, formulary discussions, regional planning, call objectives, meeting outcomes, and action items. "
TXN00083,GARDASIL 9,Vaccines,HPV Prevention,West,Delhi,T001,Physician,Rep_1,11,490985,2026-06-22,"Product Overview: GARDASIL 9 is used in HPV Prevention. Clinical discussion covered approved indications, patient eligibility, efficacy, safety, monitoring, treatment pathway, and physician education. Sales discussion included customer questions, objections, market access, competitor comparison, follow-up planning, CRM updates, scientific literature sharing, compliant promotion, and future engagement opportunities. Territory insights included prescription trends, customer behavior, business opportunities, formulary discussions, regional planning, call objectives, meeting outcomes, and action items. Product Overview: GARDASIL 9 is used in HPV Prevention. Clinical discussion covered approved indications, patient eligibility, efficacy, safety, monitoring, treatment pathway, and physician education. Sales discussion included customer questions, objections, market access, competitor comparison, follow-up planning, CRM updates, scientific literature sharing, compliant promotion, and future engagement opportunities. Territory insights included prescription trends, customer behavior, business opportunities, formulary discussions, regional planning, call objectives, meeting outcomes, and action items. Product Overview: GARDASIL 9 is used in HPV Prevention. Clinical discussion covered approved indications, patient eligibility, efficacy, safety, monitoring, treatment pathway, and physician education. Sales discussion included customer questions, objections, market access, competitor comparison, follow-up planning, CRM updates, scientific literature sharing, compliant promotion, and future engagement opportunities. Territory insights included prescription trends, customer behavior, business opportunities, formulary discussions, regional planning, call objectives, meeting outcomes, and action items. "
TXN00084,PNEUMOVAX 23,Vaccines,Pneumococcal Disease,North,Delhi,T003,Surgeon,Rep_1,7,569774,2026-04-10,"Product Overview: PNEUMOVAX 23 is used in Pneumococcal Disease. Clinical discussion covered approved indications, patient eligibility, efficacy, safety, monitoring, treatment pathway, and physician education. Sales discussion included customer questions, objections, market access, competitor comparison, follow-up planning, CRM updates, scientific literature sharing, compliant promotion, and future engagement opportunities. Territory insights included prescription trends, customer behavior, business opportunities, formulary discussions, regional planning, call objectives, meeting outcomes, and action items. Product Overview: PNEUMOVAX 23 is used in Pneumococcal Disease. Clinical discussion covered approved indications, patient eligibility, efficacy, safety, monitoring, treatment pathway, and physician education. Sales discussion included customer questions, objections, market access, competitor comparison, follow-up planning, CRM updates, scientific literature sharing, compliant promotion, and future engagement opportunities. Territory insights included prescription trends, customer behavior, business opportunities, formulary discussions, regional planning, call objectives, meeting outcomes, and action items. Product Overview: PNEUMOVAX 23 is used in Pneumococcal Disease. Clinical discussion covered approved indications, patient eligibility, efficacy, safety, monitoring, treatment pathway, and physician education. Sales discussion included customer questions, objections, market access, competitor comparison, follow-up planning, CRM updates, scientific literature sharing, compliant promotion, and future engagement opportunities. Territory insights included prescription trends, customer behavior, business opportunities, formulary discussions, regional planning, call objectives, meeting outcomes, and action items. "
TXN00085,ZEPATIER,Infectious Disease,Hepatitis C,South,Tamil Nadu,T001,Physician,Rep_3,4,703888,2026-08-20,"Product Overview: ZEPATIER is used in Hepatitis C. Clinical discussion covered approved indications, patient eligibility, efficacy, safety, monitoring, treatment pathway, and physician education. Sales discussion included customer questions, objections, market access, competitor comparison, follow-up planning, CRM updates, scientific literature sharing, compliant promotion, and future engagement opportunities. Territory insights included prescription trends, customer behavior, business opportunities, formulary discussions, regional planning, call objectives, meeting outcomes, and action items. Product Overview: ZEPATIER is used in Hepatitis C. Clinical discussion covered approved indications, patient eligibility, efficacy, safety, monitoring, treatment pathway, and physician education. Sales discussion included customer questions, objections, market access, competitor comparison, follow-up planning, CRM updates, scientific literature sharing, compliant promotion, and future engagement opportunities. Territory insights included prescription trends, customer behavior, business opportunities, formulary discussions, regional planning, call objectives, meeting outcomes, and action items. Product Overview: ZEPATIER is used in Hepatitis C. Clinical discussion covered approved indications, patient eligibility, efficacy, safety, monitoring, treatment pathway, and physician education. Sales discussion included customer questions, objections, market access, competitor comparison, follow-up planning, CRM updates, scientific literature sharing, compliant promotion, and future engagement opportunities. Territory insights included prescription trends, customer behavior, business opportunities, formulary discussions, regional planning, call objectives, meeting outcomes, and action items. "
TXN00086,WELIREG,Oncology,Renal Cell Carcinoma,West,Tamil Nadu,T003,Oncologist,Rep_5,5,462572,2026-01-07,"Product Overview: WELIREG is used in Renal Cell Carcinoma. Clinical discussion covered approved indications, patient eligibility, efficacy, safety, monitoring, treatment pathway, and physician education. Sales discussion included customer questions, objections, market access, competitor comparison, follow-up planning, CRM updates, scientific literature sharing, compliant promotion, and future engagement opportunities. Territory insights included prescription trends, customer behavior, business opportunities, formulary discussions, regional planning, call objectives, meeting outcomes, and action items. Product Overview: WELIREG is used in Renal Cell Carcinoma. Clinical discussion covered approved indications, patient eligibility, efficacy, safety, monitoring, treatment pathway, and physician education. Sales discussion included customer questions, objections, market access, competitor comparison, follow-up planning, CRM updates, scientific literature sharing, compliant promotion, and future engagement opportunities. Territory insights included prescription trends, customer behavior, business opportunities, formulary discussions, regional planning, call objectives, meeting outcomes, and action items. Product Overview: WELIREG is used in Renal Cell Carcinoma. Clinical discussion covered approved indications, patient eligibility, efficacy, safety, monitoring, treatment pathway, and physician education. Sales discussion included customer questions, objections, market access, competitor comparison, follow-up planning, CRM updates, scientific literature sharing, compliant promotion, and future engagement opportunities. Territory insights included prescription trends, customer behavior, business opportunities, formulary discussions, regional planning, call objectives, meeting outcomes, and action items. "
TXN00087,KEYTRUDA,Oncology,NSCLC,West,Maharashtra,T003,Oncologist,Rep_2,13,521483,2026-06-24,"Product Overview: KEYTRUDA is used in NSCLC. Clinical discussion covered approved indications, patient eligibility, efficacy, safety, monitoring, treatment pathway, and physician education. Sales discussion included customer questions, objections, market access, competitor comparison, follow-up planning, CRM updates, scientific literature sharing, compliant promotion, and future engagement opportunities. Territory insights included prescription trends, customer behavior, business opportunities, formulary discussions, regional planning, call objectives, meeting outcomes, and action items. Product Overview: KEYTRUDA is used in NSCLC. Clinical discussion covered approved indications, patient eligibility, efficacy, safety, monitoring, treatment pathway, and physician education. Sales discussion included customer questions, objections, market access, competitor comparison, follow-up planning, CRM updates, scientific literature sharing, compliant promotion, and future engagement opportunities. Territory insights included prescription trends, customer behavior, business opportunities, formulary discussions, regional planning, call objectives, meeting outcomes, and action items. Product Overview: KEYTRUDA is used in NSCLC. Clinical discussion covered approved indications, patient eligibility, efficacy, safety, monitoring, treatment pathway, and physician education. Sales discussion included customer questions, objections, market access, competitor comparison, follow-up planning, CRM updates, scientific literature sharing, compliant promotion, and future engagement opportunities. Territory insights included prescription trends, customer behavior, business opportunities, formulary discussions, regional planning, call objectives, meeting outcomes, and action items. "
TXN00088,KEYTRUDA,Oncology,NSCLC,South,Delhi,T001,Oncologist,Rep_5,15,83442,2026-05-22,"Product Overview: KEYTRUDA is used in NSCLC. Clinical discussion covered approved indications, patient eligibility, efficacy, safety, monitoring, treatment pathway, and physician education. Sales discussion included customer questions, objections, market access, competitor comparison, follow-up planning, CRM updates, scientific literature sharing, compliant promotion, and future engagement opportunities. Territory insights included prescription trends, customer behavior, business opportunities, formulary discussions, regional planning, call objectives, meeting outcomes, and action items. Product Overview: KEYTRUDA is used in NSCLC. Clinical discussion covered approved indications, patient eligibility, efficacy, safety, monitoring, treatment pathway, and physician education. Sales discussion included customer questions, objections, market access, competitor comparison, follow-up planning, CRM updates, scientific literature sharing, compliant promotion, and future engagement opportunities. Territory insights included prescription trends, customer behavior, business opportunities, formulary discussions, regional planning, call objectives, meeting outcomes, and action items. Product Overview: KEYTRUDA is used in NSCLC. Clinical discussion covered approved indications, patient eligibility, efficacy, safety, monitoring, treatment pathway, and physician education. Sales discussion included customer questions, objections, market access, competitor comparison, follow-up planning, CRM updates, scientific literature sharing, compliant promotion, and future engagement opportunities. Territory insights included prescription trends, customer behavior, business opportunities, formulary discussions, regional planning, call objectives, meeting outcomes, and action items. "
TXN00089,BRIDION,Hospital,Neuromuscular Blockade Reversal,East,Delhi,T002,Oncologist,Rep_1,1,132042,2026-05-03,"Product Overview: BRIDION is used in Neuromuscular Blockade Reversal. Clinical discussion covered approved indications, patient eligibility, efficacy, safety, monitoring, treatment pathway, and physician education. Sales discussion included customer questions, objections, market access, competitor comparison, follow-up planning, CRM updates, scientific literature sharing, compliant promotion, and future engagement opportunities. Territory insights included prescription trends, customer behavior, business opportunities, formulary discussions, regional planning, call objectives, meeting outcomes, and action items. Product Overview: BRIDION is used in Neuromuscular Blockade Reversal. Clinical discussion covered approved indications, patient eligibility, efficacy, safety, monitoring, treatment pathway, and physician education. Sales discussion included customer questions, objections, market access, competitor comparison, follow-up planning, CRM updates, scientific literature sharing, compliant promotion, and future engagement opportunities. Territory insights included prescription trends, customer behavior, business opportunities, formulary discussions, regional planning, call objectives, meeting outcomes, and action items. Product Overview: BRIDION is used in Neuromuscular Blockade Reversal. Clinical discussion covered approved indications, patient eligibility, efficacy, safety, monitoring, treatment pathway, and physician education. Sales discussion included customer questions, objections, market access, competitor comparison, follow-up planning, CRM updates, scientific literature sharing, compliant promotion, and future engagement opportunities. Territory insights included prescription trends, customer behavior, business opportunities, formulary discussions, regional planning, call objectives, meeting outcomes, and action items. "
TXN00090,GARDASIL 9,Vaccines,HPV Prevention,North,Karnataka,T002,Physician,Rep_3,14,142023,2026-01-23,"Product Overview: GARDASIL 9 is used in HPV Prevention. Clinical discussion covered approved indications, patient eligibility, efficacy, safety, monitoring, treatment pathway, and physician education. Sales discussion included customer questions, objections, market access, competitor comparison, follow-up planning, CRM updates, scientific literature sharing, compliant promotion, and future engagement opportunities. Territory insights included prescription trends, customer behavior, business opportunities, formulary discussions, regional planning, call objectives, meeting outcomes, and action items. Product Overview: GARDASIL 9 is used in HPV Prevention. Clinical discussion covered approved indications, patient eligibility, efficacy, safety, monitoring, treatment pathway, and physician education. Sales discussion included customer questions, objections, market access, competitor comparison, follow-up planning, CRM updates, scientific literature sharing, compliant promotion, and future engagement opportunities. Territory insights included prescription trends, customer behavior, business opportunities, formulary discussions, regional planning, call objectives, meeting outcomes, and action items. Product Overview: GARDASIL 9 is used in HPV Prevention. Clinical discussion covered approved indications, patient eligibility, efficacy, safety, monitoring, treatment pathway, and physician education. Sales discussion included customer questions, objections, market access, competitor comparison, follow-up planning, CRM updates, scientific literature sharing, compliant promotion, and future engagement opportunities. Territory insights included prescription trends, customer behavior, business opportunities, formulary discussions, regional planning, call objectives, meeting outcomes, and action items. "
TXN00091,PNEUMOVAX 23,Vaccines,Pneumococcal Disease,East,Tamil Nadu,T001,Physician,Rep_3,16,81753,2026-07-08,"Product Overview: PNEUMOVAX 23 is used in Pneumococcal Disease. Clinical discussion covered approved indications, patient eligibility, efficacy, safety, monitoring, treatment pathway, and physician education. Sales discussion included customer questions, objections, market access, competitor comparison, follow-up planning, CRM updates, scientific literature sharing, compliant promotion, and future engagement opportunities. Territory insights included prescription trends, customer behavior, business opportunities, formulary discussions, regional planning, call objectives, meeting outcomes, and action items. Product Overview: PNEUMOVAX 23 is used in Pneumococcal Disease. Clinical discussion covered approved indications, patient eligibility, efficacy, safety, monitoring, treatment pathway, and physician education. Sales discussion included customer questions, objections, market access, competitor comparison, follow-up planning, CRM updates, scientific literature sharing, compliant promotion, and future engagement opportunities. Territory insights included prescription trends, customer behavior, business opportunities, formulary discussions, regional planning, call objectives, meeting outcomes, and action items. Product Overview: PNEUMOVAX 23 is used in Pneumococcal Disease. Clinical discussion covered approved indications, patient eligibility, efficacy, safety, monitoring, treatment pathway, and physician education. Sales discussion included customer questions, objections, market access, competitor comparison, follow-up planning, CRM updates, scientific literature sharing, compliant promotion, and future engagement opportunities. Territory insights included prescription trends, customer behavior, business opportunities, formulary discussions, regional planning, call objectives, meeting outcomes, and action items. "
TXN00092,ZEPATIER,Infectious Disease,Hepatitis C,North,Tamil Nadu,T001,Physician,Rep_1,2,319500,2026-04-24,"Product Overview: ZEPATIER is used in Hepatitis C. Clinical discussion covered approved indications, patient eligibility, efficacy, safety, monitoring, treatment pathway, and physician education. Sales discussion included customer questions, objections, market access, competitor comparison, follow-up planning, CRM updates, scientific literature sharing, compliant promotion, and future engagement opportunities. Territory insights included prescription trends, customer behavior, business opportunities, formulary discussions, regional planning, call objectives, meeting outcomes, and action items. Product Overview: ZEPATIER is used in Hepatitis C. Clinical discussion covered approved indications, patient eligibility, efficacy, safety, monitoring, treatment pathway, and physician education. Sales discussion included customer questions, objections, market access, competitor comparison, follow-up planning, CRM updates, scientific literature sharing, compliant promotion, and future engagement opportunities. Territory insights included prescription trends, customer behavior, business opportunities, formulary discussions, regional planning, call objectives, meeting outcomes, and action items. Product Overview: ZEPATIER is used in Hepatitis C. Clinical discussion covered approved indications, patient eligibility, efficacy, safety, monitoring, treatment pathway, and physician education. Sales discussion included customer questions, objections, market access, competitor comparison, follow-up planning, CRM updates, scientific literature sharing, compliant promotion, and future engagement opportunities. Territory insights included prescription trends, customer behavior, business opportunities, formulary discussions, regional planning, call objectives, meeting outcomes, and action items. "
TXN00093,KEYTRUDA,Oncology,Melanoma,East,Delhi,T002,Surgeon,Rep_1,9,773074,2026-06-09,"Product Overview: KEYTRUDA is used in Melanoma. Clinical discussion covered approved indications, patient eligibility, efficacy, safety, monitoring, treatment pathway, and physician education. Sales discussion included customer questions, objections, market access, competitor comparison, follow-up planning, CRM updates, scientific literature sharing, compliant promotion, and future engagement opportunities. Territory insights included prescription trends, customer behavior, business opportunities, formulary discussions, regional planning, call objectives, meeting outcomes, and action items. Product Overview: KEYTRUDA is used in Melanoma. Clinical discussion covered approved indications, patient eligibility, efficacy, safety, monitoring, treatment pathway, and physician education. Sales discussion included customer questions, objections, market access, competitor comparison, follow-up planning, CRM updates, scientific literature sharing, compliant promotion, and future engagement opportunities. Territory insights included prescription trends, customer behavior, business opportunities, formulary discussions, regional planning, call objectives, meeting outcomes, and action items. Product Overview: KEYTRUDA is used in Melanoma. Clinical discussion covered approved indications, patient eligibility, efficacy, safety, monitoring, treatment pathway, and physician education. Sales discussion included customer questions, objections, market access, competitor comparison, follow-up planning, CRM updates, scientific literature sharing, compliant promotion, and future engagement opportunities. Territory insights included prescription trends, customer behavior, business opportunities, formulary discussions, regional planning, call objectives, meeting outcomes, and action items. "
TXN00094,GARDASIL 9,Vaccines,HPV Prevention,North,Maharashtra,T001,Oncologist,Rep_4,15,455290,2026-05-14,"Product Overview: GARDASIL 9 is used in HPV Prevention. Clinical discussion covered approved indications, patient eligibility, efficacy, safety, monitoring, treatment pathway, and physician education. Sales discussion included customer questions, objections, market access, competitor comparison, follow-up planning, CRM updates, scientific literature sharing, compliant promotion, and future engagement opportunities. Territory insights included prescription trends, customer behavior, business opportunities, formulary discussions, regional planning, call objectives, meeting outcomes, and action items. Product Overview: GARDASIL 9 is used in HPV Prevention. Clinical discussion covered approved indications, patient eligibility, efficacy, safety, monitoring, treatment pathway, and physician education. Sales discussion included customer questions, objections, market access, competitor comparison, follow-up planning, CRM updates, scientific literature sharing, compliant promotion, and future engagement opportunities. Territory insights included prescription trends, customer behavior, business opportunities, formulary discussions, regional planning, call objectives, meeting outcomes, and action items. Product Overview: GARDASIL 9 is used in HPV Prevention. Clinical discussion covered approved indications, patient eligibility, efficacy, safety, monitoring, treatment pathway, and physician education. Sales discussion included customer questions, objections, market access, competitor comparison, follow-up planning, CRM updates, scientific literature sharing, compliant promotion, and future engagement opportunities. Territory insights included prescription trends, customer behavior, business opportunities, formulary discussions, regional planning, call objectives, meeting outcomes, and action items. "
TXN00095,ZEPATIER,Infectious Disease,Hepatitis C,South,Tamil Nadu,T001,Oncologist,Rep_3,5,686752,2026-04-11,"Product Overview: ZEPATIER is used in Hepatitis C. Clinical discussion covered approved indications, patient eligibility, efficacy, safety, monitoring, treatment pathway, and physician education. Sales discussion included customer questions, objections, market access, competitor comparison, follow-up planning, CRM updates, scientific literature sharing, compliant promotion, and future engagement opportunities. Territory insights included prescription trends, customer behavior, business opportunities, formulary discussions, regional planning, call objectives, meeting outcomes, and action items. Product Overview: ZEPATIER is used in Hepatitis C. Clinical discussion covered approved indications, patient eligibility, efficacy, safety, monitoring, treatment pathway, and physician education. Sales discussion included customer questions, objections, market access, competitor comparison, follow-up planning, CRM updates, scientific literature sharing, compliant promotion, and future engagement opportunities. Territory insights included prescription trends, customer behavior, business opportunities, formulary discussions, regional planning, call objectives, meeting outcomes, and action items. Product Overview: ZEPATIER is used in Hepatitis C. Clinical discussion covered approved indications, patient eligibility, efficacy, safety, monitoring, treatment pathway, and physician education. Sales discussion included customer questions, objections, market access, competitor comparison, follow-up planning, CRM updates, scientific literature sharing, compliant promotion, and future engagement opportunities. Territory insights included prescription trends, customer behavior, business opportunities, formulary discussions, regional planning, call objectives, meeting outcomes, and action items. "
TXN00096,ZEPATIER,Infectious Disease,Hepatitis C,West,Delhi,T003,Oncologist,Rep_5,7,460711,2026-03-08,"Product Overview: ZEPATIER is used in Hepatitis C. Clinical discussion covered approved indications, patient eligibility, efficacy, safety, monitoring, treatment pathway, and physician education. Sales discussion included customer questions, objections, market access, competitor comparison, follow-up planning, CRM updates, scientific literature sharing, compliant promotion, and future engagement opportunities. Territory insights included prescription trends, customer behavior, business opportunities, formulary discussions, regional planning, call objectives, meeting outcomes, and action items. Product Overview: ZEPATIER is used in Hepatitis C. Clinical discussion covered approved indications, patient eligibility, efficacy, safety, monitoring, treatment pathway, and physician education. Sales discussion included customer questions, objections, market access, competitor comparison, follow-up planning, CRM updates, scientific literature sharing, compliant promotion, and future engagement opportunities. Territory insights included prescription trends, customer behavior, business opportunities, formulary discussions, regional planning, call objectives, meeting outcomes, and action items. Product Overview: ZEPATIER is used in Hepatitis C. Clinical discussion covered approved indications, patient eligibility, efficacy, safety, monitoring, treatment pathway, and physician education. Sales discussion included customer questions, objections, market access, competitor comparison, follow-up planning, CRM updates, scientific literature sharing, compliant promotion, and future engagement opportunities. Territory insights included prescription trends, customer behavior, business opportunities, formulary discussions, regional planning, call objectives, meeting outcomes, and action items. "
TXN00097,PNEUMOVAX 23,Vaccines,Pneumococcal Disease,North,Tamil Nadu,T003,Surgeon,Rep_3,6,497274,2026-02-03,"Product Overview: PNEUMOVAX 23 is used in Pneumococcal Disease. Clinical discussion covered approved indications, patient eligibility, efficacy, safety, monitoring, treatment pathway, and physician education. Sales discussion included customer questions, objections, market access, competitor comparison, follow-up planning, CRM updates, scientific literature sharing, compliant promotion, and future engagement opportunities. Territory insights included prescription trends, customer behavior, business opportunities, formulary discussions, regional planning, call objectives, meeting outcomes, and action items. Product Overview: PNEUMOVAX 23 is used in Pneumococcal Disease. Clinical discussion covered approved indications, patient eligibility, efficacy, safety, monitoring, treatment pathway, and physician education. Sales discussion included customer questions, objections, market access, competitor comparison, follow-up planning, CRM updates, scientific literature sharing, compliant promotion, and future engagement opportunities. Territory insights included prescription trends, customer behavior, business opportunities, formulary discussions, regional planning, call objectives, meeting outcomes, and action items. Product Overview: PNEUMOVAX 23 is used in Pneumococcal Disease. Clinical discussion covered approved indications, patient eligibility, efficacy, safety, monitoring, treatment pathway, and physician education. Sales discussion included customer questions, objections, market access, competitor comparison, follow-up planning, CRM updates, scientific literature sharing, compliant promotion, and future engagement opportunities. Territory insights included prescription trends, customer behavior, business opportunities, formulary discussions, regional planning, call objectives, meeting outcomes, and action items. "
TXN00098,GARDASIL 9,Vaccines,HPV Prevention,South,Maharashtra,T002,Physician,Rep_4,6,295572,2026-03-14,"Product Overview: GARDASIL 9 is used in HPV Prevention. Clinical discussion covered approved indications, patient eligibility, efficacy, safety, monitoring, treatment pathway, and physician education. Sales discussion included customer questions, objections, market access, competitor comparison, follow-up planning, CRM updates, scientific literature sharing, compliant promotion, and future engagement opportunities. Territory insights included prescription trends, customer behavior, business opportunities, formulary discussions, regional planning, call objectives, meeting outcomes, and action items. Product Overview: GARDASIL 9 is used in HPV Prevention. Clinical discussion covered approved indications, patient eligibility, efficacy, safety, monitoring, treatment pathway, and physician education. Sales discussion included customer questions, objections, market access, competitor comparison, follow-up planning, CRM updates, scientific literature sharing, compliant promotion, and future engagement opportunities. Territory insights included prescription trends, customer behavior, business opportunities, formulary discussions, regional planning, call objectives, meeting outcomes, and action items. Product Overview: GARDASIL 9 is used in HPV Prevention. Clinical discussion covered approved indications, patient eligibility, efficacy, safety, monitoring, treatment pathway, and physician education. Sales discussion included customer questions, objections, market access, competitor comparison, follow-up planning, CRM updates, scientific literature sharing, compliant promotion, and future engagement opportunities. Territory insights included prescription trends, customer behavior, business opportunities, formulary discussions, regional planning, call objectives, meeting outcomes, and action items. "
TXN00099,PNEUMOVAX 23,Vaccines,Pneumococcal Disease,North,Delhi,T002,Physician,Rep_5,9,441088,2026-05-24,"Product Overview: PNEUMOVAX 23 is used in Pneumococcal Disease. Clinical discussion covered approved indications, patient eligibility, efficacy, safety, monitoring, treatment pathway, and physician education. Sales discussion included customer questions, objections, market access, competitor comparison, follow-up planning, CRM updates, scientific literature sharing, compliant promotion, and future engagement opportunities. Territory insights included prescription trends, customer behavior, business opportunities, formulary discussions, regional planning, call objectives, meeting outcomes, and action items. Product Overview: PNEUMOVAX 23 is used in Pneumococcal Disease. Clinical discussion covered approved indications, patient eligibility, efficacy, safety, monitoring, treatment pathway, and physician education. Sales discussion included customer questions, objections, market access, competitor comparison, follow-up planning, CRM updates, scientific literature sharing, compliant promotion, and future engagement opportunities. Territory insights included prescription trends, customer behavior, business opportunities, formulary discussions, regional planning, call objectives, meeting outcomes, and action items. Product Overview: PNEUMOVAX 23 is used in Pneumococcal Disease. Clinical discussion covered approved indications, patient eligibility, efficacy, safety, monitoring, treatment pathway, and physician education. Sales discussion included customer questions, objections, market access, competitor comparison, follow-up planning, CRM updates, scientific literature sharing, compliant promotion, and future engagement opportunities. Territory insights included prescription trends, customer behavior, business opportunities, formulary discussions, regional planning, call objectives, meeting outcomes, and action items. "
TXN00100,GARDASIL 9,Vaccines,HPV Prevention,West,Karnataka,T001,Oncologist,Rep_2,5,345021,2026-04-11,"Product Overview: GARDASIL 9 is used in HPV Prevention. Clinical discussion covered approved indications, patient eligibility, efficacy, safety, monitoring, treatment pathway, and physician education. Sales discussion included customer questions, objections, market access, competitor comparison, follow-up planning, CRM updates, scientific literature sharing, compliant promotion, and future engagement opportunities. Territory insights included prescription trends, customer behavior, business opportunities, formulary discussions, regional planning, call objectives, meeting outcomes, and action items. Product Overview: GARDASIL 9 is used in HPV Prevention. Clinical discussion covered approved indications, patient eligibility, efficacy, safety, monitoring, treatment pathway, and physician education. Sales discussion included customer questions, objections, market access, competitor comparison, follow-up planning, CRM updates, scientific literature sharing, compliant promotion, and future engagement opportunities. Territory insights included prescription trends, customer behavior, business opportunities, formulary discussions, regional planning, call objectives, meeting outcomes, and action items. Product Overview: GARDASIL 9 is used in HPV Prevention. Clinical discussion covered approved indications, patient eligibility, efficacy, safety, monitoring, treatment pathway, and physician education. Sales discussion included customer questions, objections, market access, competitor comparison, follow-up planning, CRM updates, scientific literature sharing, compliant promotion, and future engagement opportunities. Territory insights included prescription trends, customer behavior, business opportunities, formulary discussions, regional planning, call objectives, meeting outcomes, and action items. "
TXN00101,KEYTRUDA,Oncology,Melanoma,East,Karnataka,T003,Surgeon,Rep_2,4,735062,2026-08-02,"Product Overview: KEYTRUDA is used in Melanoma. Clinical discussion covered approved indications, patient eligibility, efficacy, safety, monitoring, treatment pathway, and physician education. Sales discussion included customer questions, objections, market access, competitor comparison, follow-up planning, CRM updates, scientific literature sharing, compliant promotion, and future engagement opportunities. Territory insights included prescription trends, customer behavior, business opportunities, formulary discussions, regional planning, call objectives, meeting outcomes, and action items. Product Overview: KEYTRUDA is used in Melanoma. Clinical discussion covered approved indications, patient eligibility, efficacy, safety, monitoring, treatment pathway, and physician education. Sales discussion included customer questions, objections, market access, competitor comparison, follow-up planning, CRM updates, scientific literature sharing, compliant promotion, and future engagement opportunities. Territory insights included prescription trends, customer behavior, business opportunities, formulary discussions, regional planning, call objectives, meeting outcomes, and action items. Product Overview: KEYTRUDA is used in Melanoma. Clinical discussion covered approved indications, patient eligibility, efficacy, safety, monitoring, treatment pathway, and physician education. Sales discussion included customer questions, objections, market access, competitor comparison, follow-up planning, CRM updates, scientific literature sharing, compliant promotion, and future engagement opportunities. Territory insights included prescription trends, customer behavior, business opportunities, formulary discussions, regional planning, call objectives, meeting outcomes, and action items. "
TXN00102,KEYTRUDA,Oncology,NSCLC,West,Karnataka,T002,Physician,Rep_1,10,294205,2026-02-02,"Product Overview: KEYTRUDA is used in NSCLC. Clinical discussion covered approved indications, patient eligibility, efficacy, safety, monitoring, treatment pathway, and physician education. Sales discussion included customer questions, objections, market access, competitor comparison, follow-up planning, CRM updates, scientific literature sharing, compliant promotion, and future engagement opportunities. Territory insights included prescription trends, customer behavior, business opportunities, formulary discussions, regional planning, call objectives, meeting outcomes, and action items. Product Overview: KEYTRUDA is used in NSCLC. Clinical discussion covered approved indications, patient eligibility, efficacy, safety, monitoring, treatment pathway, and physician education. Sales discussion included customer questions, objections, market access, competitor comparison, follow-up planning, CRM updates, scientific literature sharing, compliant promotion, and future engagement opportunities. Territory insights included prescription trends, customer behavior, business opportunities, formulary discussions, regional planning, call objectives, meeting outcomes, and action items. Product Overview: KEYTRUDA is used in NSCLC. Clinical discussion covered approved indications, patient eligibility, efficacy, safety, monitoring, treatment pathway, and physician education. Sales discussion included customer questions, objections, market access, competitor comparison, follow-up planning, CRM updates, scientific literature sharing, compliant promotion, and future engagement opportunities. Territory insights included prescription trends, customer behavior, business opportunities, formulary discussions, regional planning, call objectives, meeting outcomes, and action items. "
TXN00103,WELIREG,Oncology,Renal Cell Carcinoma,North,Delhi,T003,Oncologist,Rep_4,20,322575,2026-01-04,"Product Overview: WELIREG is used in Renal Cell Carcinoma. Clinical discussion covered approved indications, patient eligibility, efficacy, safety, monitoring, treatment pathway, and physician education. Sales discussion included customer questions, objections, market access, competitor comparison, follow-up planning, CRM updates, scientific literature sharing, compliant promotion, and future engagement opportunities. Territory insights included prescription trends, customer behavior, business opportunities, formulary discussions, regional planning, call objectives, meeting outcomes, and action items. Product Overview: WELIREG is used in Renal Cell Carcinoma. Clinical discussion covered approved indications, patient eligibility, efficacy, safety, monitoring, treatment pathway, and physician education. Sales discussion included customer questions, objections, market access, competitor comparison, follow-up planning, CRM updates, scientific literature sharing, compliant promotion, and future engagement opportunities. Territory insights included prescription trends, customer behavior, business opportunities, formulary discussions, regional planning, call objectives, meeting outcomes, and action items. Product Overview: WELIREG is used in Renal Cell Carcinoma. Clinical discussion covered approved indications, patient eligibility, efficacy, safety, monitoring, treatment pathway, and physician education. Sales discussion included customer questions, objections, market access, competitor comparison, follow-up planning, CRM updates, scientific literature sharing, compliant promotion, and future engagement opportunities. Territory insights included prescription trends, customer behavior, business opportunities, formulary discussions, regional planning, call objectives, meeting outcomes, and action items. "
TXN00104,BRIDION,Hospital,Neuromuscular Blockade Reversal,South,Maharashtra,T002,Physician,Rep_2,2,263884,2026-05-02,"Product Overview: BRIDION is used in Neuromuscular Blockade Reversal. Clinical discussion covered approved indications, patient eligibility, efficacy, safety, monitoring, treatment pathway, and physician education. Sales discussion included customer questions, objections, market access, competitor comparison, follow-up planning, CRM updates, scientific literature sharing, compliant promotion, and future engagement opportunities. Territory insights included prescription trends, customer behavior, business opportunities, formulary discussions, regional planning, call objectives, meeting outcomes, and action items. Product Overview: BRIDION is used in Neuromuscular Blockade Reversal. Clinical discussion covered approved indications, patient eligibility, efficacy, safety, monitoring, treatment pathway, and physician education. Sales discussion included customer questions, objections, market access, competitor comparison, follow-up planning, CRM updates, scientific literature sharing, compliant promotion, and future engagement opportunities. Territory insights included prescription trends, customer behavior, business opportunities, formulary discussions, regional planning, call objectives, meeting outcomes, and action items. Product Overview: BRIDION is used in Neuromuscular Blockade Reversal. Clinical discussion covered approved indications, patient eligibility, efficacy, safety, monitoring, treatment pathway, and physician education. Sales discussion included customer questions, objections, market access, competitor comparison, follow-up planning, CRM updates, scientific literature sharing, compliant promotion, and future engagement opportunities. Territory insights included prescription trends, customer behavior, business opportunities, formulary discussions, regional planning, call objectives, meeting outcomes, and action items. "
TXN00105,JANUVIA,Diabetes,Type 2 Diabetes,North,Delhi,T002,Surgeon,Rep_3,6,701180,2026-05-03,"Product Overview: JANUVIA is used in Type 2 Diabetes. Clinical discussion covered approved indications, patient eligibility, efficacy, safety, monitoring, treatment pathway, and physician education. Sales discussion included customer questions, objections, market access, competitor comparison, follow-up planning, CRM updates, scientific literature sharing, compliant promotion, and future engagement opportunities. Territory insights included prescription trends, customer behavior, business opportunities, formulary discussions, regional planning, call objectives, meeting outcomes, and action items. Product Overview: JANUVIA is used in Type 2 Diabetes. Clinical discussion covered approved indications, patient eligibility, efficacy, safety, monitoring, treatment pathway, and physician education. Sales discussion included customer questions, objections, market access, competitor comparison, follow-up planning, CRM updates, scientific literature sharing, compliant promotion, and future engagement opportunities. Territory insights included prescription trends, customer behavior, business opportunities, formulary discussions, regional planning, call objectives, meeting outcomes, and action items. Product Overview: JANUVIA is used in Type 2 Diabetes. Clinical discussion covered approved indications, patient eligibility, efficacy, safety, monitoring, treatment pathway, and physician education. Sales discussion included customer questions, objections, market access, competitor comparison, follow-up planning, CRM updates, scientific literature sharing, compliant promotion, and future engagement opportunities. Territory insights included prescription trends, customer behavior, business opportunities, formulary discussions, regional planning, call objectives, meeting outcomes, and action items. "
TXN00106,WELIREG,Oncology,Renal Cell Carcinoma,West,Tamil Nadu,T001,Physician,Rep_1,13,746282,2026-03-21,"Product Overview: WELIREG is used in Renal Cell Carcinoma. Clinical discussion covered approved indications, patient eligibility, efficacy, safety, monitoring, treatment pathway, and physician education. Sales discussion included customer questions, objections, market access, competitor comparison, follow-up planning, CRM updates, scientific literature sharing, compliant promotion, and future engagement opportunities. Territory insights included prescription trends, customer behavior, business opportunities, formulary discussions, regional planning, call objectives, meeting outcomes, and action items. Product Overview: WELIREG is used in Renal Cell Carcinoma. Clinical discussion covered approved indications, patient eligibility, efficacy, safety, monitoring, treatment pathway, and physician education. Sales discussion included customer questions, objections, market access, competitor comparison, follow-up planning, CRM updates, scientific literature sharing, compliant promotion, and future engagement opportunities. Territory insights included prescription trends, customer behavior, business opportunities, formulary discussions, regional planning, call objectives, meeting outcomes, and action items. Product Overview: WELIREG is used in Renal Cell Carcinoma. Clinical discussion covered approved indications, patient eligibility, efficacy, safety, monitoring, treatment pathway, and physician education. Sales discussion included customer questions, objections, market access, competitor comparison, follow-up planning, CRM updates, scientific literature sharing, compliant promotion, and future engagement opportunities. Territory insights included prescription trends, customer behavior, business opportunities, formulary discussions, regional planning, call objectives, meeting outcomes, and action items. "
TXN00107,JANUVIA,Diabetes,Type 2 Diabetes,South,Tamil Nadu,T003,Physician,Rep_4,10,750250,2026-05-14,"Product Overview: JANUVIA is used in Type 2 Diabetes. Clinical discussion covered approved indications, patient eligibility, efficacy, safety, monitoring, treatment pathway, and physician education. Sales discussion included customer questions, objections, market access, competitor comparison, follow-up planning, CRM updates, scientific literature sharing, compliant promotion, and future engagement opportunities. Territory insights included prescription trends, customer behavior, business opportunities, formulary discussions, regional planning, call objectives, meeting outcomes, and action items. Product Overview: JANUVIA is used in Type 2 Diabetes. Clinical discussion covered approved indications, patient eligibility, efficacy, safety, monitoring, treatment pathway, and physician education. Sales discussion included customer questions, objections, market access, competitor comparison, follow-up planning, CRM updates, scientific literature sharing, compliant promotion, and future engagement opportunities. Territory insights included prescription trends, customer behavior, business opportunities, formulary discussions, regional planning, call objectives, meeting outcomes, and action items. Product Overview: JANUVIA is used in Type 2 Diabetes. Clinical discussion covered approved indications, patient eligibility, efficacy, safety, monitoring, treatment pathway, and physician education. Sales discussion included customer questions, objections, market access, competitor comparison, follow-up planning, CRM updates, scientific literature sharing, compliant promotion, and future engagement opportunities. Territory insights included prescription trends, customer behavior, business opportunities, formulary discussions, regional planning, call objectives, meeting outcomes, and action items. "
TXN00108,KEYTRUDA,Oncology,Melanoma,East,Tamil Nadu,T002,Oncologist,Rep_3,7,459711,2026-07-07,"Product Overview: KEYTRUDA is used in Melanoma. Clinical discussion covered approved indications, patient eligibility, efficacy, safety, monitoring, treatment pathway, and physician education. Sales discussion included customer questions, objections, market access, competitor comparison, follow-up planning, CRM updates, scientific literature sharing, compliant promotion, and future engagement opportunities. Territory insights included prescription trends, customer behavior, business opportunities, formulary discussions, regional planning, call objectives, meeting outcomes, and action items. Product Overview: KEYTRUDA is used in Melanoma. Clinical discussion covered approved indications, patient eligibility, efficacy, safety, monitoring, treatment pathway, and physician education. Sales discussion included customer questions, objections, market access, competitor comparison, follow-up planning, CRM updates, scientific literature sharing, compliant promotion, and future engagement opportunities. Territory insights included prescription trends, customer behavior, business opportunities, formulary discussions, regional planning, call objectives, meeting outcomes, and action items. Product Overview: KEYTRUDA is used in Melanoma. Clinical discussion covered approved indications, patient eligibility, efficacy, safety, monitoring, treatment pathway, and physician education. Sales discussion included customer questions, objections, market access, competitor comparison, follow-up planning, CRM updates, scientific literature sharing, compliant promotion, and future engagement opportunities. Territory insights included prescription trends, customer behavior, business opportunities, formulary discussions, regional planning, call objectives, meeting outcomes, and action items. "
TXN00109,KEYTRUDA,Oncology,Melanoma,South,Tamil Nadu,T001,Oncologist,Rep_4,19,432444,2026-08-25,"Product Overview: KEYTRUDA is used in Melanoma. Clinical discussion covered approved indications, patient eligibility, efficacy, safety, monitoring, treatment pathway, and physician education. Sales discussion included customer questions, objections, market access, competitor comparison, follow-up planning, CRM updates, scientific literature sharing, compliant promotion, and future engagement opportunities. Territory insights included prescription trends, customer behavior, business opportunities, formulary discussions, regional planning, call objectives, meeting outcomes, and action items. Product Overview: KEYTRUDA is used in Melanoma. Clinical discussion covered approved indications, patient eligibility, efficacy, safety, monitoring, treatment pathway, and physician education. Sales discussion included customer questions, objections, market access, competitor comparison, follow-up planning, CRM updates, scientific literature sharing, compliant promotion, and future engagement opportunities. Territory insights included prescription trends, customer behavior, business opportunities, formulary discussions, regional planning, call objectives, meeting outcomes, and action items. Product Overview: KEYTRUDA is used in Melanoma. Clinical discussion covered approved indications, patient eligibility, efficacy, safety, monitoring, treatment pathway, and physician education. Sales discussion included customer questions, objections, market access, competitor comparison, follow-up planning, CRM updates, scientific literature sharing, compliant promotion, and future engagement opportunities. Territory insights included prescription trends, customer behavior, business opportunities, formulary discussions, regional planning, call objectives, meeting outcomes, and action items. "
TXN00110,WELIREG,Oncology,Renal Cell Carcinoma,North,Maharashtra,T003,Oncologist,Rep_4,3,650691,2026-06-24,"Product Overview: WELIREG is used in Renal Cell Carcinoma. Clinical discussion covered approved indications, patient eligibility, efficacy, safety, monitoring, treatment pathway, and physician education. Sales discussion included customer questions, objections, market access, competitor comparison, follow-up planning, CRM updates, scientific literature sharing, compliant promotion, and future engagement opportunities. Territory insights included prescription trends, customer behavior, business opportunities, formulary discussions, regional planning, call objectives, meeting outcomes, and action items. Product Overview: WELIREG is used in Renal Cell Carcinoma. Clinical discussion covered approved indications, patient eligibility, efficacy, safety, monitoring, treatment pathway, and physician education. Sales discussion included customer questions, objections, market access, competitor comparison, follow-up planning, CRM updates, scientific literature sharing, compliant promotion, and future engagement opportunities. Territory insights included prescription trends, customer behavior, business opportunities, formulary discussions, regional planning, call objectives, meeting outcomes, and action items. Product Overview: WELIREG is used in Renal Cell Carcinoma. Clinical discussion covered approved indications, patient eligibility, efficacy, safety, monitoring, treatment pathway, and physician education. Sales discussion included customer questions, objections, market access, competitor comparison, follow-up planning, CRM updates, scientific literature sharing, compliant promotion, and future engagement opportunities. Territory insights included prescription trends, customer behavior, business opportunities, formulary discussions, regional planning, call objectives, meeting outcomes, and action items. "
TXN00111,JANUVIA,Diabetes,Type 2 Diabetes,South,Delhi,T002,Oncologist,Rep_5,6,120356,2026-02-13,"Product Overview: JANUVIA is used in Type 2 Diabetes. Clinical discussion covered approved indications, patient eligibility, efficacy, safety, monitoring, treatment pathway, and physician education. Sales discussion included customer questions, objections, market access, competitor comparison, follow-up planning, CRM updates, scientific literature sharing, compliant promotion, and future engagement opportunities. Territory insights included prescription trends, customer behavior, business opportunities, formulary discussions, regional planning, call objectives, meeting outcomes, and action items. Product Overview: JANUVIA is used in Type 2 Diabetes. Clinical discussion covered approved indications, patient eligibility, efficacy, safety, monitoring, treatment pathway, and physician education. Sales discussion included customer questions, objections, market access, competitor comparison, follow-up planning, CRM updates, scientific literature sharing, compliant promotion, and future engagement opportunities. Territory insights included prescription trends, customer behavior, business opportunities, formulary discussions, regional planning, call objectives, meeting outcomes, and action items. Product Overview: JANUVIA is used in Type 2 Diabetes. Clinical discussion covered approved indications, patient eligibility, efficacy, safety, monitoring, treatment pathway, and physician education. Sales discussion included customer questions, objections, market access, competitor comparison, follow-up planning, CRM updates, scientific literature sharing, compliant promotion, and future engagement opportunities. Territory insights included prescription trends, customer behavior, business opportunities, formulary discussions, regional planning, call objectives, meeting outcomes, and action items. "
TXN00112,PNEUMOVAX 23,Vaccines,Pneumococcal Disease,East,Karnataka,T001,Physician,Rep_3,2,687161,2026-07-03,"Product Overview: PNEUMOVAX 23 is used in Pneumococcal Disease. Clinical discussion covered approved indications, patient eligibility, efficacy, safety, monitoring, treatment pathway, and physician education. Sales discussion included customer questions, objections, market access, competitor comparison, follow-up planning, CRM updates, scientific literature sharing, compliant promotion, and future engagement opportunities. Territory insights included prescription trends, customer behavior, business opportunities, formulary discussions, regional planning, call objectives, meeting outcomes, and action items. Product Overview: PNEUMOVAX 23 is used in Pneumococcal Disease. Clinical discussion covered approved indications, patient eligibility, efficacy, safety, monitoring, treatment pathway, and physician education. Sales discussion included customer questions, objections, market access, competitor comparison, follow-up planning, CRM updates, scientific literature sharing, compliant promotion, and future engagement opportunities. Territory insights included prescription trends, customer behavior, business opportunities, formulary discussions, regional planning, call objectives, meeting outcomes, and action items. Product Overview: PNEUMOVAX 23 is used in Pneumococcal Disease. Clinical discussion covered approved indications, patient eligibility, efficacy, safety, monitoring, treatment pathway, and physician education. Sales discussion included customer questions, objections, market access, competitor comparison, follow-up planning, CRM updates, scientific literature sharing, compliant promotion, and future engagement opportunities. Territory insights included prescription trends, customer behavior, business opportunities, formulary discussions, regional planning, call objectives, meeting outcomes, and action items. "
TXN00113,BRIDION,Hospital,Neuromuscular Blockade Reversal,South,Tamil Nadu,T003,Oncologist,Rep_4,6,642893,2026-04-02,"Product Overview: BRIDION is used in Neuromuscular Blockade Reversal. Clinical discussion covered approved indications, patient eligibility, efficacy, safety, monitoring, treatment pathway, and physician education. Sales discussion included customer questions, objections, market access, competitor comparison, follow-up planning, CRM updates, scientific literature sharing, compliant promotion, and future engagement opportunities. Territory insights included prescription trends, customer behavior, business opportunities, formulary discussions, regional planning, call objectives, meeting outcomes, and action items. Product Overview: BRIDION is used in Neuromuscular Blockade Reversal. Clinical discussion covered approved indications, patient eligibility, efficacy, safety, monitoring, treatment pathway, and physician education. Sales discussion included customer questions, objections, market access, competitor comparison, follow-up planning, CRM updates, scientific literature sharing, compliant promotion, and future engagement opportunities. Territory insights included prescription trends, customer behavior, business opportunities, formulary discussions, regional planning, call objectives, meeting outcomes, and action items. Product Overview: BRIDION is used in Neuromuscular Blockade Reversal. Clinical discussion covered approved indications, patient eligibility, efficacy, safety, monitoring, treatment pathway, and physician education. Sales discussion included customer questions, objections, market access, competitor comparison, follow-up planning, CRM updates, scientific literature sharing, compliant promotion, and future engagement opportunities. Territory insights included prescription trends, customer behavior, business opportunities, formulary discussions, regional planning, call objectives, meeting outcomes, and action items. "
TXN00114,PNEUMOVAX 23,Vaccines,Pneumococcal Disease,West,Delhi,T001,Oncologist,Rep_2,7,93095,2026-01-22,"Product Overview: PNEUMOVAX 23 is used in Pneumococcal Disease. Clinical discussion covered approved indications, patient eligibility, efficacy, safety, monitoring, treatment pathway, and physician education. Sales discussion included customer questions, objections, market access, competitor comparison, follow-up planning, CRM updates, scientific literature sharing, compliant promotion, and future engagement opportunities. Territory insights included prescription trends, customer behavior, business opportunities, formulary discussions, regional planning, call objectives, meeting outcomes, and action items. Product Overview: PNEUMOVAX 23 is used in Pneumococcal Disease. Clinical discussion covered approved indications, patient eligibility, efficacy, safety, monitoring, treatment pathway, and physician education. Sales discussion included customer questions, objections, market access, competitor comparison, follow-up planning, CRM updates, scientific literature sharing, compliant promotion, and future engagement opportunities. Territory insights included prescription trends, customer behavior, business opportunities, formulary discussions, regional planning, call objectives, meeting outcomes, and action items. Product Overview: PNEUMOVAX 23 is used in Pneumococcal Disease. Clinical discussion covered approved indications, patient eligibility, efficacy, safety, monitoring, treatment pathway, and physician education. Sales discussion included customer questions, objections, market access, competitor comparison, follow-up planning, CRM updates, scientific literature sharing, compliant promotion, and future engagement opportunities. Territory insights included prescription trends, customer behavior, business opportunities, formulary discussions, regional planning, call objectives, meeting outcomes, and action items. "
TXN00115,ZEPATIER,Infectious Disease,Hepatitis C,North,Tamil Nadu,T003,Physician,Rep_5,10,730555,2026-07-10,"Product Overview: ZEPATIER is used in Hepatitis C. Clinical discussion covered approved indications, patient eligibility, efficacy, safety, monitoring, treatment pathway, and physician education. Sales discussion included customer questions, objections, market access, competitor comparison, follow-up planning, CRM updates, scientific literature sharing, compliant promotion, and future engagement opportunities. Territory insights included prescription trends, customer behavior, business opportunities, formulary discussions, regional planning, call objectives, meeting outcomes, and action items. Product Overview: ZEPATIER is used in Hepatitis C. Clinical discussion covered approved indications, patient eligibility, efficacy, safety, monitoring, treatment pathway, and physician education. Sales discussion included customer questions, objections, market access, competitor comparison, follow-up planning, CRM updates, scientific literature sharing, compliant promotion, and future engagement opportunities. Territory insights included prescription trends, customer behavior, business opportunities, formulary discussions, regional planning, call objectives, meeting outcomes, and action items. Product Overview: ZEPATIER is used in Hepatitis C. Clinical discussion covered approved indications, patient eligibility, efficacy, safety, monitoring, treatment pathway, and physician education. Sales discussion included customer questions, objections, market access, competitor comparison, follow-up planning, CRM updates, scientific literature sharing, compliant promotion, and future engagement opportunities. Territory insights included prescription trends, customer behavior, business opportunities, formulary discussions, regional planning, call objectives, meeting outcomes, and action items. "
TXN00116,JANUVIA,Diabetes,Type 2 Diabetes,West,Tamil Nadu,T003,Physician,Rep_4,17,509646,2026-03-01,"Product Overview: JANUVIA is used in Type 2 Diabetes. Clinical discussion covered approved indications, patient eligibility, efficacy, safety, monitoring, treatment pathway, and physician education. Sales discussion included customer questions, objections, market access, competitor comparison, follow-up planning, CRM updates, scientific literature sharing, compliant promotion, and future engagement opportunities. Territory insights included prescription trends, customer behavior, business opportunities, formulary discussions, regional planning, call objectives, meeting outcomes, and action items. Product Overview: JANUVIA is used in Type 2 Diabetes. Clinical discussion covered approved indications, patient eligibility, efficacy, safety, monitoring, treatment pathway, and physician education. Sales discussion included customer questions, objections, market access, competitor comparison, follow-up planning, CRM updates, scientific literature sharing, compliant promotion, and future engagement opportunities. Territory insights included prescription trends, customer behavior, business opportunities, formulary discussions, regional planning, call objectives, meeting outcomes, and action items. Product Overview: JANUVIA is used in Type 2 Diabetes. Clinical discussion covered approved indications, patient eligibility, efficacy, safety, monitoring, treatment pathway, and physician education. Sales discussion included customer questions, objections, market access, competitor comparison, follow-up planning, CRM updates, scientific literature sharing, compliant promotion, and future engagement opportunities. Territory insights included prescription trends, customer behavior, business opportunities, formulary discussions, regional planning, call objectives, meeting outcomes, and action items. "
TXN00117,KEYTRUDA,Oncology,Melanoma,West,Karnataka,T002,Surgeon,Rep_4,6,546205,2026-07-04,"Product Overview: KEYTRUDA is used in Melanoma. Clinical discussion covered approved indications, patient eligibility, efficacy, safety, monitoring, treatment pathway, and physician education. Sales discussion included customer questions, objections, market access, competitor comparison, follow-up planning, CRM updates, scientific literature sharing, compliant promotion, and future engagement opportunities. Territory insights included prescription trends, customer behavior, business opportunities, formulary discussions, regional planning, call objectives, meeting outcomes, and action items. Product Overview: KEYTRUDA is used in Melanoma. Clinical discussion covered approved indications, patient eligibility, efficacy, safety, monitoring, treatment pathway, and physician education. Sales discussion included customer questions, objections, market access, competitor comparison, follow-up planning, CRM updates, scientific literature sharing, compliant promotion, and future engagement opportunities. Territory insights included prescription trends, customer behavior, business opportunities, formulary discussions, regional planning, call objectives, meeting outcomes, and action items. Product Overview: KEYTRUDA is used in Melanoma. Clinical discussion covered approved indications, patient eligibility, efficacy, safety, monitoring, treatment pathway, and physician education. Sales discussion included customer questions, objections, market access, competitor comparison, follow-up planning, CRM updates, scientific literature sharing, compliant promotion, and future engagement opportunities. Territory insights included prescription trends, customer behavior, business opportunities, formulary discussions, regional planning, call objectives, meeting outcomes, and action items. "
TXN00118,KEYTRUDA,Oncology,NSCLC,East,Tamil Nadu,T002,Oncologist,Rep_4,17,584942,2026-01-02,"Product Overview: KEYTRUDA is used in NSCLC. Clinical discussion covered approved indications, patient eligibility, efficacy, safety, monitoring, treatment pathway, and physician education. Sales discussion included customer questions, objections, market access, competitor comparison, follow-up planning, CRM updates, scientific literature sharing, compliant promotion, and future engagement opportunities. Territory insights included prescription trends, customer behavior, business opportunities, formulary discussions, regional planning, call objectives, meeting outcomes, and action items. Product Overview: KEYTRUDA is used in NSCLC. Clinical discussion covered approved indications, patient eligibility, efficacy, safety, monitoring, treatment pathway, and physician education. Sales discussion included customer questions, objections, market access, competitor comparison, follow-up planning, CRM updates, scientific literature sharing, compliant promotion, and future engagement opportunities. Territory insights included prescription trends, customer behavior, business opportunities, formulary discussions, regional planning, call objectives, meeting outcomes, and action items. Product Overview: KEYTRUDA is used in NSCLC. Clinical discussion covered approved indications, patient eligibility, efficacy, safety, monitoring, treatment pathway, and physician education. Sales discussion included customer questions, objections, market access, competitor comparison, follow-up planning, CRM updates, scientific literature sharing, compliant promotion, and future engagement opportunities. Territory insights included prescription trends, customer behavior, business opportunities, formulary discussions, regional planning, call objectives, meeting outcomes, and action items. "
TXN00119,BRIDION,Hospital,Neuromuscular Blockade Reversal,North,Delhi,T003,Surgeon,Rep_1,2,578402,2026-07-21,"Product Overview: BRIDION is used in Neuromuscular Blockade Reversal. Clinical discussion covered approved indications, patient eligibility, efficacy, safety, monitoring, treatment pathway, and physician education. Sales discussion included customer questions, objections, market access, competitor comparison, follow-up planning, CRM updates, scientific literature sharing, compliant promotion, and future engagement opportunities. Territory insights included prescription trends, customer behavior, business opportunities, formulary discussions, regional planning, call objectives, meeting outcomes, and action items. Product Overview: BRIDION is used in Neuromuscular Blockade Reversal. Clinical discussion covered approved indications, patient eligibility, efficacy, safety, monitoring, treatment pathway, and physician education. Sales discussion included customer questions, objections, market access, competitor comparison, follow-up planning, CRM updates, scientific literature sharing, compliant promotion, and future engagement opportunities. Territory insights included prescription trends, customer behavior, business opportunities, formulary discussions, regional planning, call objectives, meeting outcomes, and action items. Product Overview: BRIDION is used in Neuromuscular Blockade Reversal. Clinical discussion covered approved indications, patient eligibility, efficacy, safety, monitoring, treatment pathway, and physician education. Sales discussion included customer questions, objections, market access, competitor comparison, follow-up planning, CRM updates, scientific literature sharing, compliant promotion, and future engagement opportunities. Territory insights included prescription trends, customer behavior, business opportunities, formulary discussions, regional planning, call objectives, meeting outcomes, and action items. "
TXN00120,ZEPATIER,Infectious Disease,Hepatitis C,North,Maharashtra,T003,Surgeon,Rep_1,7,188010,2026-08-10,"Product Overview: ZEPATIER is used in Hepatitis C. Clinical discussion covered approved indications, patient eligibility, efficacy, safety, monitoring, treatment pathway, and physician education. Sales discussion included customer questions, objections, market access, competitor comparison, follow-up planning, CRM updates, scientific literature sharing, compliant promotion, and future engagement opportunities. Territory insights included prescription trends, customer behavior, business opportunities, formulary discussions, regional planning, call objectives, meeting outcomes, and action items. Product Overview: ZEPATIER is used in Hepatitis C. Clinical discussion covered approved indications, patient eligibility, efficacy, safety, monitoring, treatment pathway, and physician education. Sales discussion included customer questions, objections, market access, competitor comparison, follow-up planning, CRM updates, scientific literature sharing, compliant promotion, and future engagement opportunities. Territory insights included prescription trends, customer behavior, business opportunities, formulary discussions, regional planning, call objectives, meeting outcomes, and action items. Product Overview: ZEPATIER is used in Hepatitis C. Clinical discussion covered approved indications, patient eligibility, efficacy, safety, monitoring, treatment pathway, and physician education. Sales discussion included customer questions, objections, market access, competitor comparison, follow-up planning, CRM updates, scientific literature sharing, compliant promotion, and future engagement opportunities. Territory insights included prescription trends, customer behavior, business opportunities, formulary discussions, regional planning, call objectives, meeting outcomes, and action items. "
TXN00121,ZEPATIER,Infectious Disease,Hepatitis C,South,Maharashtra,T002,Surgeon,Rep_3,6,389569,2026-05-27,"Product Overview: ZEPATIER is used in Hepatitis C. Clinical discussion covered approved indications, patient eligibility, efficacy, safety, monitoring, treatment pathway, and physician education. Sales discussion included customer questions, objections, market access, competitor comparison, follow-up planning, CRM updates, scientific literature sharing, compliant promotion, and future engagement opportunities. Territory insights included prescription trends, customer behavior, business opportunities, formulary discussions, regional planning, call objectives, meeting outcomes, and action items. Product Overview: ZEPATIER is used in Hepatitis C. Clinical discussion covered approved indications, patient eligibility, efficacy, safety, monitoring, treatment pathway, and physician education. Sales discussion included customer questions, objections, market access, competitor comparison, follow-up planning, CRM updates, scientific literature sharing, compliant promotion, and future engagement opportunities. Territory insights included prescription trends, customer behavior, business opportunities, formulary discussions, regional planning, call objectives, meeting outcomes, and action items. Product Overview: ZEPATIER is used in Hepatitis C. Clinical discussion covered approved indications, patient eligibility, efficacy, safety, monitoring, treatment pathway, and physician education. Sales discussion included customer questions, objections, market access, competitor comparison, follow-up planning, CRM updates, scientific literature sharing, compliant promotion, and future engagement opportunities. Territory insights included prescription trends, customer behavior, business opportunities, formulary discussions, regional planning, call objectives, meeting outcomes, and action items. "
TXN00122,PNEUMOVAX 23,Vaccines,Pneumococcal Disease,East,Tamil Nadu,T001,Surgeon,Rep_3,20,580586,2026-04-11,"Product Overview: PNEUMOVAX 23 is used in Pneumococcal Disease. Clinical discussion covered approved indications, patient eligibility, efficacy, safety, monitoring, treatment pathway, and physician education. Sales discussion included customer questions, objections, market access, competitor comparison, follow-up planning, CRM updates, scientific literature sharing, compliant promotion, and future engagement opportunities. Territory insights included prescription trends, customer behavior, business opportunities, formulary discussions, regional planning, call objectives, meeting outcomes, and action items. Product Overview: PNEUMOVAX 23 is used in Pneumococcal Disease. Clinical discussion covered approved indications, patient eligibility, efficacy, safety, monitoring, treatment pathway, and physician education. Sales discussion included customer questions, objections, market access, competitor comparison, follow-up planning, CRM updates, scientific literature sharing, compliant promotion, and future engagement opportunities. Territory insights included prescription trends, customer behavior, business opportunities, formulary discussions, regional planning, call objectives, meeting outcomes, and action items. Product Overview: PNEUMOVAX 23 is used in Pneumococcal Disease. Clinical discussion covered approved indications, patient eligibility, efficacy, safety, monitoring, treatment pathway, and physician education. Sales discussion included customer questions, objections, market access, competitor comparison, follow-up planning, CRM updates, scientific literature sharing, compliant promotion, and future engagement opportunities. Territory insights included prescription trends, customer behavior, business opportunities, formulary discussions, regional planning, call objectives, meeting outcomes, and action items. "
TXN00123,GARDASIL 9,Vaccines,HPV Prevention,South,Karnataka,T002,Oncologist,Rep_3,11,445146,2026-03-26,"Product Overview: GARDASIL 9 is used in HPV Prevention. Clinical discussion covered approved indications, patient eligibility, efficacy, safety, monitoring, treatment pathway, and physician education. Sales discussion included customer questions, objections, market access, competitor comparison, follow-up planning, CRM updates, scientific literature sharing, compliant promotion, and future engagement opportunities. Territory insights included prescription trends, customer behavior, business opportunities, formulary discussions, regional planning, call objectives, meeting outcomes, and action items. Product Overview: GARDASIL 9 is used in HPV Prevention. Clinical discussion covered approved indications, patient eligibility, efficacy, safety, monitoring, treatment pathway, and physician education. Sales discussion included customer questions, objections, market access, competitor comparison, follow-up planning, CRM updates, scientific literature sharing, compliant promotion, and future engagement opportunities. Territory insights included prescription trends, customer behavior, business opportunities, formulary discussions, regional planning, call objectives, meeting outcomes, and action items. Product Overview: GARDASIL 9 is used in HPV Prevention. Clinical discussion covered approved indications, patient eligibility, efficacy, safety, monitoring, treatment pathway, and physician education. Sales discussion included customer questions, objections, market access, competitor comparison, follow-up planning, CRM updates, scientific literature sharing, compliant promotion, and future engagement opportunities. Territory insights included prescription trends, customer behavior, business opportunities, formulary discussions, regional planning, call objectives, meeting outcomes, and action items. "
TXN00124,ZEPATIER,Infectious Disease,Hepatitis C,North,Maharashtra,T003,Physician,Rep_4,18,596782,2026-02-09,"Product Overview: ZEPATIER is used in Hepatitis C. Clinical discussion covered approved indications, patient eligibility, efficacy, safety, monitoring, treatment pathway, and physician education. Sales discussion included customer questions, objections, market access, competitor comparison, follow-up planning, CRM updates, scientific literature sharing, compliant promotion, and future engagement opportunities. Territory insights included prescription trends, customer behavior, business opportunities, formulary discussions, regional planning, call objectives, meeting outcomes, and action items. Product Overview: ZEPATIER is used in Hepatitis C. Clinical discussion covered approved indications, patient eligibility, efficacy, safety, monitoring, treatment pathway, and physician education. Sales discussion included customer questions, objections, market access, competitor comparison, follow-up planning, CRM updates, scientific literature sharing, compliant promotion, and future engagement opportunities. Territory insights included prescription trends, customer behavior, business opportunities, formulary discussions, regional planning, call objectives, meeting outcomes, and action items. Product Overview: ZEPATIER is used in Hepatitis C. Clinical discussion covered approved indications, patient eligibility, efficacy, safety, monitoring, treatment pathway, and physician education. Sales discussion included customer questions, objections, market access, competitor comparison, follow-up planning, CRM updates, scientific literature sharing, compliant promotion, and future engagement opportunities. Territory insights included prescription trends, customer behavior, business opportunities, formulary discussions, regional planning, call objectives, meeting outcomes, and action items. "
TXN00125,JANUVIA,Diabetes,Type 2 Diabetes,East,Delhi,T002,Physician,Rep_5,5,427750,2026-06-25,"Product Overview: JANUVIA is used in Type 2 Diabetes. Clinical discussion covered approved indications, patient eligibility, efficacy, safety, monitoring, treatment pathway, and physician education. Sales discussion included customer questions, objections, market access, competitor comparison, follow-up planning, CRM updates, scientific literature sharing, compliant promotion, and future engagement opportunities. Territory insights included prescription trends, customer behavior, business opportunities, formulary discussions, regional planning, call objectives, meeting outcomes, and action items. Product Overview: JANUVIA is used in Type 2 Diabetes. Clinical discussion covered approved indications, patient eligibility, efficacy, safety, monitoring, treatment pathway, and physician education. Sales discussion included customer questions, objections, market access, competitor comparison, follow-up planning, CRM updates, scientific literature sharing, compliant promotion, and future engagement opportunities. Territory insights included prescription trends, customer behavior, business opportunities, formulary discussions, regional planning, call objectives, meeting outcomes, and action items. Product Overview: JANUVIA is used in Type 2 Diabetes. Clinical discussion covered approved indications, patient eligibility, efficacy, safety, monitoring, treatment pathway, and physician education. Sales discussion included customer questions, objections, market access, competitor comparison, follow-up planning, CRM updates, scientific literature sharing, compliant promotion, and future engagement opportunities. Territory insights included prescription trends, customer behavior, business opportunities, formulary discussions, regional planning, call objectives, meeting outcomes, and action items. "
TXN00126,KEYTRUDA,Oncology,Melanoma,South,Karnataka,T003,Surgeon,Rep_1,10,591177,2026-05-10,"Product Overview: KEYTRUDA is used in Melanoma. Clinical discussion covered approved indications, patient eligibility, efficacy, safety, monitoring, treatment pathway, and physician education. Sales discussion included customer questions, objections, market access, competitor comparison, follow-up planning, CRM updates, scientific literature sharing, compliant promotion, and future engagement opportunities. Territory insights included prescription trends, customer behavior, business opportunities, formulary discussions, regional planning, call objectives, meeting outcomes, and action items. Product Overview: KEYTRUDA is used in Melanoma. Clinical discussion covered approved indications, patient eligibility, efficacy, safety, monitoring, treatment pathway, and physician education. Sales discussion included customer questions, objections, market access, competitor comparison, follow-up planning, CRM updates, scientific literature sharing, compliant promotion, and future engagement opportunities. Territory insights included prescription trends, customer behavior, business opportunities, formulary discussions, regional planning, call objectives, meeting outcomes, and action items. Product Overview: KEYTRUDA is used in Melanoma. Clinical discussion covered approved indications, patient eligibility, efficacy, safety, monitoring, treatment pathway, and physician education. Sales discussion included customer questions, objections, market access, competitor comparison, follow-up planning, CRM updates, scientific literature sharing, compliant promotion, and future engagement opportunities. Territory insights included prescription trends, customer behavior, business opportunities, formulary discussions, regional planning, call objectives, meeting outcomes, and action items. "
TXN00127,BRIDION,Hospital,Neuromuscular Blockade Reversal,North,Maharashtra,T001,Oncologist,Rep_3,20,706008,2026-07-14,"Product Overview: BRIDION is used in Neuromuscular Blockade Reversal. Clinical discussion covered approved indications, patient eligibility, efficacy, safety, monitoring, treatment pathway, and physician education. Sales discussion included customer questions, objections, market access, competitor comparison, follow-up planning, CRM updates, scientific literature sharing, compliant promotion, and future engagement opportunities. Territory insights included prescription trends, customer behavior, business opportunities, formulary discussions, regional planning, call objectives, meeting outcomes, and action items. Product Overview: BRIDION is used in Neuromuscular Blockade Reversal. Clinical discussion covered approved indications, patient eligibility, efficacy, safety, monitoring, treatment pathway, and physician education. Sales discussion included customer questions, objections, market access, competitor comparison, follow-up planning, CRM updates, scientific literature sharing, compliant promotion, and future engagement opportunities. Territory insights included prescription trends, customer behavior, business opportunities, formulary discussions, regional planning, call objectives, meeting outcomes, and action items. Product Overview: BRIDION is used in Neuromuscular Blockade Reversal. Clinical discussion covered approved indications, patient eligibility, efficacy, safety, monitoring, treatment pathway, and physician education. Sales discussion included customer questions, objections, market access, competitor comparison, follow-up planning, CRM updates, scientific literature sharing, compliant promotion, and future engagement opportunities. Territory insights included prescription trends, customer behavior, business opportunities, formulary discussions, regional planning, call objectives, meeting outcomes, and action items. "
TXN00128,JANUVIA,Diabetes,Type 2 Diabetes,North,Karnataka,T002,Oncologist,Rep_5,2,73372,2026-01-01,"Product Overview: JANUVIA is used in Type 2 Diabetes. Clinical discussion covered approved indications, patient eligibility, efficacy, safety, monitoring, treatment pathway, and physician education. Sales discussion included customer questions, objections, market access, competitor comparison, follow-up planning, CRM updates, scientific literature sharing, compliant promotion, and future engagement opportunities. Territory insights included prescription trends, customer behavior, business opportunities, formulary discussions, regional planning, call objectives, meeting outcomes, and action items. Product Overview: JANUVIA is used in Type 2 Diabetes. Clinical discussion covered approved indications, patient eligibility, efficacy, safety, monitoring, treatment pathway, and physician education. Sales discussion included customer questions, objections, market access, competitor comparison, follow-up planning, CRM updates, scientific literature sharing, compliant promotion, and future engagement opportunities. Territory insights included prescription trends, customer behavior, business opportunities, formulary discussions, regional planning, call objectives, meeting outcomes, and action items. Product Overview: JANUVIA is used in Type 2 Diabetes. Clinical discussion covered approved indications, patient eligibility, efficacy, safety, monitoring, treatment pathway, and physician education. Sales discussion included customer questions, objections, market access, competitor comparison, follow-up planning, CRM updates, scientific literature sharing, compliant promotion, and future engagement opportunities. Territory insights included prescription trends, customer behavior, business opportunities, formulary discussions, regional planning, call objectives, meeting outcomes, and action items. "
TXN00129,JANUVIA,Diabetes,Type 2 Diabetes,East,Maharashtra,T003,Physician,Rep_5,8,483311,2026-05-19,"Product Overview: JANUVIA is used in Type 2 Diabetes. Clinical discussion covered approved indications, patient eligibility, efficacy, safety, monitoring, treatment pathway, and physician education. Sales discussion included customer questions, objections, market access, competitor comparison, follow-up planning, CRM updates, scientific literature sharing, compliant promotion, and future engagement opportunities. Territory insights included prescription trends, customer behavior, business opportunities, formulary discussions, regional planning, call objectives, meeting outcomes, and action items. Product Overview: JANUVIA is used in Type 2 Diabetes. Clinical discussion covered approved indications, patient eligibility, efficacy, safety, monitoring, treatment pathway, and physician education. Sales discussion included customer questions, objections, market access, competitor comparison, follow-up planning, CRM updates, scientific literature sharing, compliant promotion, and future engagement opportunities. Territory insights included prescription trends, customer behavior, business opportunities, formulary discussions, regional planning, call objectives, meeting outcomes, and action items. Product Overview: JANUVIA is used in Type 2 Diabetes. Clinical discussion covered approved indications, patient eligibility, efficacy, safety, monitoring, treatment pathway, and physician education. Sales discussion included customer questions, objections, market access, competitor comparison, follow-up planning, CRM updates, scientific literature sharing, compliant promotion, and future engagement opportunities. Territory insights included prescription trends, customer behavior, business opportunities, formulary discussions, regional planning, call objectives, meeting outcomes, and action items. "
TXN00130,WELIREG,Oncology,Renal Cell Carcinoma,East,Tamil Nadu,T001,Oncologist,Rep_1,8,791838,2026-03-15,"Product Overview: WELIREG is used in Renal Cell Carcinoma. Clinical discussion covered approved indications, patient eligibility, efficacy, safety, monitoring, treatment pathway, and physician education. Sales discussion included customer questions, objections, market access, competitor comparison, follow-up planning, CRM updates, scientific literature sharing, compliant promotion, and future engagement opportunities. Territory insights included prescription trends, customer behavior, business opportunities, formulary discussions, regional planning, call objectives, meeting outcomes, and action items. Product Overview: WELIREG is used in Renal Cell Carcinoma. Clinical discussion covered approved indications, patient eligibility, efficacy, safety, monitoring, treatment pathway, and physician education. Sales discussion included customer questions, objections, market access, competitor comparison, follow-up planning, CRM updates, scientific literature sharing, compliant promotion, and future engagement opportunities. Territory insights included prescription trends, customer behavior, business opportunities, formulary discussions, regional planning, call objectives, meeting outcomes, and action items. Product Overview: WELIREG is used in Renal Cell Carcinoma. Clinical discussion covered approved indications, patient eligibility, efficacy, safety, monitoring, treatment pathway, and physician education. Sales discussion included customer questions, objections, market access, competitor comparison, follow-up planning, CRM updates, scientific literature sharing, compliant promotion, and future engagement opportunities. Territory insights included prescription trends, customer behavior, business opportunities, formulary discussions, regional planning, call objectives, meeting outcomes, and action items. "
TXN00131,KEYTRUDA,Oncology,NSCLC,South,Delhi,T002,Physician,Rep_1,2,726276,2026-06-20,"Product Overview: KEYTRUDA is used in NSCLC. Clinical discussion covered approved indications, patient eligibility, efficacy, safety, monitoring, treatment pathway, and physician education. Sales discussion included customer questions, objections, market access, competitor comparison, follow-up planning, CRM updates, scientific literature sharing, compliant promotion, and future engagement opportunities. Territory insights included prescription trends, customer behavior, business opportunities, formulary discussions, regional planning, call objectives, meeting outcomes, and action items. Product Overview: KEYTRUDA is used in NSCLC. Clinical discussion covered approved indications, patient eligibility, efficacy, safety, monitoring, treatment pathway, and physician education. Sales discussion included customer questions, objections, market access, competitor comparison, follow-up planning, CRM updates, scientific literature sharing, compliant promotion, and future engagement opportunities. Territory insights included prescription trends, customer behavior, business opportunities, formulary discussions, regional planning, call objectives, meeting outcomes, and action items. Product Overview: KEYTRUDA is used in NSCLC. Clinical discussion covered approved indications, patient eligibility, efficacy, safety, monitoring, treatment pathway, and physician education. Sales discussion included customer questions, objections, market access, competitor comparison, follow-up planning, CRM updates, scientific literature sharing, compliant promotion, and future engagement opportunities. Territory insights included prescription trends, customer behavior, business opportunities, formulary discussions, regional planning, call objectives, meeting outcomes, and action items. "
TXN00132,BRIDION,Hospital,Neuromuscular Blockade Reversal,West,Karnataka,T001,Oncologist,Rep_1,2,607346,2026-01-13,"Product Overview: BRIDION is used in Neuromuscular Blockade Reversal. Clinical discussion covered approved indications, patient eligibility, efficacy, safety, monitoring, treatment pathway, and physician education. Sales discussion included customer questions, objections, market access, competitor comparison, follow-up planning, CRM updates, scientific literature sharing, compliant promotion, and future engagement opportunities. Territory insights included prescription trends, customer behavior, business opportunities, formulary discussions, regional planning, call objectives, meeting outcomes, and action items. Product Overview: BRIDION is used in Neuromuscular Blockade Reversal. Clinical discussion covered approved indications, patient eligibility, efficacy, safety, monitoring, treatment pathway, and physician education. Sales discussion included customer questions, objections, market access, competitor comparison, follow-up planning, CRM updates, scientific literature sharing, compliant promotion, and future engagement opportunities. Territory insights included prescription trends, customer behavior, business opportunities, formulary discussions, regional planning, call objectives, meeting outcomes, and action items. Product Overview: BRIDION is used in Neuromuscular Blockade Reversal. Clinical discussion covered approved indications, patient eligibility, efficacy, safety, monitoring, treatment pathway, and physician education. Sales discussion included customer questions, objections, market access, competitor comparison, follow-up planning, CRM updates, scientific literature sharing, compliant promotion, and future engagement opportunities. Territory insights included prescription trends, customer behavior, business opportunities, formulary discussions, regional planning, call objectives, meeting outcomes, and action items. "
TXN00133,WELIREG,Oncology,Renal Cell Carcinoma,South,Maharashtra,T001,Oncologist,Rep_5,18,738704,2026-04-05,"Product Overview: WELIREG is used in Renal Cell Carcinoma. Clinical discussion covered approved indications, patient eligibility, efficacy, safety, monitoring, treatment pathway, and physician education. Sales discussion included customer questions, objections, market access, competitor comparison, follow-up planning, CRM updates, scientific literature sharing, compliant promotion, and future engagement opportunities. Territory insights included prescription trends, customer behavior, business opportunities, formulary discussions, regional planning, call objectives, meeting outcomes, and action items. Product Overview: WELIREG is used in Renal Cell Carcinoma. Clinical discussion covered approved indications, patient eligibility, efficacy, safety, monitoring, treatment pathway, and physician education. Sales discussion included customer questions, objections, market access, competitor comparison, follow-up planning, CRM updates, scientific literature sharing, compliant promotion, and future engagement opportunities. Territory insights included prescription trends, customer behavior, business opportunities, formulary discussions, regional planning, call objectives, meeting outcomes, and action items. Product Overview: WELIREG is used in Renal Cell Carcinoma. Clinical discussion covered approved indications, patient eligibility, efficacy, safety, monitoring, treatment pathway, and physician education. Sales discussion included customer questions, objections, market access, competitor comparison, follow-up planning, CRM updates, scientific literature sharing, compliant promotion, and future engagement opportunities. Territory insights included prescription trends, customer behavior, business opportunities, formulary discussions, regional planning, call objectives, meeting outcomes, and action items. "
TXN00134,PNEUMOVAX 23,Vaccines,Pneumococcal Disease,West,Karnataka,T003,Physician,Rep_1,10,706370,2026-01-24,"Product Overview: PNEUMOVAX 23 is used in Pneumococcal Disease. Clinical discussion covered approved indications, patient eligibility, efficacy, safety, monitoring, treatment pathway, and physician education. Sales discussion included customer questions, objections, market access, competitor comparison, follow-up planning, CRM updates, scientific literature sharing, compliant promotion, and future engagement opportunities. Territory insights included prescription trends, customer behavior, business opportunities, formulary discussions, regional planning, call objectives, meeting outcomes, and action items. Product Overview: PNEUMOVAX 23 is used in Pneumococcal Disease. Clinical discussion covered approved indications, patient eligibility, efficacy, safety, monitoring, treatment pathway, and physician education. Sales discussion included customer questions, objections, market access, competitor comparison, follow-up planning, CRM updates, scientific literature sharing, compliant promotion, and future engagement opportunities. Territory insights included prescription trends, customer behavior, business opportunities, formulary discussions, regional planning, call objectives, meeting outcomes, and action items. Product Overview: PNEUMOVAX 23 is used in Pneumococcal Disease. Clinical discussion covered approved indications, patient eligibility, efficacy, safety, monitoring, treatment pathway, and physician education. Sales discussion included customer questions, objections, market access, competitor comparison, follow-up planning, CRM updates, scientific literature sharing, compliant promotion, and future engagement opportunities. Territory insights included prescription trends, customer behavior, business opportunities, formulary discussions, regional planning, call objectives, meeting outcomes, and action items. "
TXN00135,ZEPATIER,Infectious Disease,Hepatitis C,North,Tamil Nadu,T002,Surgeon,Rep_4,3,737374,2026-08-06,"Product Overview: ZEPATIER is used in Hepatitis C. Clinical discussion covered approved indications, patient eligibility, efficacy, safety, monitoring, treatment pathway, and physician education. Sales discussion included customer questions, objections, market access, competitor comparison, follow-up planning, CRM updates, scientific literature sharing, compliant promotion, and future engagement opportunities. Territory insights included prescription trends, customer behavior, business opportunities, formulary discussions, regional planning, call objectives, meeting outcomes, and action items. Product Overview: ZEPATIER is used in Hepatitis C. Clinical discussion covered approved indications, patient eligibility, efficacy, safety, monitoring, treatment pathway, and physician education. Sales discussion included customer questions, objections, market access, competitor comparison, follow-up planning, CRM updates, scientific literature sharing, compliant promotion, and future engagement opportunities. Territory insights included prescription trends, customer behavior, business opportunities, formulary discussions, regional planning, call objectives, meeting outcomes, and action items. Product Overview: ZEPATIER is used in Hepatitis C. Clinical discussion covered approved indications, patient eligibility, efficacy, safety, monitoring, treatment pathway, and physician education. Sales discussion included customer questions, objections, market access, competitor comparison, follow-up planning, CRM updates, scientific literature sharing, compliant promotion, and future engagement opportunities. Territory insights included prescription trends, customer behavior, business opportunities, formulary discussions, regional planning, call objectives, meeting outcomes, and action items. "
TXN00136,WELIREG,Oncology,Renal Cell Carcinoma,East,Karnataka,T003,Oncologist,Rep_1,11,778874,2026-05-23,"Product Overview: WELIREG is used in Renal Cell Carcinoma. Clinical discussion covered approved indications, patient eligibility, efficacy, safety, monitoring, treatment pathway, and physician education. Sales discussion included customer questions, objections, market access, competitor comparison, follow-up planning, CRM updates, scientific literature sharing, compliant promotion, and future engagement opportunities. Territory insights included prescription trends, customer behavior, business opportunities, formulary discussions, regional planning, call objectives, meeting outcomes, and action items. Product Overview: WELIREG is used in Renal Cell Carcinoma. Clinical discussion covered approved indications, patient eligibility, efficacy, safety, monitoring, treatment pathway, and physician education. Sales discussion included customer questions, objections, market access, competitor comparison, follow-up planning, CRM updates, scientific literature sharing, compliant promotion, and future engagement opportunities. Territory insights included prescription trends, customer behavior, business opportunities, formulary discussions, regional planning, call objectives, meeting outcomes, and action items. Product Overview: WELIREG is used in Renal Cell Carcinoma. Clinical discussion covered approved indications, patient eligibility, efficacy, safety, monitoring, treatment pathway, and physician education. Sales discussion included customer questions, objections, market access, competitor comparison, follow-up planning, CRM updates, scientific literature sharing, compliant promotion, and future engagement opportunities. Territory insights included prescription trends, customer behavior, business opportunities, formulary discussions, regional planning, call objectives, meeting outcomes, and action items. "
TXN00137,KEYTRUDA,Oncology,Melanoma,West,Delhi,T002,Surgeon,Rep_2,3,582077,2026-01-06,"Product Overview: KEYTRUDA is used in Melanoma. Clinical discussion covered approved indications, patient eligibility, efficacy, safety, monitoring, treatment pathway, and physician education. Sales discussion included customer questions, objections, market access, competitor comparison, follow-up planning, CRM updates, scientific literature sharing, compliant promotion, and future engagement opportunities. Territory insights included prescription trends, customer behavior, business opportunities, formulary discussions, regional planning, call objectives, meeting outcomes, and action items. Product Overview: KEYTRUDA is used in Melanoma. Clinical discussion covered approved indications, patient eligibility, efficacy, safety, monitoring, treatment pathway, and physician education. Sales discussion included customer questions, objections, market access, competitor comparison, follow-up planning, CRM updates, scientific literature sharing, compliant promotion, and future engagement opportunities. Territory insights included prescription trends, customer behavior, business opportunities, formulary discussions, regional planning, call objectives, meeting outcomes, and action items. Product Overview: KEYTRUDA is used in Melanoma. Clinical discussion covered approved indications, patient eligibility, efficacy, safety, monitoring, treatment pathway, and physician education. Sales discussion included customer questions, objections, market access, competitor comparison, follow-up planning, CRM updates, scientific literature sharing, compliant promotion, and future engagement opportunities. Territory insights included prescription trends, customer behavior, business opportunities, formulary discussions, regional planning, call objectives, meeting outcomes, and action items. "
TXN00138,GARDASIL 9,Vaccines,HPV Prevention,South,Karnataka,T003,Physician,Rep_2,13,394513,2026-04-13,"Product Overview: GARDASIL 9 is used in HPV Prevention. Clinical discussion covered approved indications, patient eligibility, efficacy, safety, monitoring, treatment pathway, and physician education. Sales discussion included customer questions, objections, market access, competitor comparison, follow-up planning, CRM updates, scientific literature sharing, compliant promotion, and future engagement opportunities. Territory insights included prescription trends, customer behavior, business opportunities, formulary discussions, regional planning, call objectives, meeting outcomes, and action items. Product Overview: GARDASIL 9 is used in HPV Prevention. Clinical discussion covered approved indications, patient eligibility, efficacy, safety, monitoring, treatment pathway, and physician education. Sales discussion included customer questions, objections, market access, competitor comparison, follow-up planning, CRM updates, scientific literature sharing, compliant promotion, and future engagement opportunities. Territory insights included prescription trends, customer behavior, business opportunities, formulary discussions, regional planning, call objectives, meeting outcomes, and action items. Product Overview: GARDASIL 9 is used in HPV Prevention. Clinical discussion covered approved indications, patient eligibility, efficacy, safety, monitoring, treatment pathway, and physician education. Sales discussion included customer questions, objections, market access, competitor comparison, follow-up planning, CRM updates, scientific literature sharing, compliant promotion, and future engagement opportunities. Territory insights included prescription trends, customer behavior, business opportunities, formulary discussions, regional planning, call objectives, meeting outcomes, and action items. "
TXN00139,ZEPATIER,Infectious Disease,Hepatitis C,West,Maharashtra,T001,Physician,Rep_2,19,372700,2026-04-13,"Product Overview: ZEPATIER is used in Hepatitis C. Clinical discussion covered approved indications, patient eligibility, efficacy, safety, monitoring, treatment pathway, and physician education. Sales discussion included customer questions, objections, market access, competitor comparison, follow-up planning, CRM updates, scientific literature sharing, compliant promotion, and future engagement opportunities. Territory insights included prescription trends, customer behavior, business opportunities, formulary discussions, regional planning, call objectives, meeting outcomes, and action items. Product Overview: ZEPATIER is used in Hepatitis C. Clinical discussion covered approved indications, patient eligibility, efficacy, safety, monitoring, treatment pathway, and physician education. Sales discussion included customer questions, objections, market access, competitor comparison, follow-up planning, CRM updates, scientific literature sharing, compliant promotion, and future engagement opportunities. Territory insights included prescription trends, customer behavior, business opportunities, formulary discussions, regional planning, call objectives, meeting outcomes, and action items. Product Overview: ZEPATIER is used in Hepatitis C. Clinical discussion covered approved indications, patient eligibility, efficacy, safety, monitoring, treatment pathway, and physician education. Sales discussion included customer questions, objections, market access, competitor comparison, follow-up planning, CRM updates, scientific literature sharing, compliant promotion, and future engagement opportunities. Territory insights included prescription trends, customer behavior, business opportunities, formulary discussions, regional planning, call objectives, meeting outcomes, and action items. "
TXN00140,JANUVIA,Diabetes,Type 2 Diabetes,South,Karnataka,T001,Oncologist,Rep_1,4,702181,2026-03-12,"Product Overview: JANUVIA is used in Type 2 Diabetes. Clinical discussion covered approved indications, patient eligibility, efficacy, safety, monitoring, treatment pathway, and physician education. Sales discussion included customer questions, objections, market access, competitor comparison, follow-up planning, CRM updates, scientific literature sharing, compliant promotion, and future engagement opportunities. Territory insights included prescription trends, customer behavior, business opportunities, formulary discussions, regional planning, call objectives, meeting outcomes, and action items. Product Overview: JANUVIA is used in Type 2 Diabetes. Clinical discussion covered approved indications, patient eligibility, efficacy, safety, monitoring, treatment pathway, and physician education. Sales discussion included customer questions, objections, market access, competitor comparison, follow-up planning, CRM updates, scientific literature sharing, compliant promotion, and future engagement opportunities. Territory insights included prescription trends, customer behavior, business opportunities, formulary discussions, regional planning, call objectives, meeting outcomes, and action items. Product Overview: JANUVIA is used in Type 2 Diabetes. Clinical discussion covered approved indications, patient eligibility, efficacy, safety, monitoring, treatment pathway, and physician education. Sales discussion included customer questions, objections, market access, competitor comparison, follow-up planning, CRM updates, scientific literature sharing, compliant promotion, and future engagement opportunities. Territory insights included prescription trends, customer behavior, business opportunities, formulary discussions, regional planning, call objectives, meeting outcomes, and action items. "
TXN00141,WELIREG,Oncology,Renal Cell Carcinoma,North,Maharashtra,T001,Surgeon,Rep_1,3,98957,2026-02-28,"Product Overview: WELIREG is used in Renal Cell Carcinoma. Clinical discussion covered approved indications, patient eligibility, efficacy, safety, monitoring, treatment pathway, and physician education. Sales discussion included customer questions, objections, market access, competitor comparison, follow-up planning, CRM updates, scientific literature sharing, compliant promotion, and future engagement opportunities. Territory insights included prescription trends, customer behavior, business opportunities, formulary discussions, regional planning, call objectives, meeting outcomes, and action items. Product Overview: WELIREG is used in Renal Cell Carcinoma. Clinical discussion covered approved indications, patient eligibility, efficacy, safety, monitoring, treatment pathway, and physician education. Sales discussion included customer questions, objections, market access, competitor comparison, follow-up planning, CRM updates, scientific literature sharing, compliant promotion, and future engagement opportunities. Territory insights included prescription trends, customer behavior, business opportunities, formulary discussions, regional planning, call objectives, meeting outcomes, and action items. Product Overview: WELIREG is used in Renal Cell Carcinoma. Clinical discussion covered approved indications, patient eligibility, efficacy, safety, monitoring, treatment pathway, and physician education. Sales discussion included customer questions, objections, market access, competitor comparison, follow-up planning, CRM updates, scientific literature sharing, compliant promotion, and future engagement opportunities. Territory insights included prescription trends, customer behavior, business opportunities, formulary discussions, regional planning, call objectives, meeting outcomes, and action items. "
TXN00142,JANUVIA,Diabetes,Type 2 Diabetes,South,Maharashtra,T003,Physician,Rep_1,8,265716,2026-04-04,"Product Overview: JANUVIA is used in Type 2 Diabetes. Clinical discussion covered approved indications, patient eligibility, efficacy, safety, monitoring, treatment pathway, and physician education. Sales discussion included customer questions, objections, market access, competitor comparison, follow-up planning, CRM updates, scientific literature sharing, compliant promotion, and future engagement opportunities. Territory insights included prescription trends, customer behavior, business opportunities, formulary discussions, regional planning, call objectives, meeting outcomes, and action items. Product Overview: JANUVIA is used in Type 2 Diabetes. Clinical discussion covered approved indications, patient eligibility, efficacy, safety, monitoring, treatment pathway, and physician education. Sales discussion included customer questions, objections, market access, competitor comparison, follow-up planning, CRM updates, scientific literature sharing, compliant promotion, and future engagement opportunities. Territory insights included prescription trends, customer behavior, business opportunities, formulary discussions, regional planning, call objectives, meeting outcomes, and action items. Product Overview: JANUVIA is used in Type 2 Diabetes. Clinical discussion covered approved indications, patient eligibility, efficacy, safety, monitoring, treatment pathway, and physician education. Sales discussion included customer questions, objections, market access, competitor comparison, follow-up planning, CRM updates, scientific literature sharing, compliant promotion, and future engagement opportunities. Territory insights included prescription trends, customer behavior, business opportunities, formulary discussions, regional planning, call objectives, meeting outcomes, and action items. "
TXN00143,KEYTRUDA,Oncology,NSCLC,North,Delhi,T002,Oncologist,Rep_2,4,727715,2026-04-10,"Product Overview: KEYTRUDA is used in NSCLC. Clinical discussion covered approved indications, patient eligibility, efficacy, safety, monitoring, treatment pathway, and physician education. Sales discussion included customer questions, objections, market access, competitor comparison, follow-up planning, CRM updates, scientific literature sharing, compliant promotion, and future engagement opportunities. Territory insights included prescription trends, customer behavior, business opportunities, formulary discussions, regional planning, call objectives, meeting outcomes, and action items. Product Overview: KEYTRUDA is used in NSCLC. Clinical discussion covered approved indications, patient eligibility, efficacy, safety, monitoring, treatment pathway, and physician education. Sales discussion included customer questions, objections, market access, competitor comparison, follow-up planning, CRM updates, scientific literature sharing, compliant promotion, and future engagement opportunities. Territory insights included prescription trends, customer behavior, business opportunities, formulary discussions, regional planning, call objectives, meeting outcomes, and action items. Product Overview: KEYTRUDA is used in NSCLC. Clinical discussion covered approved indications, patient eligibility, efficacy, safety, monitoring, treatment pathway, and physician education. Sales discussion included customer questions, objections, market access, competitor comparison, follow-up planning, CRM updates, scientific literature sharing, compliant promotion, and future engagement opportunities. Territory insights included prescription trends, customer behavior, business opportunities, formulary discussions, regional planning, call objectives, meeting outcomes, and action items. "
TXN00144,GARDASIL 9,Vaccines,HPV Prevention,West,Delhi,T001,Physician,Rep_3,10,100759,2026-06-11,"Product Overview: GARDASIL 9 is used in HPV Prevention. Clinical discussion covered approved indications, patient eligibility, efficacy, safety, monitoring, treatment pathway, and physician education. Sales discussion included customer questions, objections, market access, competitor comparison, follow-up planning, CRM updates, scientific literature sharing, compliant promotion, and future engagement opportunities. Territory insights included prescription trends, customer behavior, business opportunities, formulary discussions, regional planning, call objectives, meeting outcomes, and action items. Product Overview: GARDASIL 9 is used in HPV Prevention. Clinical discussion covered approved indications, patient eligibility, efficacy, safety, monitoring, treatment pathway, and physician education. Sales discussion included customer questions, objections, market access, competitor comparison, follow-up planning, CRM updates, scientific literature sharing, compliant promotion, and future engagement opportunities. Territory insights included prescription trends, customer behavior, business opportunities, formulary discussions, regional planning, call objectives, meeting outcomes, and action items. Product Overview: GARDASIL 9 is used in HPV Prevention. Clinical discussion covered approved indications, patient eligibility, efficacy, safety, monitoring, treatment pathway, and physician education. Sales discussion included customer questions, objections, market access, competitor comparison, follow-up planning, CRM updates, scientific literature sharing, compliant promotion, and future engagement opportunities. Territory insights included prescription trends, customer behavior, business opportunities, formulary discussions, regional planning, call objectives, meeting outcomes, and action items. "
TXN00145,ZEPATIER,Infectious Disease,Hepatitis C,East,Maharashtra,T002,Oncologist,Rep_4,17,153074,2026-06-16,"Product Overview: ZEPATIER is used in Hepatitis C. Clinical discussion covered approved indications, patient eligibility, efficacy, safety, monitoring, treatment pathway, and physician education. Sales discussion included customer questions, objections, market access, competitor comparison, follow-up planning, CRM updates, scientific literature sharing, compliant promotion, and future engagement opportunities. Territory insights included prescription trends, customer behavior, business opportunities, formulary discussions, regional planning, call objectives, meeting outcomes, and action items. Product Overview: ZEPATIER is used in Hepatitis C. Clinical discussion covered approved indications, patient eligibility, efficacy, safety, monitoring, treatment pathway, and physician education. Sales discussion included customer questions, objections, market access, competitor comparison, follow-up planning, CRM updates, scientific literature sharing, compliant promotion, and future engagement opportunities. Territory insights included prescription trends, customer behavior, business opportunities, formulary discussions, regional planning, call objectives, meeting outcomes, and action items. Product Overview: ZEPATIER is used in Hepatitis C. Clinical discussion covered approved indications, patient eligibility, efficacy, safety, monitoring, treatment pathway, and physician education. Sales discussion included customer questions, objections, market access, competitor comparison, follow-up planning, CRM updates, scientific literature sharing, compliant promotion, and future engagement opportunities. Territory insights included prescription trends, customer behavior, business opportunities, formulary discussions, regional planning, call objectives, meeting outcomes, and action items. "
TXN00146,BRIDION,Hospital,Neuromuscular Blockade Reversal,South,Maharashtra,T003,Physician,Rep_2,14,51362,2026-04-10,"Product Overview: BRIDION is used in Neuromuscular Blockade Reversal. Clinical discussion covered approved indications, patient eligibility, efficacy, safety, monitoring, treatment pathway, and physician education. Sales discussion included customer questions, objections, market access, competitor comparison, follow-up planning, CRM updates, scientific literature sharing, compliant promotion, and future engagement opportunities. Territory insights included prescription trends, customer behavior, business opportunities, formulary discussions, regional planning, call objectives, meeting outcomes, and action items. Product Overview: BRIDION is used in Neuromuscular Blockade Reversal. Clinical discussion covered approved indications, patient eligibility, efficacy, safety, monitoring, treatment pathway, and physician education. Sales discussion included customer questions, objections, market access, competitor comparison, follow-up planning, CRM updates, scientific literature sharing, compliant promotion, and future engagement opportunities. Territory insights included prescription trends, customer behavior, business opportunities, formulary discussions, regional planning, call objectives, meeting outcomes, and action items. Product Overview: BRIDION is used in Neuromuscular Blockade Reversal. Clinical discussion covered approved indications, patient eligibility, efficacy, safety, monitoring, treatment pathway, and physician education. Sales discussion included customer questions, objections, market access, competitor comparison, follow-up planning, CRM updates, scientific literature sharing, compliant promotion, and future engagement opportunities. Territory insights included prescription trends, customer behavior, business opportunities, formulary discussions, regional planning, call objectives, meeting outcomes, and action items. "
TXN00147,ZEPATIER,Infectious Disease,Hepatitis C,North,Delhi,T002,Oncologist,Rep_4,6,568606,2026-06-27,"Product Overview: ZEPATIER is used in Hepatitis C. Clinical discussion covered approved indications, patient eligibility, efficacy, safety, monitoring, treatment pathway, and physician education. Sales discussion included customer questions, objections, market access, competitor comparison, follow-up planning, CRM updates, scientific literature sharing, compliant promotion, and future engagement opportunities. Territory insights included prescription trends, customer behavior, business opportunities, formulary discussions, regional planning, call objectives, meeting outcomes, and action items. Product Overview: ZEPATIER is used in Hepatitis C. Clinical discussion covered approved indications, patient eligibility, efficacy, safety, monitoring, treatment pathway, and physician education. Sales discussion included customer questions, objections, market access, competitor comparison, follow-up planning, CRM updates, scientific literature sharing, compliant promotion, and future engagement opportunities. Territory insights included prescription trends, customer behavior, business opportunities, formulary discussions, regional planning, call objectives, meeting outcomes, and action items. Product Overview: ZEPATIER is used in Hepatitis C. Clinical discussion covered approved indications, patient eligibility, efficacy, safety, monitoring, treatment pathway, and physician education. Sales discussion included customer questions, objections, market access, competitor comparison, follow-up planning, CRM updates, scientific literature sharing, compliant promotion, and future engagement opportunities. Territory insights included prescription trends, customer behavior, business opportunities, formulary discussions, regional planning, call objectives, meeting outcomes, and action items. "
TXN00148,JANUVIA,Diabetes,Type 2 Diabetes,South,Delhi,T001,Surgeon,Rep_2,16,223844,2026-02-21,"Product Overview: JANUVIA is used in Type 2 Diabetes. Clinical discussion covered approved indications, patient eligibility, efficacy, safety, monitoring, treatment pathway, and physician education. Sales discussion included customer questions, objections, market access, competitor comparison, follow-up planning, CRM updates, scientific literature sharing, compliant promotion, and future engagement opportunities. Territory insights included prescription trends, customer behavior, business opportunities, formulary discussions, regional planning, call objectives, meeting outcomes, and action items. Product Overview: JANUVIA is used in Type 2 Diabetes. Clinical discussion covered approved indications, patient eligibility, efficacy, safety, monitoring, treatment pathway, and physician education. Sales discussion included customer questions, objections, market access, competitor comparison, follow-up planning, CRM updates, scientific literature sharing, compliant promotion, and future engagement opportunities. Territory insights included prescription trends, customer behavior, business opportunities, formulary discussions, regional planning, call objectives, meeting outcomes, and action items. Product Overview: JANUVIA is used in Type 2 Diabetes. Clinical discussion covered approved indications, patient eligibility, efficacy, safety, monitoring, treatment pathway, and physician education. Sales discussion included customer questions, objections, market access, competitor comparison, follow-up planning, CRM updates, scientific literature sharing, compliant promotion, and future engagement opportunities. Territory insights included prescription trends, customer behavior, business opportunities, formulary discussions, regional planning, call objectives, meeting outcomes, and action items. "
TXN00149,ZEPATIER,Infectious Disease,Hepatitis C,West,Maharashtra,T003,Physician,Rep_3,4,470762,2026-07-24,"Product Overview: ZEPATIER is used in Hepatitis C. Clinical discussion covered approved indications, patient eligibility, efficacy, safety, monitoring, treatment pathway, and physician education. Sales discussion included customer questions, objections, market access, competitor comparison, follow-up planning, CRM updates, scientific literature sharing, compliant promotion, and future engagement opportunities. Territory insights included prescription trends, customer behavior, business opportunities, formulary discussions, regional planning, call objectives, meeting outcomes, and action items. Product Overview: ZEPATIER is used in Hepatitis C. Clinical discussion covered approved indications, patient eligibility, efficacy, safety, monitoring, treatment pathway, and physician education. Sales discussion included customer questions, objections, market access, competitor comparison, follow-up planning, CRM updates, scientific literature sharing, compliant promotion, and future engagement opportunities. Territory insights included prescription trends, customer behavior, business opportunities, formulary discussions, regional planning, call objectives, meeting outcomes, and action items. Product Overview: ZEPATIER is used in Hepatitis C. Clinical discussion covered approved indications, patient eligibility, efficacy, safety, monitoring, treatment pathway, and physician education. Sales discussion included customer questions, objections, market access, competitor comparison, follow-up planning, CRM updates, scientific literature sharing, compliant promotion, and future engagement opportunities. Territory insights included prescription trends, customer behavior, business opportunities, formulary discussions, regional planning, call objectives, meeting outcomes, and action items. "
TXN00150,KEYTRUDA,Oncology,Melanoma,North,Delhi,T001,Physician,Rep_3,14,621407,2026-03-13,"Product Overview: KEYTRUDA is used in Melanoma. Clinical discussion covered approved indications, patient eligibility, efficacy, safety, monitoring, treatment pathway, and physician education. Sales discussion included customer questions, objections, market access, competitor comparison, follow-up planning, CRM updates, scientific literature sharing, compliant promotion, and future engagement opportunities. Territory insights included prescription trends, customer behavior, business opportunities, formulary discussions, regional planning, call objectives, meeting outcomes, and action items. Product Overview: KEYTRUDA is used in Melanoma. Clinical discussion covered approved indications, patient eligibility, efficacy, safety, monitoring, treatment pathway, and physician education. Sales discussion included customer questions, objections, market access, competitor comparison, follow-up planning, CRM updates, scientific literature sharing, compliant promotion, and future engagement opportunities. Territory insights included prescription trends, customer behavior, business opportunities, formulary discussions, regional planning, call objectives, meeting outcomes, and action items. Product Overview: KEYTRUDA is used in Melanoma. Clinical discussion covered approved indications, patient eligibility, efficacy, safety, monitoring, treatment pathway, and physician education. Sales discussion included customer questions, objections, market access, competitor comparison, follow-up planning, CRM updates, scientific literature sharing, compliant promotion, and future engagement opportunities. Territory insights included prescription trends, customer behavior, business opportunities, formulary discussions, regional planning, call objectives, meeting outcomes, and action items. "
TXN00151,BRIDION,Hospital,Neuromuscular Blockade Reversal,West,Karnataka,T003,Surgeon,Rep_5,2,415413,2026-06-17,"Product Overview: BRIDION is used in Neuromuscular Blockade Reversal. Clinical discussion covered approved indications, patient eligibility, efficacy, safety, monitoring, treatment pathway, and physician education. Sales discussion included customer questions, objections, market access, competitor comparison, follow-up planning, CRM updates, scientific literature sharing, compliant promotion, and future engagement opportunities. Territory insights included prescription trends, customer behavior, business opportunities, formulary discussions, regional planning, call objectives, meeting outcomes, and action items. Product Overview: BRIDION is used in Neuromuscular Blockade Reversal. Clinical discussion covered approved indications, patient eligibility, efficacy, safety, monitoring, treatment pathway, and physician education. Sales discussion included customer questions, objections, market access, competitor comparison, follow-up planning, CRM updates, scientific literature sharing, compliant promotion, and future engagement opportunities. Territory insights included prescription trends, customer behavior, business opportunities, formulary discussions, regional planning, call objectives, meeting outcomes, and action items. Product Overview: BRIDION is used in Neuromuscular Blockade Reversal. Clinical discussion covered approved indications, patient eligibility, efficacy, safety, monitoring, treatment pathway, and physician education. Sales discussion included customer questions, objections, market access, competitor comparison, follow-up planning, CRM updates, scientific literature sharing, compliant promotion, and future engagement opportunities. Territory insights included prescription trends, customer behavior, business opportunities, formulary discussions, regional planning, call objectives, meeting outcomes, and action items. "
TXN00152,WELIREG,Oncology,VHL Disease,East,Karnataka,T002,Physician,Rep_3,19,292246,2026-03-11,"Product Overview: WELIREG is used in VHL Disease. Clinical discussion covered approved indications, patient eligibility, efficacy, safety, monitoring, treatment pathway, and physician education. Sales discussion included customer questions, objections, market access, competitor comparison, follow-up planning, CRM updates, scientific literature sharing, compliant promotion, and future engagement opportunities. Territory insights included prescription trends, customer behavior, business opportunities, formulary discussions, regional planning, call objectives, meeting outcomes, and action items. Product Overview: WELIREG is used in VHL Disease. Clinical discussion covered approved indications, patient eligibility, efficacy, safety, monitoring, treatment pathway, and physician education. Sales discussion included customer questions, objections, market access, competitor comparison, follow-up planning, CRM updates, scientific literature sharing, compliant promotion, and future engagement opportunities. Territory insights included prescription trends, customer behavior, business opportunities, formulary discussions, regional planning, call objectives, meeting outcomes, and action items. Product Overview: WELIREG is used in VHL Disease. Clinical discussion covered approved indications, patient eligibility, efficacy, safety, monitoring, treatment pathway, and physician education. Sales discussion included customer questions, objections, market access, competitor comparison, follow-up planning, CRM updates, scientific literature sharing, compliant promotion, and future engagement opportunities. Territory insights included prescription trends, customer behavior, business opportunities, formulary discussions, regional planning, call objectives, meeting outcomes, and action items. "
TXN00153,PNEUMOVAX 23,Vaccines,Pneumococcal Disease,South,Delhi,T002,Surgeon,Rep_5,5,213562,2026-04-24,"Product Overview: PNEUMOVAX 23 is used in Pneumococcal Disease. Clinical discussion covered approved indications, patient eligibility, efficacy, safety, monitoring, treatment pathway, and physician education. Sales discussion included customer questions, objections, market access, competitor comparison, follow-up planning, CRM updates, scientific literature sharing, compliant promotion, and future engagement opportunities. Territory insights included prescription trends, customer behavior, business opportunities, formulary discussions, regional planning, call objectives, meeting outcomes, and action items. Product Overview: PNEUMOVAX 23 is used in Pneumococcal Disease. Clinical discussion covered approved indications, patient eligibility, efficacy, safety, monitoring, treatment pathway, and physician education. Sales discussion included customer questions, objections, market access, competitor comparison, follow-up planning, CRM updates, scientific literature sharing, compliant promotion, and future engagement opportunities. Territory insights included prescription trends, customer behavior, business opportunities, formulary discussions, regional planning, call objectives, meeting outcomes, and action items. Product Overview: PNEUMOVAX 23 is used in Pneumococcal Disease. Clinical discussion covered approved indications, patient eligibility, efficacy, safety, monitoring, treatment pathway, and physician education. Sales discussion included customer questions, objections, market access, competitor comparison, follow-up planning, CRM updates, scientific literature sharing, compliant promotion, and future engagement opportunities. Territory insights included prescription trends, customer behavior, business opportunities, formulary discussions, regional planning, call objectives, meeting outcomes, and action items. "
TXN00154,GARDASIL 9,Vaccines,HPV Prevention,South,Karnataka,T002,Oncologist,Rep_3,4,222597,2026-02-07,"Product Overview: GARDASIL 9 is used in HPV Prevention. Clinical discussion covered approved indications, patient eligibility, efficacy, safety, monitoring, treatment pathway, and physician education. Sales discussion included customer questions, objections, market access, competitor comparison, follow-up planning, CRM updates, scientific literature sharing, compliant promotion, and future engagement opportunities. Territory insights included prescription trends, customer behavior, business opportunities, formulary discussions, regional planning, call objectives, meeting outcomes, and action items. Product Overview: GARDASIL 9 is used in HPV Prevention. Clinical discussion covered approved indications, patient eligibility, efficacy, safety, monitoring, treatment pathway, and physician education. Sales discussion included customer questions, objections, market access, competitor comparison, follow-up planning, CRM updates, scientific literature sharing, compliant promotion, and future engagement opportunities. Territory insights included prescription trends, customer behavior, business opportunities, formulary discussions, regional planning, call objectives, meeting outcomes, and action items. Product Overview: GARDASIL 9 is used in HPV Prevention. Clinical discussion covered approved indications, patient eligibility, efficacy, safety, monitoring, treatment pathway, and physician education. Sales discussion included customer questions, objections, market access, competitor comparison, follow-up planning, CRM updates, scientific literature sharing, compliant promotion, and future engagement opportunities. Territory insights included prescription trends, customer behavior, business opportunities, formulary discussions, regional planning, call objectives, meeting outcomes, and action items. "
TXN00155,PNEUMOVAX 23,Vaccines,Pneumococcal Disease,South,Delhi,T003,Physician,Rep_4,9,255721,2026-02-21,"Product Overview: PNEUMOVAX 23 is used in Pneumococcal Disease. Clinical discussion covered approved indications, patient eligibility, efficacy, safety, monitoring, treatment pathway, and physician education. Sales discussion included customer questions, objections, market access, competitor comparison, follow-up planning, CRM updates, scientific literature sharing, compliant promotion, and future engagement opportunities. Territory insights included prescription trends, customer behavior, business opportunities, formulary discussions, regional planning, call objectives, meeting outcomes, and action items. Product Overview: PNEUMOVAX 23 is used in Pneumococcal Disease. Clinical discussion covered approved indications, patient eligibility, efficacy, safety, monitoring, treatment pathway, and physician education. Sales discussion included customer questions, objections, market access, competitor comparison, follow-up planning, CRM updates, scientific literature sharing, compliant promotion, and future engagement opportunities. Territory insights included prescription trends, customer behavior, business opportunities, formulary discussions, regional planning, call objectives, meeting outcomes, and action items. Product Overview: PNEUMOVAX 23 is used in Pneumococcal Disease. Clinical discussion covered approved indications, patient eligibility, efficacy, safety, monitoring, treatment pathway, and physician education. Sales discussion included customer questions, objections, market access, competitor comparison, follow-up planning, CRM updates, scientific literature sharing, compliant promotion, and future engagement opportunities. Territory insights included prescription trends, customer behavior, business opportunities, formulary discussions, regional planning, call objectives, meeting outcomes, and action items. "
TXN00156,KEYTRUDA,Oncology,Melanoma,South,Tamil Nadu,T002,Oncologist,Rep_1,13,507732,2026-04-17,"Product Overview: KEYTRUDA is used in Melanoma. Clinical discussion covered approved indications, patient eligibility, efficacy, safety, monitoring, treatment pathway, and physician education. Sales discussion included customer questions, objections, market access, competitor comparison, follow-up planning, CRM updates, scientific literature sharing, compliant promotion, and future engagement opportunities. Territory insights included prescription trends, customer behavior, business opportunities, formulary discussions, regional planning, call objectives, meeting outcomes, and action items. Product Overview: KEYTRUDA is used in Melanoma. Clinical discussion covered approved indications, patient eligibility, efficacy, safety, monitoring, treatment pathway, and physician education. Sales discussion included customer questions, objections, market access, competitor comparison, follow-up planning, CRM updates, scientific literature sharing, compliant promotion, and future engagement opportunities. Territory insights included prescription trends, customer behavior, business opportunities, formulary discussions, regional planning, call objectives, meeting outcomes, and action items. Product Overview: KEYTRUDA is used in Melanoma. Clinical discussion covered approved indications, patient eligibility, efficacy, safety, monitoring, treatment pathway, and physician education. Sales discussion included customer questions, objections, market access, competitor comparison, follow-up planning, CRM updates, scientific literature sharing, compliant promotion, and future engagement opportunities. Territory insights included prescription trends, customer behavior, business opportunities, formulary discussions, regional planning, call objectives, meeting outcomes, and action items. "
TXN00157,BRIDION,Hospital,Neuromuscular Blockade Reversal,West,Maharashtra,T001,Physician,Rep_5,13,55785,2026-04-28,"Product Overview: BRIDION is used in Neuromuscular Blockade Reversal. Clinical discussion covered approved indications, patient eligibility, efficacy, safety, monitoring, treatment pathway, and physician education. Sales discussion included customer questions, objections, market access, competitor comparison, follow-up planning, CRM updates, scientific literature sharing, compliant promotion, and future engagement opportunities. Territory insights included prescription trends, customer behavior, business opportunities, formulary discussions, regional planning, call objectives, meeting outcomes, and action items. Product Overview: BRIDION is used in Neuromuscular Blockade Reversal. Clinical discussion covered approved indications, patient eligibility, efficacy, safety, monitoring, treatment pathway, and physician education. Sales discussion included customer questions, objections, market access, competitor comparison, follow-up planning, CRM updates, scientific literature sharing, compliant promotion, and future engagement opportunities. Territory insights included prescription trends, customer behavior, business opportunities, formulary discussions, regional planning, call objectives, meeting outcomes, and action items. Product Overview: BRIDION is used in Neuromuscular Blockade Reversal. Clinical discussion covered approved indications, patient eligibility, efficacy, safety, monitoring, treatment pathway, and physician education. Sales discussion included customer questions, objections, market access, competitor comparison, follow-up planning, CRM updates, scientific literature sharing, compliant promotion, and future engagement opportunities. Territory insights included prescription trends, customer behavior, business opportunities, formulary discussions, regional planning, call objectives, meeting outcomes, and action items. "
TXN00158,PNEUMOVAX 23,Vaccines,Pneumococcal Disease,South,Karnataka,T003,Oncologist,Rep_1,15,503539,2026-06-09,"Product Overview: PNEUMOVAX 23 is used in Pneumococcal Disease. Clinical discussion covered approved indications, patient eligibility, efficacy, safety, monitoring, treatment pathway, and physician education. Sales discussion included customer questions, objections, market access, competitor comparison, follow-up planning, CRM updates, scientific literature sharing, compliant promotion, and future engagement opportunities. Territory insights included prescription trends, customer behavior, business opportunities, formulary discussions, regional planning, call objectives, meeting outcomes, and action items. Product Overview: PNEUMOVAX 23 is used in Pneumococcal Disease. Clinical discussion covered approved indications, patient eligibility, efficacy, safety, monitoring, treatment pathway, and physician education. Sales discussion included customer questions, objections, market access, competitor comparison, follow-up planning, CRM updates, scientific literature sharing, compliant promotion, and future engagement opportunities. Territory insights included prescription trends, customer behavior, business opportunities, formulary discussions, regional planning, call objectives, meeting outcomes, and action items. Product Overview: PNEUMOVAX 23 is used in Pneumococcal Disease. Clinical discussion covered approved indications, patient eligibility, efficacy, safety, monitoring, treatment pathway, and physician education. Sales discussion included customer questions, objections, market access, competitor comparison, follow-up planning, CRM updates, scientific literature sharing, compliant promotion, and future engagement opportunities. Territory insights included prescription trends, customer behavior, business opportunities, formulary discussions, regional planning, call objectives, meeting outcomes, and action items. "
TXN00159,BRIDION,Hospital,Neuromuscular Blockade Reversal,West,Karnataka,T002,Surgeon,Rep_2,9,494155,2026-08-15,"Product Overview: BRIDION is used in Neuromuscular Blockade Reversal. Clinical discussion covered approved indications, patient eligibility, efficacy, safety, monitoring, treatment pathway, and physician education. Sales discussion included customer questions, objections, market access, competitor comparison, follow-up planning, CRM updates, scientific literature sharing, compliant promotion, and future engagement opportunities. Territory insights included prescription trends, customer behavior, business opportunities, formulary discussions, regional planning, call objectives, meeting outcomes, and action items. Product Overview: BRIDION is used in Neuromuscular Blockade Reversal. Clinical discussion covered approved indications, patient eligibility, efficacy, safety, monitoring, treatment pathway, and physician education. Sales discussion included customer questions, objections, market access, competitor comparison, follow-up planning, CRM updates, scientific literature sharing, compliant promotion, and future engagement opportunities. Territory insights included prescription trends, customer behavior, business opportunities, formulary discussions, regional planning, call objectives, meeting outcomes, and action items. Product Overview: BRIDION is used in Neuromuscular Blockade Reversal. Clinical discussion covered approved indications, patient eligibility, efficacy, safety, monitoring, treatment pathway, and physician education. Sales discussion included customer questions, objections, market access, competitor comparison, follow-up planning, CRM updates, scientific literature sharing, compliant promotion, and future engagement opportunities. Territory insights included prescription trends, customer behavior, business opportunities, formulary discussions, regional planning, call objectives, meeting outcomes, and action items. "
TXN00160,KEYTRUDA,Oncology,Melanoma,South,Delhi,T001,Physician,Rep_4,4,89998,2026-05-18,"Product Overview: KEYTRUDA is used in Melanoma. Clinical discussion covered approved indications, patient eligibility, efficacy, safety, monitoring, treatment pathway, and physician education. Sales discussion included customer questions, objections, market access, competitor comparison, follow-up planning, CRM updates, scientific literature sharing, compliant promotion, and future engagement opportunities. Territory insights included prescription trends, customer behavior, business opportunities, formulary discussions, regional planning, call objectives, meeting outcomes, and action items. Product Overview: KEYTRUDA is used in Melanoma. Clinical discussion covered approved indications, patient eligibility, efficacy, safety, monitoring, treatment pathway, and physician education. Sales discussion included customer questions, objections, market access, competitor comparison, follow-up planning, CRM updates, scientific literature sharing, compliant promotion, and future engagement opportunities. Territory insights included prescription trends, customer behavior, business opportunities, formulary discussions, regional planning, call objectives, meeting outcomes, and action items. Product Overview: KEYTRUDA is used in Melanoma. Clinical discussion covered approved indications, patient eligibility, efficacy, safety, monitoring, treatment pathway, and physician education. Sales discussion included customer questions, objections, market access, competitor comparison, follow-up planning, CRM updates, scientific literature sharing, compliant promotion, and future engagement opportunities. Territory insights included prescription trends, customer behavior, business opportunities, formulary discussions, regional planning, call objectives, meeting outcomes, and action items. "
TXN00161,WELIREG,Oncology,Renal Cell Carcinoma,South,Delhi,T001,Surgeon,Rep_4,18,264939,2026-08-17,"Product Overview: WELIREG is used in Renal Cell Carcinoma. Clinical discussion covered approved indications, patient eligibility, efficacy, safety, monitoring, treatment pathway, and physician education. Sales discussion included customer questions, objections, market access, competitor comparison, follow-up planning, CRM updates, scientific literature sharing, compliant promotion, and future engagement opportunities. Territory insights included prescription trends, customer behavior, business opportunities, formulary discussions, regional planning, call objectives, meeting outcomes, and action items. Product Overview: WELIREG is used in Renal Cell Carcinoma. Clinical discussion covered approved indications, patient eligibility, efficacy, safety, monitoring, treatment pathway, and physician education. Sales discussion included customer questions, objections, market access, competitor comparison, follow-up planning, CRM updates, scientific literature sharing, compliant promotion, and future engagement opportunities. Territory insights included prescription trends, customer behavior, business opportunities, formulary discussions, regional planning, call objectives, meeting outcomes, and action items. Product Overview: WELIREG is used in Renal Cell Carcinoma. Clinical discussion covered approved indications, patient eligibility, efficacy, safety, monitoring, treatment pathway, and physician education. Sales discussion included customer questions, objections, market access, competitor comparison, follow-up planning, CRM updates, scientific literature sharing, compliant promotion, and future engagement opportunities. Territory insights included prescription trends, customer behavior, business opportunities, formulary discussions, regional planning, call objectives, meeting outcomes, and action items. "
TXN00162,KEYTRUDA,Oncology,Melanoma,East,Tamil Nadu,T003,Physician,Rep_2,6,461558,2026-02-24,"Product Overview: KEYTRUDA is used in Melanoma. Clinical discussion covered approved indications, patient eligibility, efficacy, safety, monitoring, treatment pathway, and physician education. Sales discussion included customer questions, objections, market access, competitor comparison, follow-up planning, CRM updates, scientific literature sharing, compliant promotion, and future engagement opportunities. Territory insights included prescription trends, customer behavior, business opportunities, formulary discussions, regional planning, call objectives, meeting outcomes, and action items. Product Overview: KEYTRUDA is used in Melanoma. Clinical discussion covered approved indications, patient eligibility, efficacy, safety, monitoring, treatment pathway, and physician education. Sales discussion included customer questions, objections, market access, competitor comparison, follow-up planning, CRM updates, scientific literature sharing, compliant promotion, and future engagement opportunities. Territory insights included prescription trends, customer behavior, business opportunities, formulary discussions, regional planning, call objectives, meeting outcomes, and action items. Product Overview: KEYTRUDA is used in Melanoma. Clinical discussion covered approved indications, patient eligibility, efficacy, safety, monitoring, treatment pathway, and physician education. Sales discussion included customer questions, objections, market access, competitor comparison, follow-up planning, CRM updates, scientific literature sharing, compliant promotion, and future engagement opportunities. Territory insights included prescription trends, customer behavior, business opportunities, formulary discussions, regional planning, call objectives, meeting outcomes, and action items. "
TXN00163,JANUVIA,Diabetes,Type 2 Diabetes,North,Delhi,T002,Physician,Rep_4,2,63954,2026-02-14,"Product Overview: JANUVIA is used in Type 2 Diabetes. Clinical discussion covered approved indications, patient eligibility, efficacy, safety, monitoring, treatment pathway, and physician education. Sales discussion included customer questions, objections, market access, competitor comparison, follow-up planning, CRM updates, scientific literature sharing, compliant promotion, and future engagement opportunities. Territory insights included prescription trends, customer behavior, business opportunities, formulary discussions, regional planning, call objectives, meeting outcomes, and action items. Product Overview: JANUVIA is used in Type 2 Diabetes. Clinical discussion covered approved indications, patient eligibility, efficacy, safety, monitoring, treatment pathway, and physician education. Sales discussion included customer questions, objections, market access, competitor comparison, follow-up planning, CRM updates, scientific literature sharing, compliant promotion, and future engagement opportunities. Territory insights included prescription trends, customer behavior, business opportunities, formulary discussions, regional planning, call objectives, meeting outcomes, and action items. Product Overview: JANUVIA is used in Type 2 Diabetes. Clinical discussion covered approved indications, patient eligibility, efficacy, safety, monitoring, treatment pathway, and physician education. Sales discussion included customer questions, objections, market access, competitor comparison, follow-up planning, CRM updates, scientific literature sharing, compliant promotion, and future engagement opportunities. Territory insights included prescription trends, customer behavior, business opportunities, formulary discussions, regional planning, call objectives, meeting outcomes, and action items. "
TXN00164,PNEUMOVAX 23,Vaccines,Pneumococcal Disease,East,Maharashtra,T001,Physician,Rep_4,17,279547,2026-07-15,"Product Overview: PNEUMOVAX 23 is used in Pneumococcal Disease. Clinical discussion covered approved indications, patient eligibility, efficacy, safety, monitoring, treatment pathway, and physician education. Sales discussion included customer questions, objections, market access, competitor comparison, follow-up planning, CRM updates, scientific literature sharing, compliant promotion, and future engagement opportunities. Territory insights included prescription trends, customer behavior, business opportunities, formulary discussions, regional planning, call objectives, meeting outcomes, and action items. Product Overview: PNEUMOVAX 23 is used in Pneumococcal Disease. Clinical discussion covered approved indications, patient eligibility, efficacy, safety, monitoring, treatment pathway, and physician education. Sales discussion included customer questions, objections, market access, competitor comparison, follow-up planning, CRM updates, scientific literature sharing, compliant promotion, and future engagement opportunities. Territory insights included prescription trends, customer behavior, business opportunities, formulary discussions, regional planning, call objectives, meeting outcomes, and action items. Product Overview: PNEUMOVAX 23 is used in Pneumococcal Disease. Clinical discussion covered approved indications, patient eligibility, efficacy, safety, monitoring, treatment pathway, and physician education. Sales discussion included customer questions, objections, market access, competitor comparison, follow-up planning, CRM updates, scientific literature sharing, compliant promotion, and future engagement opportunities. Territory insights included prescription trends, customer behavior, business opportunities, formulary discussions, regional planning, call objectives, meeting outcomes, and action items. "
TXN00165,WELIREG,Oncology,Renal Cell Carcinoma,South,Maharashtra,T003,Oncologist,Rep_4,18,286964,2026-03-12,"Product Overview: WELIREG is used in Renal Cell Carcinoma. Clinical discussion covered approved indications, patient eligibility, efficacy, safety, monitoring, treatment pathway, and physician education. Sales discussion included customer questions, objections, market access, competitor comparison, follow-up planning, CRM updates, scientific literature sharing, compliant promotion, and future engagement opportunities. Territory insights included prescription trends, customer behavior, business opportunities, formulary discussions, regional planning, call objectives, meeting outcomes, and action items. Product Overview: WELIREG is used in Renal Cell Carcinoma. Clinical discussion covered approved indications, patient eligibility, efficacy, safety, monitoring, treatment pathway, and physician education. Sales discussion included customer questions, objections, market access, competitor comparison, follow-up planning, CRM updates, scientific literature sharing, compliant promotion, and future engagement opportunities. Territory insights included prescription trends, customer behavior, business opportunities, formulary discussions, regional planning, call objectives, meeting outcomes, and action items. Product Overview: WELIREG is used in Renal Cell Carcinoma. Clinical discussion covered approved indications, patient eligibility, efficacy, safety, monitoring, treatment pathway, and physician education. Sales discussion included customer questions, objections, market access, competitor comparison, follow-up planning, CRM updates, scientific literature sharing, compliant promotion, and future engagement opportunities. Territory insights included prescription trends, customer behavior, business opportunities, formulary discussions, regional planning, call objectives, meeting outcomes, and action items. "
TXN00166,BRIDION,Hospital,Neuromuscular Blockade Reversal,West,Delhi,T003,Surgeon,Rep_2,16,421978,2026-04-09,"Product Overview: BRIDION is used in Neuromuscular Blockade Reversal. Clinical discussion covered approved indications, patient eligibility, efficacy, safety, monitoring, treatment pathway, and physician education. Sales discussion included customer questions, objections, market access, competitor comparison, follow-up planning, CRM updates, scientific literature sharing, compliant promotion, and future engagement opportunities. Territory insights included prescription trends, customer behavior, business opportunities, formulary discussions, regional planning, call objectives, meeting outcomes, and action items. Product Overview: BRIDION is used in Neuromuscular Blockade Reversal. Clinical discussion covered approved indications, patient eligibility, efficacy, safety, monitoring, treatment pathway, and physician education. Sales discussion included customer questions, objections, market access, competitor comparison, follow-up planning, CRM updates, scientific literature sharing, compliant promotion, and future engagement opportunities. Territory insights included prescription trends, customer behavior, business opportunities, formulary discussions, regional planning, call objectives, meeting outcomes, and action items. Product Overview: BRIDION is used in Neuromuscular Blockade Reversal. Clinical discussion covered approved indications, patient eligibility, efficacy, safety, monitoring, treatment pathway, and physician education. Sales discussion included customer questions, objections, market access, competitor comparison, follow-up planning, CRM updates, scientific literature sharing, compliant promotion, and future engagement opportunities. Territory insights included prescription trends, customer behavior, business opportunities, formulary discussions, regional planning, call objectives, meeting outcomes, and action items. "
TXN00167,BRIDION,Hospital,Neuromuscular Blockade Reversal,East,Tamil Nadu,T003,Oncologist,Rep_4,1,344871,2026-06-08,"Product Overview: BRIDION is used in Neuromuscular Blockade Reversal. Clinical discussion covered approved indications, patient eligibility, efficacy, safety, monitoring, treatment pathway, and physician education. Sales discussion included customer questions, objections, market access, competitor comparison, follow-up planning, CRM updates, scientific literature sharing, compliant promotion, and future engagement opportunities. Territory insights included prescription trends, customer behavior, business opportunities, formulary discussions, regional planning, call objectives, meeting outcomes, and action items. Product Overview: BRIDION is used in Neuromuscular Blockade Reversal. Clinical discussion covered approved indications, patient eligibility, efficacy, safety, monitoring, treatment pathway, and physician education. Sales discussion included customer questions, objections, market access, competitor comparison, follow-up planning, CRM updates, scientific literature sharing, compliant promotion, and future engagement opportunities. Territory insights included prescription trends, customer behavior, business opportunities, formulary discussions, regional planning, call objectives, meeting outcomes, and action items. Product Overview: BRIDION is used in Neuromuscular Blockade Reversal. Clinical discussion covered approved indications, patient eligibility, efficacy, safety, monitoring, treatment pathway, and physician education. Sales discussion included customer questions, objections, market access, competitor comparison, follow-up planning, CRM updates, scientific literature sharing, compliant promotion, and future engagement opportunities. Territory insights included prescription trends, customer behavior, business opportunities, formulary discussions, regional planning, call objectives, meeting outcomes, and action items. "
TXN00168,BRIDION,Hospital,Neuromuscular Blockade Reversal,East,Tamil Nadu,T002,Physician,Rep_5,3,741288,2026-06-05,"Product Overview: BRIDION is used in Neuromuscular Blockade Reversal. Clinical discussion covered approved indications, patient eligibility, efficacy, safety, monitoring, treatment pathway, and physician education. Sales discussion included customer questions, objections, market access, competitor comparison, follow-up planning, CRM updates, scientific literature sharing, compliant promotion, and future engagement opportunities. Territory insights included prescription trends, customer behavior, business opportunities, formulary discussions, regional planning, call objectives, meeting outcomes, and action items. Product Overview: BRIDION is used in Neuromuscular Blockade Reversal. Clinical discussion covered approved indications, patient eligibility, efficacy, safety, monitoring, treatment pathway, and physician education. Sales discussion included customer questions, objections, market access, competitor comparison, follow-up planning, CRM updates, scientific literature sharing, compliant promotion, and future engagement opportunities. Territory insights included prescription trends, customer behavior, business opportunities, formulary discussions, regional planning, call objectives, meeting outcomes, and action items. Product Overview: BRIDION is used in Neuromuscular Blockade Reversal. Clinical discussion covered approved indications, patient eligibility, efficacy, safety, monitoring, treatment pathway, and physician education. Sales discussion included customer questions, objections, market access, competitor comparison, follow-up planning, CRM updates, scientific literature sharing, compliant promotion, and future engagement opportunities. Territory insights included prescription trends, customer behavior, business opportunities, formulary discussions, regional planning, call objectives, meeting outcomes, and action items. "
TXN00169,GARDASIL 9,Vaccines,HPV Prevention,North,Maharashtra,T003,Physician,Rep_2,17,411916,2026-01-22,"Product Overview: GARDASIL 9 is used in HPV Prevention. Clinical discussion covered approved indications, patient eligibility, efficacy, safety, monitoring, treatment pathway, and physician education. Sales discussion included customer questions, objections, market access, competitor comparison, follow-up planning, CRM updates, scientific literature sharing, compliant promotion, and future engagement opportunities. Territory insights included prescription trends, customer behavior, business opportunities, formulary discussions, regional planning, call objectives, meeting outcomes, and action items. Product Overview: GARDASIL 9 is used in HPV Prevention. Clinical discussion covered approved indications, patient eligibility, efficacy, safety, monitoring, treatment pathway, and physician education. Sales discussion included customer questions, objections, market access, competitor comparison, follow-up planning, CRM updates, scientific literature sharing, compliant promotion, and future engagement opportunities. Territory insights included prescription trends, customer behavior, business opportunities, formulary discussions, regional planning, call objectives, meeting outcomes, and action items. Product Overview: GARDASIL 9 is used in HPV Prevention. Clinical discussion covered approved indications, patient eligibility, efficacy, safety, monitoring, treatment pathway, and physician education. Sales discussion included customer questions, objections, market access, competitor comparison, follow-up planning, CRM updates, scientific literature sharing, compliant promotion, and future engagement opportunities. Territory insights included prescription trends, customer behavior, business opportunities, formulary discussions, regional planning, call objectives, meeting outcomes, and action items. "
TXN00170,KEYTRUDA,Oncology,NSCLC,North,Delhi,T002,Surgeon,Rep_1,19,199665,2026-04-06,"Product Overview: KEYTRUDA is used in NSCLC. Clinical discussion covered approved indications, patient eligibility, efficacy, safety, monitoring, treatment pathway, and physician education. Sales discussion included customer questions, objections, market access, competitor comparison, follow-up planning, CRM updates, scientific literature sharing, compliant promotion, and future engagement opportunities. Territory insights included prescription trends, customer behavior, business opportunities, formulary discussions, regional planning, call objectives, meeting outcomes, and action items. Product Overview: KEYTRUDA is used in NSCLC. Clinical discussion covered approved indications, patient eligibility, efficacy, safety, monitoring, treatment pathway, and physician education. Sales discussion included customer questions, objections, market access, competitor comparison, follow-up planning, CRM updates, scientific literature sharing, compliant promotion, and future engagement opportunities. Territory insights included prescription trends, customer behavior, business opportunities, formulary discussions, regional planning, call objectives, meeting outcomes, and action items. Product Overview: KEYTRUDA is used in NSCLC. Clinical discussion covered approved indications, patient eligibility, efficacy, safety, monitoring, treatment pathway, and physician education. Sales discussion included customer questions, objections, market access, competitor comparison, follow-up planning, CRM updates, scientific literature sharing, compliant promotion, and future engagement opportunities. Territory insights included prescription trends, customer behavior, business opportunities, formulary discussions, regional planning, call objectives, meeting outcomes, and action items. "
TXN00171,ZEPATIER,Infectious Disease,Hepatitis C,East,Karnataka,T001,Physician,Rep_5,6,689121,2026-02-22,"Product Overview: ZEPATIER is used in Hepatitis C. Clinical discussion covered approved indications, patient eligibility, efficacy, safety, monitoring, treatment pathway, and physician education. Sales discussion included customer questions, objections, market access, competitor comparison, follow-up planning, CRM updates, scientific literature sharing, compliant promotion, and future engagement opportunities. Territory insights included prescription trends, customer behavior, business opportunities, formulary discussions, regional planning, call objectives, meeting outcomes, and action items. Product Overview: ZEPATIER is used in Hepatitis C. Clinical discussion covered approved indications, patient eligibility, efficacy, safety, monitoring, treatment pathway, and physician education. Sales discussion included customer questions, objections, market access, competitor comparison, follow-up planning, CRM updates, scientific literature sharing, compliant promotion, and future engagement opportunities. Territory insights included prescription trends, customer behavior, business opportunities, formulary discussions, regional planning, call objectives, meeting outcomes, and action items. Product Overview: ZEPATIER is used in Hepatitis C. Clinical discussion covered approved indications, patient eligibility, efficacy, safety, monitoring, treatment pathway, and physician education. Sales discussion included customer questions, objections, market access, competitor comparison, follow-up planning, CRM updates, scientific literature sharing, compliant promotion, and future engagement opportunities. Territory insights included prescription trends, customer behavior, business opportunities, formulary discussions, regional planning, call objectives, meeting outcomes, and action items. "
TXN00172,JANUVIA,Diabetes,Type 2 Diabetes,South,Tamil Nadu,T003,Oncologist,Rep_5,3,509890,2026-02-18,"Product Overview: JANUVIA is used in Type 2 Diabetes. Clinical discussion covered approved indications, patient eligibility, efficacy, safety, monitoring, treatment pathway, and physician education. Sales discussion included customer questions, objections, market access, competitor comparison, follow-up planning, CRM updates, scientific literature sharing, compliant promotion, and future engagement opportunities. Territory insights included prescription trends, customer behavior, business opportunities, formulary discussions, regional planning, call objectives, meeting outcomes, and action items. Product Overview: JANUVIA is used in Type 2 Diabetes. Clinical discussion covered approved indications, patient eligibility, efficacy, safety, monitoring, treatment pathway, and physician education. Sales discussion included customer questions, objections, market access, competitor comparison, follow-up planning, CRM updates, scientific literature sharing, compliant promotion, and future engagement opportunities. Territory insights included prescription trends, customer behavior, business opportunities, formulary discussions, regional planning, call objectives, meeting outcomes, and action items. Product Overview: JANUVIA is used in Type 2 Diabetes. Clinical discussion covered approved indications, patient eligibility, efficacy, safety, monitoring, treatment pathway, and physician education. Sales discussion included customer questions, objections, market access, competitor comparison, follow-up planning, CRM updates, scientific literature sharing, compliant promotion, and future engagement opportunities. Territory insights included prescription trends, customer behavior, business opportunities, formulary discussions, regional planning, call objectives, meeting outcomes, and action items. "
TXN00173,KEYTRUDA,Oncology,Melanoma,West,Karnataka,T001,Physician,Rep_4,18,111293,2026-08-15,"Product Overview: KEYTRUDA is used in Melanoma. Clinical discussion covered approved indications, patient eligibility, efficacy, safety, monitoring, treatment pathway, and physician education. Sales discussion included customer questions, objections, market access, competitor comparison, follow-up planning, CRM updates, scientific literature sharing, compliant promotion, and future engagement opportunities. Territory insights included prescription trends, customer behavior, business opportunities, formulary discussions, regional planning, call objectives, meeting outcomes, and action items. Product Overview: KEYTRUDA is used in Melanoma. Clinical discussion covered approved indications, patient eligibility, efficacy, safety, monitoring, treatment pathway, and physician education. Sales discussion included customer questions, objections, market access, competitor comparison, follow-up planning, CRM updates, scientific literature sharing, compliant promotion, and future engagement opportunities. Territory insights included prescription trends, customer behavior, business opportunities, formulary discussions, regional planning, call objectives, meeting outcomes, and action items. Product Overview: KEYTRUDA is used in Melanoma. Clinical discussion covered approved indications, patient eligibility, efficacy, safety, monitoring, treatment pathway, and physician education. Sales discussion included customer questions, objections, market access, competitor comparison, follow-up planning, CRM updates, scientific literature sharing, compliant promotion, and future engagement opportunities. Territory insights included prescription trends, customer behavior, business opportunities, formulary discussions, regional planning, call objectives, meeting outcomes, and action items. "
TXN00174,WELIREG,Oncology,VHL Disease,South,Tamil Nadu,T001,Surgeon,Rep_5,1,218146,2026-06-15,"Product Overview: WELIREG is used in VHL Disease. Clinical discussion covered approved indications, patient eligibility, efficacy, safety, monitoring, treatment pathway, and physician education. Sales discussion included customer questions, objections, market access, competitor comparison, follow-up planning, CRM updates, scientific literature sharing, compliant promotion, and future engagement opportunities. Territory insights included prescription trends, customer behavior, business opportunities, formulary discussions, regional planning, call objectives, meeting outcomes, and action items. Product Overview: WELIREG is used in VHL Disease. Clinical discussion covered approved indications, patient eligibility, efficacy, safety, monitoring, treatment pathway, and physician education. Sales discussion included customer questions, objections, market access, competitor comparison, follow-up planning, CRM updates, scientific literature sharing, compliant promotion, and future engagement opportunities. Territory insights included prescription trends, customer behavior, business opportunities, formulary discussions, regional planning, call objectives, meeting outcomes, and action items. Product Overview: WELIREG is used in VHL Disease. Clinical discussion covered approved indications, patient eligibility, efficacy, safety, monitoring, treatment pathway, and physician education. Sales discussion included customer questions, objections, market access, competitor comparison, follow-up planning, CRM updates, scientific literature sharing, compliant promotion, and future engagement opportunities. Territory insights included prescription trends, customer behavior, business opportunities, formulary discussions, regional planning, call objectives, meeting outcomes, and action items. "
TXN00175,BRIDION,Hospital,Neuromuscular Blockade Reversal,East,Tamil Nadu,T002,Physician,Rep_4,3,239287,2026-06-21,"Product Overview: BRIDION is used in Neuromuscular Blockade Reversal. Clinical discussion covered approved indications, patient eligibility, efficacy, safety, monitoring, treatment pathway, and physician education. Sales discussion included customer questions, objections, market access, competitor comparison, follow-up planning, CRM updates, scientific literature sharing, compliant promotion, and future engagement opportunities. Territory insights included prescription trends, customer behavior, business opportunities, formulary discussions, regional planning, call objectives, meeting outcomes, and action items. Product Overview: BRIDION is used in Neuromuscular Blockade Reversal. Clinical discussion covered approved indications, patient eligibility, efficacy, safety, monitoring, treatment pathway, and physician education. Sales discussion included customer questions, objections, market access, competitor comparison, follow-up planning, CRM updates, scientific literature sharing, compliant promotion, and future engagement opportunities. Territory insights included prescription trends, customer behavior, business opportunities, formulary discussions, regional planning, call objectives, meeting outcomes, and action items. Product Overview: BRIDION is used in Neuromuscular Blockade Reversal. Clinical discussion covered approved indications, patient eligibility, efficacy, safety, monitoring, treatment pathway, and physician education. Sales discussion included customer questions, objections, market access, competitor comparison, follow-up planning, CRM updates, scientific literature sharing, compliant promotion, and future engagement opportunities. Territory insights included prescription trends, customer behavior, business opportunities, formulary discussions, regional planning, call objectives, meeting outcomes, and action items. "
TXN00176,BRIDION,Hospital,Neuromuscular Blockade Reversal,North,Maharashtra,T003,Surgeon,Rep_3,4,585429,2026-08-16,"Product Overview: BRIDION is used in Neuromuscular Blockade Reversal. Clinical discussion covered approved indications, patient eligibility, efficacy, safety, monitoring, treatment pathway, and physician education. Sales discussion included customer questions, objections, market access, competitor comparison, follow-up planning, CRM updates, scientific literature sharing, compliant promotion, and future engagement opportunities. Territory insights included prescription trends, customer behavior, business opportunities, formulary discussions, regional planning, call objectives, meeting outcomes, and action items. Product Overview: BRIDION is used in Neuromuscular Blockade Reversal. Clinical discussion covered approved indications, patient eligibility, efficacy, safety, monitoring, treatment pathway, and physician education. Sales discussion included customer questions, objections, market access, competitor comparison, follow-up planning, CRM updates, scientific literature sharing, compliant promotion, and future engagement opportunities. Territory insights included prescription trends, customer behavior, business opportunities, formulary discussions, regional planning, call objectives, meeting outcomes, and action items. Product Overview: BRIDION is used in Neuromuscular Blockade Reversal. Clinical discussion covered approved indications, patient eligibility, efficacy, safety, monitoring, treatment pathway, and physician education. Sales discussion included customer questions, objections, market access, competitor comparison, follow-up planning, CRM updates, scientific literature sharing, compliant promotion, and future engagement opportunities. Territory insights included prescription trends, customer behavior, business opportunities, formulary discussions, regional planning, call objectives, meeting outcomes, and action items. "
TXN00177,ZEPATIER,Infectious Disease,Hepatitis C,North,Karnataka,T003,Physician,Rep_2,11,149054,2026-06-11,"Product Overview: ZEPATIER is used in Hepatitis C. Clinical discussion covered approved indications, patient eligibility, efficacy, safety, monitoring, treatment pathway, and physician education. Sales discussion included customer questions, objections, market access, competitor comparison, follow-up planning, CRM updates, scientific literature sharing, compliant promotion, and future engagement opportunities. Territory insights included prescription trends, customer behavior, business opportunities, formulary discussions, regional planning, call objectives, meeting outcomes, and action items. Product Overview: ZEPATIER is used in Hepatitis C. Clinical discussion covered approved indications, patient eligibility, efficacy, safety, monitoring, treatment pathway, and physician education. Sales discussion included customer questions, objections, market access, competitor comparison, follow-up planning, CRM updates, scientific literature sharing, compliant promotion, and future engagement opportunities. Territory insights included prescription trends, customer behavior, business opportunities, formulary discussions, regional planning, call objectives, meeting outcomes, and action items. Product Overview: ZEPATIER is used in Hepatitis C. Clinical discussion covered approved indications, patient eligibility, efficacy, safety, monitoring, treatment pathway, and physician education. Sales discussion included customer questions, objections, market access, competitor comparison, follow-up planning, CRM updates, scientific literature sharing, compliant promotion, and future engagement opportunities. Territory insights included prescription trends, customer behavior, business opportunities, formulary discussions, regional planning, call objectives, meeting outcomes, and action items. "
TXN00178,PNEUMOVAX 23,Vaccines,Pneumococcal Disease,East,Tamil Nadu,T002,Physician,Rep_3,18,105281,2026-05-10,"Product Overview: PNEUMOVAX 23 is used in Pneumococcal Disease. Clinical discussion covered approved indications, patient eligibility, efficacy, safety, monitoring, treatment pathway, and physician education. Sales discussion included customer questions, objections, market access, competitor comparison, follow-up planning, CRM updates, scientific literature sharing, compliant promotion, and future engagement opportunities. Territory insights included prescription trends, customer behavior, business opportunities, formulary discussions, regional planning, call objectives, meeting outcomes, and action items. Product Overview: PNEUMOVAX 23 is used in Pneumococcal Disease. Clinical discussion covered approved indications, patient eligibility, efficacy, safety, monitoring, treatment pathway, and physician education. Sales discussion included customer questions, objections, market access, competitor comparison, follow-up planning, CRM updates, scientific literature sharing, compliant promotion, and future engagement opportunities. Territory insights included prescription trends, customer behavior, business opportunities, formulary discussions, regional planning, call objectives, meeting outcomes, and action items. Product Overview: PNEUMOVAX 23 is used in Pneumococcal Disease. Clinical discussion covered approved indications, patient eligibility, efficacy, safety, monitoring, treatment pathway, and physician education. Sales discussion included customer questions, objections, market access, competitor comparison, follow-up planning, CRM updates, scientific literature sharing, compliant promotion, and future engagement opportunities. Territory insights included prescription trends, customer behavior, business opportunities, formulary discussions, regional planning, call objectives, meeting outcomes, and action items. "
TXN00179,GARDASIL 9,Vaccines,HPV Prevention,West,Delhi,T003,Physician,Rep_5,12,263418,2026-08-26,"Product Overview: GARDASIL 9 is used in HPV Prevention. Clinical discussion covered approved indications, patient eligibility, efficacy, safety, monitoring, treatment pathway, and physician education. Sales discussion included customer questions, objections, market access, competitor comparison, follow-up planning, CRM updates, scientific literature sharing, compliant promotion, and future engagement opportunities. Territory insights included prescription trends, customer behavior, business opportunities, formulary discussions, regional planning, call objectives, meeting outcomes, and action items. Product Overview: GARDASIL 9 is used in HPV Prevention. Clinical discussion covered approved indications, patient eligibility, efficacy, safety, monitoring, treatment pathway, and physician education. Sales discussion included customer questions, objections, market access, competitor comparison, follow-up planning, CRM updates, scientific literature sharing, compliant promotion, and future engagement opportunities. Territory insights included prescription trends, customer behavior, business opportunities, formulary discussions, regional planning, call objectives, meeting outcomes, and action items. Product Overview: GARDASIL 9 is used in HPV Prevention. Clinical discussion covered approved indications, patient eligibility, efficacy, safety, monitoring, treatment pathway, and physician education. Sales discussion included customer questions, objections, market access, competitor comparison, follow-up planning, CRM updates, scientific literature sharing, compliant promotion, and future engagement opportunities. Territory insights included prescription trends, customer behavior, business opportunities, formulary discussions, regional planning, call objectives, meeting outcomes, and action items. "
TXN00180,KEYTRUDA,Oncology,Melanoma,South,Delhi,T003,Physician,Rep_2,19,715657,2026-02-26,"Product Overview: KEYTRUDA is used in Melanoma. Clinical discussion covered approved indications, patient eligibility, efficacy, safety, monitoring, treatment pathway, and physician education. Sales discussion included customer questions, objections, market access, competitor comparison, follow-up planning, CRM updates, scientific literature sharing, compliant promotion, and future engagement opportunities. Territory insights included prescription trends, customer behavior, business opportunities, formulary discussions, regional planning, call objectives, meeting outcomes, and action items. Product Overview: KEYTRUDA is used in Melanoma. Clinical discussion covered approved indications, patient eligibility, efficacy, safety, monitoring, treatment pathway, and physician education. Sales discussion included customer questions, objections, market access, competitor comparison, follow-up planning, CRM updates, scientific literature sharing, compliant promotion, and future engagement opportunities. Territory insights included prescription trends, customer behavior, business opportunities, formulary discussions, regional planning, call objectives, meeting outcomes, and action items. Product Overview: KEYTRUDA is used in Melanoma. Clinical discussion covered approved indications, patient eligibility, efficacy, safety, monitoring, treatment pathway, and physician education. Sales discussion included customer questions, objections, market access, competitor comparison, follow-up planning, CRM updates, scientific literature sharing, compliant promotion, and future engagement opportunities. Territory insights included prescription trends, customer behavior, business opportunities, formulary discussions, regional planning, call objectives, meeting outcomes, and action items. "
TXN00181,KEYTRUDA,Oncology,Melanoma,West,Maharashtra,T002,Physician,Rep_1,1,98650,2026-04-27,"Product Overview: KEYTRUDA is used in Melanoma. Clinical discussion covered approved indications, patient eligibility, efficacy, safety, monitoring, treatment pathway, and physician education. Sales discussion included customer questions, objections, market access, competitor comparison, follow-up planning, CRM updates, scientific literature sharing, compliant promotion, and future engagement opportunities. Territory insights included prescription trends, customer behavior, business opportunities, formulary discussions, regional planning, call objectives, meeting outcomes, and action items. Product Overview: KEYTRUDA is used in Melanoma. Clinical discussion covered approved indications, patient eligibility, efficacy, safety, monitoring, treatment pathway, and physician education. Sales discussion included customer questions, objections, market access, competitor comparison, follow-up planning, CRM updates, scientific literature sharing, compliant promotion, and future engagement opportunities. Territory insights included prescription trends, customer behavior, business opportunities, formulary discussions, regional planning, call objectives, meeting outcomes, and action items. Product Overview: KEYTRUDA is used in Melanoma. Clinical discussion covered approved indications, patient eligibility, efficacy, safety, monitoring, treatment pathway, and physician education. Sales discussion included customer questions, objections, market access, competitor comparison, follow-up planning, CRM updates, scientific literature sharing, compliant promotion, and future engagement opportunities. Territory insights included prescription trends, customer behavior, business opportunities, formulary discussions, regional planning, call objectives, meeting outcomes, and action items. "
TXN00182,PNEUMOVAX 23,Vaccines,Pneumococcal Disease,West,Karnataka,T003,Surgeon,Rep_5,3,272823,2026-01-22,"Product Overview: PNEUMOVAX 23 is used in Pneumococcal Disease. Clinical discussion covered approved indications, patient eligibility, efficacy, safety, monitoring, treatment pathway, and physician education. Sales discussion included customer questions, objections, market access, competitor comparison, follow-up planning, CRM updates, scientific literature sharing, compliant promotion, and future engagement opportunities. Territory insights included prescription trends, customer behavior, business opportunities, formulary discussions, regional planning, call objectives, meeting outcomes, and action items. Product Overview: PNEUMOVAX 23 is used in Pneumococcal Disease. Clinical discussion covered approved indications, patient eligibility, efficacy, safety, monitoring, treatment pathway, and physician education. Sales discussion included customer questions, objections, market access, competitor comparison, follow-up planning, CRM updates, scientific literature sharing, compliant promotion, and future engagement opportunities. Territory insights included prescription trends, customer behavior, business opportunities, formulary discussions, regional planning, call objectives, meeting outcomes, and action items. Product Overview: PNEUMOVAX 23 is used in Pneumococcal Disease. Clinical discussion covered approved indications, patient eligibility, efficacy, safety, monitoring, treatment pathway, and physician education. Sales discussion included customer questions, objections, market access, competitor comparison, follow-up planning, CRM updates, scientific literature sharing, compliant promotion, and future engagement opportunities. Territory insights included prescription trends, customer behavior, business opportunities, formulary discussions, regional planning, call objectives, meeting outcomes, and action items. "
TXN00183,BRIDION,Hospital,Neuromuscular Blockade Reversal,South,Maharashtra,T003,Oncologist,Rep_1,14,155492,2026-01-12,"Product Overview: BRIDION is used in Neuromuscular Blockade Reversal. Clinical discussion covered approved indications, patient eligibility, efficacy, safety, monitoring, treatment pathway, and physician education. Sales discussion included customer questions, objections, market access, competitor comparison, follow-up planning, CRM updates, scientific literature sharing, compliant promotion, and future engagement opportunities. Territory insights included prescription trends, customer behavior, business opportunities, formulary discussions, regional planning, call objectives, meeting outcomes, and action items. Product Overview: BRIDION is used in Neuromuscular Blockade Reversal. Clinical discussion covered approved indications, patient eligibility, efficacy, safety, monitoring, treatment pathway, and physician education. Sales discussion included customer questions, objections, market access, competitor comparison, follow-up planning, CRM updates, scientific literature sharing, compliant promotion, and future engagement opportunities. Territory insights included prescription trends, customer behavior, business opportunities, formulary discussions, regional planning, call objectives, meeting outcomes, and action items. Product Overview: BRIDION is used in Neuromuscular Blockade Reversal. Clinical discussion covered approved indications, patient eligibility, efficacy, safety, monitoring, treatment pathway, and physician education. Sales discussion included customer questions, objections, market access, competitor comparison, follow-up planning, CRM updates, scientific literature sharing, compliant promotion, and future engagement opportunities. Territory insights included prescription trends, customer behavior, business opportunities, formulary discussions, regional planning, call objectives, meeting outcomes, and action items. "
TXN00184,ZEPATIER,Infectious Disease,Hepatitis C,East,Delhi,T002,Oncologist,Rep_4,2,383947,2026-01-14,"Product Overview: ZEPATIER is used in Hepatitis C. Clinical discussion covered approved indications, patient eligibility, efficacy, safety, monitoring, treatment pathway, and physician education. Sales discussion included customer questions, objections, market access, competitor comparison, follow-up planning, CRM updates, scientific literature sharing, compliant promotion, and future engagement opportunities. Territory insights included prescription trends, customer behavior, business opportunities, formulary discussions, regional planning, call objectives, meeting outcomes, and action items. Product Overview: ZEPATIER is used in Hepatitis C. Clinical discussion covered approved indications, patient eligibility, efficacy, safety, monitoring, treatment pathway, and physician education. Sales discussion included customer questions, objections, market access, competitor comparison, follow-up planning, CRM updates, scientific literature sharing, compliant promotion, and future engagement opportunities. Territory insights included prescription trends, customer behavior, business opportunities, formulary discussions, regional planning, call objectives, meeting outcomes, and action items. Product Overview: ZEPATIER is used in Hepatitis C. Clinical discussion covered approved indications, patient eligibility, efficacy, safety, monitoring, treatment pathway, and physician education. Sales discussion included customer questions, objections, market access, competitor comparison, follow-up planning, CRM updates, scientific literature sharing, compliant promotion, and future engagement opportunities. Territory insights included prescription trends, customer behavior, business opportunities, formulary discussions, regional planning, call objectives, meeting outcomes, and action items. "
TXN00185,JANUVIA,Diabetes,Type 2 Diabetes,West,Maharashtra,T001,Physician,Rep_5,13,518159,2026-02-01,"Product Overview: JANUVIA is used in Type 2 Diabetes. Clinical discussion covered approved indications, patient eligibility, efficacy, safety, monitoring, treatment pathway, and physician education. Sales discussion included customer questions, objections, market access, competitor comparison, follow-up planning, CRM updates, scientific literature sharing, compliant promotion, and future engagement opportunities. Territory insights included prescription trends, customer behavior, business opportunities, formulary discussions, regional planning, call objectives, meeting outcomes, and action items. Product Overview: JANUVIA is used in Type 2 Diabetes. Clinical discussion covered approved indications, patient eligibility, efficacy, safety, monitoring, treatment pathway, and physician education. Sales discussion included customer questions, objections, market access, competitor comparison, follow-up planning, CRM updates, scientific literature sharing, compliant promotion, and future engagement opportunities. Territory insights included prescription trends, customer behavior, business opportunities, formulary discussions, regional planning, call objectives, meeting outcomes, and action items. Product Overview: JANUVIA is used in Type 2 Diabetes. Clinical discussion covered approved indications, patient eligibility, efficacy, safety, monitoring, treatment pathway, and physician education. Sales discussion included customer questions, objections, market access, competitor comparison, follow-up planning, CRM updates, scientific literature sharing, compliant promotion, and future engagement opportunities. Territory insights included prescription trends, customer behavior, business opportunities, formulary discussions, regional planning, call objectives, meeting outcomes, and action items. "
TXN00186,BRIDION,Hospital,Neuromuscular Blockade Reversal,South,Tamil Nadu,T002,Surgeon,Rep_1,3,725813,2026-08-07,"Product Overview: BRIDION is used in Neuromuscular Blockade Reversal. Clinical discussion covered approved indications, patient eligibility, efficacy, safety, monitoring, treatment pathway, and physician education. Sales discussion included customer questions, objections, market access, competitor comparison, follow-up planning, CRM updates, scientific literature sharing, compliant promotion, and future engagement opportunities. Territory insights included prescription trends, customer behavior, business opportunities, formulary discussions, regional planning, call objectives, meeting outcomes, and action items. Product Overview: BRIDION is used in Neuromuscular Blockade Reversal. Clinical discussion covered approved indications, patient eligibility, efficacy, safety, monitoring, treatment pathway, and physician education. Sales discussion included customer questions, objections, market access, competitor comparison, follow-up planning, CRM updates, scientific literature sharing, compliant promotion, and future engagement opportunities. Territory insights included prescription trends, customer behavior, business opportunities, formulary discussions, regional planning, call objectives, meeting outcomes, and action items. Product Overview: BRIDION is used in Neuromuscular Blockade Reversal. Clinical discussion covered approved indications, patient eligibility, efficacy, safety, monitoring, treatment pathway, and physician education. Sales discussion included customer questions, objections, market access, competitor comparison, follow-up planning, CRM updates, scientific literature sharing, compliant promotion, and future engagement opportunities. Territory insights included prescription trends, customer behavior, business opportunities, formulary discussions, regional planning, call objectives, meeting outcomes, and action items. "
TXN00187,WELIREG,Oncology,Renal Cell Carcinoma,West,Maharashtra,T001,Surgeon,Rep_1,3,278846,2026-02-05,"Product Overview: WELIREG is used in Renal Cell Carcinoma. Clinical discussion covered approved indications, patient eligibility, efficacy, safety, monitoring, treatment pathway, and physician education. Sales discussion included customer questions, objections, market access, competitor comparison, follow-up planning, CRM updates, scientific literature sharing, compliant promotion, and future engagement opportunities. Territory insights included prescription trends, customer behavior, business opportunities, formulary discussions, regional planning, call objectives, meeting outcomes, and action items. Product Overview: WELIREG is used in Renal Cell Carcinoma. Clinical discussion covered approved indications, patient eligibility, efficacy, safety, monitoring, treatment pathway, and physician education. Sales discussion included customer questions, objections, market access, competitor comparison, follow-up planning, CRM updates, scientific literature sharing, compliant promotion, and future engagement opportunities. Territory insights included prescription trends, customer behavior, business opportunities, formulary discussions, regional planning, call objectives, meeting outcomes, and action items. Product Overview: WELIREG is used in Renal Cell Carcinoma. Clinical discussion covered approved indications, patient eligibility, efficacy, safety, monitoring, treatment pathway, and physician education. Sales discussion included customer questions, objections, market access, competitor comparison, follow-up planning, CRM updates, scientific literature sharing, compliant promotion, and future engagement opportunities. Territory insights included prescription trends, customer behavior, business opportunities, formulary discussions, regional planning, call objectives, meeting outcomes, and action items. "
TXN00188,PNEUMOVAX 23,Vaccines,Pneumococcal Disease,East,Karnataka,T002,Surgeon,Rep_2,2,433646,2026-03-24,"Product Overview: PNEUMOVAX 23 is used in Pneumococcal Disease. Clinical discussion covered approved indications, patient eligibility, efficacy, safety, monitoring, treatment pathway, and physician education. Sales discussion included customer questions, objections, market access, competitor comparison, follow-up planning, CRM updates, scientific literature sharing, compliant promotion, and future engagement opportunities. Territory insights included prescription trends, customer behavior, business opportunities, formulary discussions, regional planning, call objectives, meeting outcomes, and action items. Product Overview: PNEUMOVAX 23 is used in Pneumococcal Disease. Clinical discussion covered approved indications, patient eligibility, efficacy, safety, monitoring, treatment pathway, and physician education. Sales discussion included customer questions, objections, market access, competitor comparison, follow-up planning, CRM updates, scientific literature sharing, compliant promotion, and future engagement opportunities. Territory insights included prescription trends, customer behavior, business opportunities, formulary discussions, regional planning, call objectives, meeting outcomes, and action items. Product Overview: PNEUMOVAX 23 is used in Pneumococcal Disease. Clinical discussion covered approved indications, patient eligibility, efficacy, safety, monitoring, treatment pathway, and physician education. Sales discussion included customer questions, objections, market access, competitor comparison, follow-up planning, CRM updates, scientific literature sharing, compliant promotion, and future engagement opportunities. Territory insights included prescription trends, customer behavior, business opportunities, formulary discussions, regional planning, call objectives, meeting outcomes, and action items. "
TXN00189,ZEPATIER,Infectious Disease,Hepatitis C,East,Tamil Nadu,T002,Surgeon,Rep_3,2,83521,2026-01-02,"Product Overview: ZEPATIER is used in Hepatitis C. Clinical discussion covered approved indications, patient eligibility, efficacy, safety, monitoring, treatment pathway, and physician education. Sales discussion included customer questions, objections, market access, competitor comparison, follow-up planning, CRM updates, scientific literature sharing, compliant promotion, and future engagement opportunities. Territory insights included prescription trends, customer behavior, business opportunities, formulary discussions, regional planning, call objectives, meeting outcomes, and action items. Product Overview: ZEPATIER is used in Hepatitis C. Clinical discussion covered approved indications, patient eligibility, efficacy, safety, monitoring, treatment pathway, and physician education. Sales discussion included customer questions, objections, market access, competitor comparison, follow-up planning, CRM updates, scientific literature sharing, compliant promotion, and future engagement opportunities. Territory insights included prescription trends, customer behavior, business opportunities, formulary discussions, regional planning, call objectives, meeting outcomes, and action items. Product Overview: ZEPATIER is used in Hepatitis C. Clinical discussion covered approved indications, patient eligibility, efficacy, safety, monitoring, treatment pathway, and physician education. Sales discussion included customer questions, objections, market access, competitor comparison, follow-up planning, CRM updates, scientific literature sharing, compliant promotion, and future engagement opportunities. Territory insights included prescription trends, customer behavior, business opportunities, formulary discussions, regional planning, call objectives, meeting outcomes, and action items. "
TXN00190,KEYTRUDA,Oncology,NSCLC,West,Delhi,T002,Surgeon,Rep_5,6,559952,2026-01-11,"Product Overview: KEYTRUDA is used in NSCLC. Clinical discussion covered approved indications, patient eligibility, efficacy, safety, monitoring, treatment pathway, and physician education. Sales discussion included customer questions, objections, market access, competitor comparison, follow-up planning, CRM updates, scientific literature sharing, compliant promotion, and future engagement opportunities. Territory insights included prescription trends, customer behavior, business opportunities, formulary discussions, regional planning, call objectives, meeting outcomes, and action items. Product Overview: KEYTRUDA is used in NSCLC. Clinical discussion covered approved indications, patient eligibility, efficacy, safety, monitoring, treatment pathway, and physician education. Sales discussion included customer questions, objections, market access, competitor comparison, follow-up planning, CRM updates, scientific literature sharing, compliant promotion, and future engagement opportunities. Territory insights included prescription trends, customer behavior, business opportunities, formulary discussions, regional planning, call objectives, meeting outcomes, and action items. Product Overview: KEYTRUDA is used in NSCLC. Clinical discussion covered approved indications, patient eligibility, efficacy, safety, monitoring, treatment pathway, and physician education. Sales discussion included customer questions, objections, market access, competitor comparison, follow-up planning, CRM updates, scientific literature sharing, compliant promotion, and future engagement opportunities. Territory insights included prescription trends, customer behavior, business opportunities, formulary discussions, regional planning, call objectives, meeting outcomes, and action items. "
TXN00191,GARDASIL 9,Vaccines,HPV Prevention,West,Karnataka,T001,Oncologist,Rep_3,6,710295,2026-07-16,"Product Overview: GARDASIL 9 is used in HPV Prevention. Clinical discussion covered approved indications, patient eligibility, efficacy, safety, monitoring, treatment pathway, and physician education. Sales discussion included customer questions, objections, market access, competitor comparison, follow-up planning, CRM updates, scientific literature sharing, compliant promotion, and future engagement opportunities. Territory insights included prescription trends, customer behavior, business opportunities, formulary discussions, regional planning, call objectives, meeting outcomes, and action items. Product Overview: GARDASIL 9 is used in HPV Prevention. Clinical discussion covered approved indications, patient eligibility, efficacy, safety, monitoring, treatment pathway, and physician education. Sales discussion included customer questions, objections, market access, competitor comparison, follow-up planning, CRM updates, scientific literature sharing, compliant promotion, and future engagement opportunities. Territory insights included prescription trends, customer behavior, business opportunities, formulary discussions, regional planning, call objectives, meeting outcomes, and action items. Product Overview: GARDASIL 9 is used in HPV Prevention. Clinical discussion covered approved indications, patient eligibility, efficacy, safety, monitoring, treatment pathway, and physician education. Sales discussion included customer questions, objections, market access, competitor comparison, follow-up planning, CRM updates, scientific literature sharing, compliant promotion, and future engagement opportunities. Territory insights included prescription trends, customer behavior, business opportunities, formulary discussions, regional planning, call objectives, meeting outcomes, and action items. "
TXN00192,PNEUMOVAX 23,Vaccines,Pneumococcal Disease,East,Delhi,T002,Physician,Rep_1,20,732567,2026-06-28,"Product Overview: PNEUMOVAX 23 is used in Pneumococcal Disease. Clinical discussion covered approved indications, patient eligibility, efficacy, safety, monitoring, treatment pathway, and physician education. Sales discussion included customer questions, objections, market access, competitor comparison, follow-up planning, CRM updates, scientific literature sharing, compliant promotion, and future engagement opportunities. Territory insights included prescription trends, customer behavior, business opportunities, formulary discussions, regional planning, call objectives, meeting outcomes, and action items. Product Overview: PNEUMOVAX 23 is used in Pneumococcal Disease. Clinical discussion covered approved indications, patient eligibility, efficacy, safety, monitoring, treatment pathway, and physician education. Sales discussion included customer questions, objections, market access, competitor comparison, follow-up planning, CRM updates, scientific literature sharing, compliant promotion, and future engagement opportunities. Territory insights included prescription trends, customer behavior, business opportunities, formulary discussions, regional planning, call objectives, meeting outcomes, and action items. Product Overview: PNEUMOVAX 23 is used in Pneumococcal Disease. Clinical discussion covered approved indications, patient eligibility, efficacy, safety, monitoring, treatment pathway, and physician education. Sales discussion included customer questions, objections, market access, competitor comparison, follow-up planning, CRM updates, scientific literature sharing, compliant promotion, and future engagement opportunities. Territory insights included prescription trends, customer behavior, business opportunities, formulary discussions, regional planning, call objectives, meeting outcomes, and action items. "
TXN00193,JANUVIA,Diabetes,Type 2 Diabetes,South,Delhi,T003,Physician,Rep_2,13,456172,2026-07-20,"Product Overview: JANUVIA is used in Type 2 Diabetes. Clinical discussion covered approved indications, patient eligibility, efficacy, safety, monitoring, treatment pathway, and physician education. Sales discussion included customer questions, objections, market access, competitor comparison, follow-up planning, CRM updates, scientific literature sharing, compliant promotion, and future engagement opportunities. Territory insights included prescription trends, customer behavior, business opportunities, formulary discussions, regional planning, call objectives, meeting outcomes, and action items. Product Overview: JANUVIA is used in Type 2 Diabetes. Clinical discussion covered approved indications, patient eligibility, efficacy, safety, monitoring, treatment pathway, and physician education. Sales discussion included customer questions, objections, market access, competitor comparison, follow-up planning, CRM updates, scientific literature sharing, compliant promotion, and future engagement opportunities. Territory insights included prescription trends, customer behavior, business opportunities, formulary discussions, regional planning, call objectives, meeting outcomes, and action items. Product Overview: JANUVIA is used in Type 2 Diabetes. Clinical discussion covered approved indications, patient eligibility, efficacy, safety, monitoring, treatment pathway, and physician education. Sales discussion included customer questions, objections, market access, competitor comparison, follow-up planning, CRM updates, scientific literature sharing, compliant promotion, and future engagement opportunities. Territory insights included prescription trends, customer behavior, business opportunities, formulary discussions, regional planning, call objectives, meeting outcomes, and action items. "
TXN00194,ZEPATIER,Infectious Disease,Hepatitis C,West,Delhi,T003,Oncologist,Rep_3,9,331042,2026-07-06,"Product Overview: ZEPATIER is used in Hepatitis C. Clinical discussion covered approved indications, patient eligibility, efficacy, safety, monitoring, treatment pathway, and physician education. Sales discussion included customer questions, objections, market access, competitor comparison, follow-up planning, CRM updates, scientific literature sharing, compliant promotion, and future engagement opportunities. Territory insights included prescription trends, customer behavior, business opportunities, formulary discussions, regional planning, call objectives, meeting outcomes, and action items. Product Overview: ZEPATIER is used in Hepatitis C. Clinical discussion covered approved indications, patient eligibility, efficacy, safety, monitoring, treatment pathway, and physician education. Sales discussion included customer questions, objections, market access, competitor comparison, follow-up planning, CRM updates, scientific literature sharing, compliant promotion, and future engagement opportunities. Territory insights included prescription trends, customer behavior, business opportunities, formulary discussions, regional planning, call objectives, meeting outcomes, and action items. Product Overview: ZEPATIER is used in Hepatitis C. Clinical discussion covered approved indications, patient eligibility, efficacy, safety, monitoring, treatment pathway, and physician education. Sales discussion included customer questions, objections, market access, competitor comparison, follow-up planning, CRM updates, scientific literature sharing, compliant promotion, and future engagement opportunities. Territory insights included prescription trends, customer behavior, business opportunities, formulary discussions, regional planning, call objectives, meeting outcomes, and action items. "
TXN00195,JANUVIA,Diabetes,Type 2 Diabetes,East,Karnataka,T003,Oncologist,Rep_3,18,767895,2026-08-12,"Product Overview: JANUVIA is used in Type 2 Diabetes. Clinical discussion covered approved indications, patient eligibility, efficacy, safety, monitoring, treatment pathway, and physician education. Sales discussion included customer questions, objections, market access, competitor comparison, follow-up planning, CRM updates, scientific literature sharing, compliant promotion, and future engagement opportunities. Territory insights included prescription trends, customer behavior, business opportunities, formulary discussions, regional planning, call objectives, meeting outcomes, and action items. Product Overview: JANUVIA is used in Type 2 Diabetes. Clinical discussion covered approved indications, patient eligibility, efficacy, safety, monitoring, treatment pathway, and physician education. Sales discussion included customer questions, objections, market access, competitor comparison, follow-up planning, CRM updates, scientific literature sharing, compliant promotion, and future engagement opportunities. Territory insights included prescription trends, customer behavior, business opportunities, formulary discussions, regional planning, call objectives, meeting outcomes, and action items. Product Overview: JANUVIA is used in Type 2 Diabetes. Clinical discussion covered approved indications, patient eligibility, efficacy, safety, monitoring, treatment pathway, and physician education. Sales discussion included customer questions, objections, market access, competitor comparison, follow-up planning, CRM updates, scientific literature sharing, compliant promotion, and future engagement opportunities. Territory insights included prescription trends, customer behavior, business opportunities, formulary discussions, regional planning, call objectives, meeting outcomes, and action items. "
TXN00196,JANUVIA,Diabetes,Type 2 Diabetes,West,Tamil Nadu,T001,Surgeon,Rep_2,10,686378,2026-01-22,"Product Overview: JANUVIA is used in Type 2 Diabetes. Clinical discussion covered approved indications, patient eligibility, efficacy, safety, monitoring, treatment pathway, and physician education. Sales discussion included customer questions, objections, market access, competitor comparison, follow-up planning, CRM updates, scientific literature sharing, compliant promotion, and future engagement opportunities. Territory insights included prescription trends, customer behavior, business opportunities, formulary discussions, regional planning, call objectives, meeting outcomes, and action items. Product Overview: JANUVIA is used in Type 2 Diabetes. Clinical discussion covered approved indications, patient eligibility, efficacy, safety, monitoring, treatment pathway, and physician education. Sales discussion included customer questions, objections, market access, competitor comparison, follow-up planning, CRM updates, scientific literature sharing, compliant promotion, and future engagement opportunities. Territory insights included prescription trends, customer behavior, business opportunities, formulary discussions, regional planning, call objectives, meeting outcomes, and action items. Product Overview: JANUVIA is used in Type 2 Diabetes. Clinical discussion covered approved indications, patient eligibility, efficacy, safety, monitoring, treatment pathway, and physician education. Sales discussion included customer questions, objections, market access, competitor comparison, follow-up planning, CRM updates, scientific literature sharing, compliant promotion, and future engagement opportunities. Territory insights included prescription trends, customer behavior, business opportunities, formulary discussions, regional planning, call objectives, meeting outcomes, and action items. "
TXN00197,PNEUMOVAX 23,Vaccines,Pneumococcal Disease,South,Delhi,T003,Oncologist,Rep_4,15,616820,2026-02-18,"Product Overview: PNEUMOVAX 23 is used in Pneumococcal Disease. Clinical discussion covered approved indications, patient eligibility, efficacy, safety, monitoring, treatment pathway, and physician education. Sales discussion included customer questions, objections, market access, competitor comparison, follow-up planning, CRM updates, scientific literature sharing, compliant promotion, and future engagement opportunities. Territory insights included prescription trends, customer behavior, business opportunities, formulary discussions, regional planning, call objectives, meeting outcomes, and action items. Product Overview: PNEUMOVAX 23 is used in Pneumococcal Disease. Clinical discussion covered approved indications, patient eligibility, efficacy, safety, monitoring, treatment pathway, and physician education. Sales discussion included customer questions, objections, market access, competitor comparison, follow-up planning, CRM updates, scientific literature sharing, compliant promotion, and future engagement opportunities. Territory insights included prescription trends, customer behavior, business opportunities, formulary discussions, regional planning, call objectives, meeting outcomes, and action items. Product Overview: PNEUMOVAX 23 is used in Pneumococcal Disease. Clinical discussion covered approved indications, patient eligibility, efficacy, safety, monitoring, treatment pathway, and physician education. Sales discussion included customer questions, objections, market access, competitor comparison, follow-up planning, CRM updates, scientific literature sharing, compliant promotion, and future engagement opportunities. Territory insights included prescription trends, customer behavior, business opportunities, formulary discussions, regional planning, call objectives, meeting outcomes, and action items. "
TXN00198,ZEPATIER,Infectious Disease,Hepatitis C,North,Karnataka,T002,Surgeon,Rep_5,9,597208,2026-06-16,"Product Overview: ZEPATIER is used in Hepatitis C. Clinical discussion covered approved indications, patient eligibility, efficacy, safety, monitoring, treatment pathway, and physician education. Sales discussion included customer questions, objections, market access, competitor comparison, follow-up planning, CRM updates, scientific literature sharing, compliant promotion, and future engagement opportunities. Territory insights included prescription trends, customer behavior, business opportunities, formulary discussions, regional planning, call objectives, meeting outcomes, and action items. Product Overview: ZEPATIER is used in Hepatitis C. Clinical discussion covered approved indications, patient eligibility, efficacy, safety, monitoring, treatment pathway, and physician education. Sales discussion included customer questions, objections, market access, competitor comparison, follow-up planning, CRM updates, scientific literature sharing, compliant promotion, and future engagement opportunities. Territory insights included prescription trends, customer behavior, business opportunities, formulary discussions, regional planning, call objectives, meeting outcomes, and action items. Product Overview: ZEPATIER is used in Hepatitis C. Clinical discussion covered approved indications, patient eligibility, efficacy, safety, monitoring, treatment pathway, and physician education. Sales discussion included customer questions, objections, market access, competitor comparison, follow-up planning, CRM updates, scientific literature sharing, compliant promotion, and future engagement opportunities. Territory insights included prescription trends, customer behavior, business opportunities, formulary discussions, regional planning, call objectives, meeting outcomes, and action items. "
TXN00199,JANUVIA,Diabetes,Type 2 Diabetes,South,Karnataka,T001,Oncologist,Rep_2,10,430450,2026-06-13,"Product Overview: JANUVIA is used in Type 2 Diabetes. Clinical discussion covered approved indications, patient eligibility, efficacy, safety, monitoring, treatment pathway, and physician education. Sales discussion included customer questions, objections, market access, competitor comparison, follow-up planning, CRM updates, scientific literature sharing, compliant promotion, and future engagement opportunities. Territory insights included prescription trends, customer behavior, business opportunities, formulary discussions, regional planning, call objectives, meeting outcomes, and action items. Product Overview: JANUVIA is used in Type 2 Diabetes. Clinical discussion covered approved indications, patient eligibility, efficacy, safety, monitoring, treatment pathway, and physician education. Sales discussion included customer questions, objections, market access, competitor comparison, follow-up planning, CRM updates, scientific literature sharing, compliant promotion, and future engagement opportunities. Territory insights included prescription trends, customer behavior, business opportunities, formulary discussions, regional planning, call objectives, meeting outcomes, and action items. Product Overview: JANUVIA is used in Type 2 Diabetes. Clinical discussion covered approved indications, patient eligibility, efficacy, safety, monitoring, treatment pathway, and physician education. Sales discussion included customer questions, objections, market access, competitor comparison, follow-up planning, CRM updates, scientific literature sharing, compliant promotion, and future engagement opportunities. Territory insights included prescription trends, customer behavior, business opportunities, formulary discussions, regional planning, call objectives, meeting outcomes, and action items. "
TXN00200,ZEPATIER,Infectious Disease,Hepatitis C,South,Maharashtra,T002,Physician,Rep_1,12,713478,2026-08-26,"Product Overview: ZEPATIER is used in Hepatitis C. Clinical discussion covered approved indications, patient eligibility, efficacy, safety, monitoring, treatment pathway, and physician education. Sales discussion included customer questions, objections, market access, competitor comparison, follow-up planning, CRM updates, scientific literature sharing, compliant promotion, and future engagement opportunities. Territory insights included prescription trends, customer behavior, business opportunities, formulary discussions, regional planning, call objectives, meeting outcomes, and action items. Product Overview: ZEPATIER is used in Hepatitis C. Clinical discussion covered approved indications, patient eligibility, efficacy, safety, monitoring, treatment pathway, and physician education. Sales discussion included customer questions, objections, market access, competitor comparison, follow-up planning, CRM updates, scientific literature sharing, compliant promotion, and future engagement opportunities. Territory insights included prescription trends, customer behavior, business opportunities, formulary discussions, regional planning, call objectives, meeting outcomes, and action items. Product Overview: ZEPATIER is used in Hepatitis C. Clinical discussion covered approved indications, patient eligibility, efficacy, safety, monitoring, treatment pathway, and physician education. Sales discussion included customer questions, objections, market access, competitor comparison, follow-up planning, CRM updates, scientific literature sharing, compliant promotion, and future engagement opportunities. Territory insights included prescription trends, customer behavior, business opportunities, formulary discussions, regional planning, call objectives, meeting outcomes, and action items. "
TXN00201,KEYTRUDA,Oncology,NSCLC,East,Maharashtra,T002,Physician,Rep_5,20,71569,2026-02-02,"Product Overview: KEYTRUDA is used in NSCLC. Clinical discussion covered approved indications, patient eligibility, efficacy, safety, monitoring, treatment pathway, and physician education. Sales discussion included customer questions, objections, market access, competitor comparison, follow-up planning, CRM updates, scientific literature sharing, compliant promotion, and future engagement opportunities. Territory insights included prescription trends, customer behavior, business opportunities, formulary discussions, regional planning, call objectives, meeting outcomes, and action items. Product Overview: KEYTRUDA is used in NSCLC. Clinical discussion covered approved indications, patient eligibility, efficacy, safety, monitoring, treatment pathway, and physician education. Sales discussion included customer questions, objections, market access, competitor comparison, follow-up planning, CRM updates, scientific literature sharing, compliant promotion, and future engagement opportunities. Territory insights included prescription trends, customer behavior, business opportunities, formulary discussions, regional planning, call objectives, meeting outcomes, and action items. Product Overview: KEYTRUDA is used in NSCLC. Clinical discussion covered approved indications, patient eligibility, efficacy, safety, monitoring, treatment pathway, and physician education. Sales discussion included customer questions, objections, market access, competitor comparison, follow-up planning, CRM updates, scientific literature sharing, compliant promotion, and future engagement opportunities. Territory insights included prescription trends, customer behavior, business opportunities, formulary discussions, regional planning, call objectives, meeting outcomes, and action items. "
TXN00202,WELIREG,Oncology,VHL Disease,South,Delhi,T002,Physician,Rep_1,15,671931,2026-03-09,"Product Overview: WELIREG is used in VHL Disease. Clinical discussion covered approved indications, patient eligibility, efficacy, safety, monitoring, treatment pathway, and physician education. Sales discussion included customer questions, objections, market access, competitor comparison, follow-up planning, CRM updates, scientific literature sharing, compliant promotion, and future engagement opportunities. Territory insights included prescription trends, customer behavior, business opportunities, formulary discussions, regional planning, call objectives, meeting outcomes, and action items. Product Overview: WELIREG is used in VHL Disease. Clinical discussion covered approved indications, patient eligibility, efficacy, safety, monitoring, treatment pathway, and physician education. Sales discussion included customer questions, objections, market access, competitor comparison, follow-up planning, CRM updates, scientific literature sharing, compliant promotion, and future engagement opportunities. Territory insights included prescription trends, customer behavior, business opportunities, formulary discussions, regional planning, call objectives, meeting outcomes, and action items. Product Overview: WELIREG is used in VHL Disease. Clinical discussion covered approved indications, patient eligibility, efficacy, safety, monitoring, treatment pathway, and physician education. Sales discussion included customer questions, objections, market access, competitor comparison, follow-up planning, CRM updates, scientific literature sharing, compliant promotion, and future engagement opportunities. Territory insights included prescription trends, customer behavior, business opportunities, formulary discussions, regional planning, call objectives, meeting outcomes, and action items. "
TXN00203,ZEPATIER,Infectious Disease,Hepatitis C,East,Karnataka,T001,Physician,Rep_1,1,103474,2026-01-18,"Product Overview: ZEPATIER is used in Hepatitis C. Clinical discussion covered approved indications, patient eligibility, efficacy, safety, monitoring, treatment pathway, and physician education. Sales discussion included customer questions, objections, market access, competitor comparison, follow-up planning, CRM updates, scientific literature sharing, compliant promotion, and future engagement opportunities. Territory insights included prescription trends, customer behavior, business opportunities, formulary discussions, regional planning, call objectives, meeting outcomes, and action items. Product Overview: ZEPATIER is used in Hepatitis C. Clinical discussion covered approved indications, patient eligibility, efficacy, safety, monitoring, treatment pathway, and physician education. Sales discussion included customer questions, objections, market access, competitor comparison, follow-up planning, CRM updates, scientific literature sharing, compliant promotion, and future engagement opportunities. Territory insights included prescription trends, customer behavior, business opportunities, formulary discussions, regional planning, call objectives, meeting outcomes, and action items. Product Overview: ZEPATIER is used in Hepatitis C. Clinical discussion covered approved indications, patient eligibility, efficacy, safety, monitoring, treatment pathway, and physician education. Sales discussion included customer questions, objections, market access, competitor comparison, follow-up planning, CRM updates, scientific literature sharing, compliant promotion, and future engagement opportunities. Territory insights included prescription trends, customer behavior, business opportunities, formulary discussions, regional planning, call objectives, meeting outcomes, and action items. "
TXN00204,GARDASIL 9,Vaccines,HPV Prevention,West,Maharashtra,T003,Surgeon,Rep_4,4,790689,2026-02-09,"Product Overview: GARDASIL 9 is used in HPV Prevention. Clinical discussion covered approved indications, patient eligibility, efficacy, safety, monitoring, treatment pathway, and physician education. Sales discussion included customer questions, objections, market access, competitor comparison, follow-up planning, CRM updates, scientific literature sharing, compliant promotion, and future engagement opportunities. Territory insights included prescription trends, customer behavior, business opportunities, formulary discussions, regional planning, call objectives, meeting outcomes, and action items. Product Overview: GARDASIL 9 is used in HPV Prevention. Clinical discussion covered approved indications, patient eligibility, efficacy, safety, monitoring, treatment pathway, and physician education. Sales discussion included customer questions, objections, market access, competitor comparison, follow-up planning, CRM updates, scientific literature sharing, compliant promotion, and future engagement opportunities. Territory insights included prescription trends, customer behavior, business opportunities, formulary discussions, regional planning, call objectives, meeting outcomes, and action items. Product Overview: GARDASIL 9 is used in HPV Prevention. Clinical discussion covered approved indications, patient eligibility, efficacy, safety, monitoring, treatment pathway, and physician education. Sales discussion included customer questions, objections, market access, competitor comparison, follow-up planning, CRM updates, scientific literature sharing, compliant promotion, and future engagement opportunities. Territory insights included prescription trends, customer behavior, business opportunities, formulary discussions, regional planning, call objectives, meeting outcomes, and action items. "
TXN00205,GARDASIL 9,Vaccines,HPV Prevention,North,Tamil Nadu,T001,Physician,Rep_2,12,296550,2026-04-06,"Product Overview: GARDASIL 9 is used in HPV Prevention. Clinical discussion covered approved indications, patient eligibility, efficacy, safety, monitoring, treatment pathway, and physician education. Sales discussion included customer questions, objections, market access, competitor comparison, follow-up planning, CRM updates, scientific literature sharing, compliant promotion, and future engagement opportunities. Territory insights included prescription trends, customer behavior, business opportunities, formulary discussions, regional planning, call objectives, meeting outcomes, and action items. Product Overview: GARDASIL 9 is used in HPV Prevention. Clinical discussion covered approved indications, patient eligibility, efficacy, safety, monitoring, treatment pathway, and physician education. Sales discussion included customer questions, objections, market access, competitor comparison, follow-up planning, CRM updates, scientific literature sharing, compliant promotion, and future engagement opportunities. Territory insights included prescription trends, customer behavior, business opportunities, formulary discussions, regional planning, call objectives, meeting outcomes, and action items. Product Overview: GARDASIL 9 is used in HPV Prevention. Clinical discussion covered approved indications, patient eligibility, efficacy, safety, monitoring, treatment pathway, and physician education. Sales discussion included customer questions, objections, market access, competitor comparison, follow-up planning, CRM updates, scientific literature sharing, compliant promotion, and future engagement opportunities. Territory insights included prescription trends, customer behavior, business opportunities, formulary discussions, regional planning, call objectives, meeting outcomes, and action items. "
TXN00206,KEYTRUDA,Oncology,Melanoma,East,Maharashtra,T003,Oncologist,Rep_1,9,588270,2026-08-02,"Product Overview: KEYTRUDA is used in Melanoma. Clinical discussion covered approved indications, patient eligibility, efficacy, safety, monitoring, treatment pathway, and physician education. Sales discussion included customer questions, objections, market access, competitor comparison, follow-up planning, CRM updates, scientific literature sharing, compliant promotion, and future engagement opportunities. Territory insights included prescription trends, customer behavior, business opportunities, formulary discussions, regional planning, call objectives, meeting outcomes, and action items. Product Overview: KEYTRUDA is used in Melanoma. Clinical discussion covered approved indications, patient eligibility, efficacy, safety, monitoring, treatment pathway, and physician education. Sales discussion included customer questions, objections, market access, competitor comparison, follow-up planning, CRM updates, scientific literature sharing, compliant promotion, and future engagement opportunities. Territory insights included prescription trends, customer behavior, business opportunities, formulary discussions, regional planning, call objectives, meeting outcomes, and action items. Product Overview: KEYTRUDA is used in Melanoma. Clinical discussion covered approved indications, patient eligibility, efficacy, safety, monitoring, treatment pathway, and physician education. Sales discussion included customer questions, objections, market access, competitor comparison, follow-up planning, CRM updates, scientific literature sharing, compliant promotion, and future engagement opportunities. Territory insights included prescription trends, customer behavior, business opportunities, formulary discussions, regional planning, call objectives, meeting outcomes, and action items. "
TXN00207,KEYTRUDA,Oncology,NSCLC,East,Maharashtra,T001,Surgeon,Rep_3,19,670196,2026-08-25,"Product Overview: KEYTRUDA is used in NSCLC. Clinical discussion covered approved indications, patient eligibility, efficacy, safety, monitoring, treatment pathway, and physician education. Sales discussion included customer questions, objections, market access, competitor comparison, follow-up planning, CRM updates, scientific literature sharing, compliant promotion, and future engagement opportunities. Territory insights included prescription trends, customer behavior, business opportunities, formulary discussions, regional planning, call objectives, meeting outcomes, and action items. Product Overview: KEYTRUDA is used in NSCLC. Clinical discussion covered approved indications, patient eligibility, efficacy, safety, monitoring, treatment pathway, and physician education. Sales discussion included customer questions, objections, market access, competitor comparison, follow-up planning, CRM updates, scientific literature sharing, compliant promotion, and future engagement opportunities. Territory insights included prescription trends, customer behavior, business opportunities, formulary discussions, regional planning, call objectives, meeting outcomes, and action items. Product Overview: KEYTRUDA is used in NSCLC. Clinical discussion covered approved indications, patient eligibility, efficacy, safety, monitoring, treatment pathway, and physician education. Sales discussion included customer questions, objections, market access, competitor comparison, follow-up planning, CRM updates, scientific literature sharing, compliant promotion, and future engagement opportunities. Territory insights included prescription trends, customer behavior, business opportunities, formulary discussions, regional planning, call objectives, meeting outcomes, and action items. "
TXN00208,BRIDION,Hospital,Neuromuscular Blockade Reversal,West,Delhi,T002,Physician,Rep_4,4,443198,2026-08-13,"Product Overview: BRIDION is used in Neuromuscular Blockade Reversal. Clinical discussion covered approved indications, patient eligibility, efficacy, safety, monitoring, treatment pathway, and physician education. Sales discussion included customer questions, objections, market access, competitor comparison, follow-up planning, CRM updates, scientific literature sharing, compliant promotion, and future engagement opportunities. Territory insights included prescription trends, customer behavior, business opportunities, formulary discussions, regional planning, call objectives, meeting outcomes, and action items. Product Overview: BRIDION is used in Neuromuscular Blockade Reversal. Clinical discussion covered approved indications, patient eligibility, efficacy, safety, monitoring, treatment pathway, and physician education. Sales discussion included customer questions, objections, market access, competitor comparison, follow-up planning, CRM updates, scientific literature sharing, compliant promotion, and future engagement opportunities. Territory insights included prescription trends, customer behavior, business opportunities, formulary discussions, regional planning, call objectives, meeting outcomes, and action items. Product Overview: BRIDION is used in Neuromuscular Blockade Reversal. Clinical discussion covered approved indications, patient eligibility, efficacy, safety, monitoring, treatment pathway, and physician education. Sales discussion included customer questions, objections, market access, competitor comparison, follow-up planning, CRM updates, scientific literature sharing, compliant promotion, and future engagement opportunities. Territory insights included prescription trends, customer behavior, business opportunities, formulary discussions, regional planning, call objectives, meeting outcomes, and action items. "
TXN00209,WELIREG,Oncology,VHL Disease,South,Karnataka,T003,Oncologist,Rep_4,7,87761,2026-03-27,"Product Overview: WELIREG is used in VHL Disease. Clinical discussion covered approved indications, patient eligibility, efficacy, safety, monitoring, treatment pathway, and physician education. Sales discussion included customer questions, objections, market access, competitor comparison, follow-up planning, CRM updates, scientific literature sharing, compliant promotion, and future engagement opportunities. Territory insights included prescription trends, customer behavior, business opportunities, formulary discussions, regional planning, call objectives, meeting outcomes, and action items. Product Overview: WELIREG is used in VHL Disease. Clinical discussion covered approved indications, patient eligibility, efficacy, safety, monitoring, treatment pathway, and physician education. Sales discussion included customer questions, objections, market access, competitor comparison, follow-up planning, CRM updates, scientific literature sharing, compliant promotion, and future engagement opportunities. Territory insights included prescription trends, customer behavior, business opportunities, formulary discussions, regional planning, call objectives, meeting outcomes, and action items. Product Overview: WELIREG is used in VHL Disease. Clinical discussion covered approved indications, patient eligibility, efficacy, safety, monitoring, treatment pathway, and physician education. Sales discussion included customer questions, objections, market access, competitor comparison, follow-up planning, CRM updates, scientific literature sharing, compliant promotion, and future engagement opportunities. Territory insights included prescription trends, customer behavior, business opportunities, formulary discussions, regional planning, call objectives, meeting outcomes, and action items. "
TXN00210,WELIREG,Oncology,Renal Cell Carcinoma,East,Karnataka,T002,Oncologist,Rep_4,1,708894,2026-02-15,"Product Overview: WELIREG is used in Renal Cell Carcinoma. Clinical discussion covered approved indications, patient eligibility, efficacy, safety, monitoring, treatment pathway, and physician education. Sales discussion included customer questions, objections, market access, competitor comparison, follow-up planning, CRM updates, scientific literature sharing, compliant promotion, and future engagement opportunities. Territory insights included prescription trends, customer behavior, business opportunities, formulary discussions, regional planning, call objectives, meeting outcomes, and action items. Product Overview: WELIREG is used in Renal Cell Carcinoma. Clinical discussion covered approved indications, patient eligibility, efficacy, safety, monitoring, treatment pathway, and physician education. Sales discussion included customer questions, objections, market access, competitor comparison, follow-up planning, CRM updates, scientific literature sharing, compliant promotion, and future engagement opportunities. Territory insights included prescription trends, customer behavior, business opportunities, formulary discussions, regional planning, call objectives, meeting outcomes, and action items. Product Overview: WELIREG is used in Renal Cell Carcinoma. Clinical discussion covered approved indications, patient eligibility, efficacy, safety, monitoring, treatment pathway, and physician education. Sales discussion included customer questions, objections, market access, competitor comparison, follow-up planning, CRM updates, scientific literature sharing, compliant promotion, and future engagement opportunities. Territory insights included prescription trends, customer behavior, business opportunities, formulary discussions, regional planning, call objectives, meeting outcomes, and action items. "
TXN00211,GARDASIL 9,Vaccines,HPV Prevention,South,Tamil Nadu,T001,Surgeon,Rep_3,5,398105,2026-04-24,"Product Overview: GARDASIL 9 is used in HPV Prevention. Clinical discussion covered approved indications, patient eligibility, efficacy, safety, monitoring, treatment pathway, and physician education. Sales discussion included customer questions, objections, market access, competitor comparison, follow-up planning, CRM updates, scientific literature sharing, compliant promotion, and future engagement opportunities. Territory insights included prescription trends, customer behavior, business opportunities, formulary discussions, regional planning, call objectives, meeting outcomes, and action items. Product Overview: GARDASIL 9 is used in HPV Prevention. Clinical discussion covered approved indications, patient eligibility, efficacy, safety, monitoring, treatment pathway, and physician education. Sales discussion included customer questions, objections, market access, competitor comparison, follow-up planning, CRM updates, scientific literature sharing, compliant promotion, and future engagement opportunities. Territory insights included prescription trends, customer behavior, business opportunities, formulary discussions, regional planning, call objectives, meeting outcomes, and action items. Product Overview: GARDASIL 9 is used in HPV Prevention. Clinical discussion covered approved indications, patient eligibility, efficacy, safety, monitoring, treatment pathway, and physician education. Sales discussion included customer questions, objections, market access, competitor comparison, follow-up planning, CRM updates, scientific literature sharing, compliant promotion, and future engagement opportunities. Territory insights included prescription trends, customer behavior, business opportunities, formulary discussions, regional planning, call objectives, meeting outcomes, and action items. "
TXN00212,KEYTRUDA,Oncology,NSCLC,West,Karnataka,T002,Oncologist,Rep_3,14,481784,2026-04-05,"Product Overview: KEYTRUDA is used in NSCLC. Clinical discussion covered approved indications, patient eligibility, efficacy, safety, monitoring, treatment pathway, and physician education. Sales discussion included customer questions, objections, market access, competitor comparison, follow-up planning, CRM updates, scientific literature sharing, compliant promotion, and future engagement opportunities. Territory insights included prescription trends, customer behavior, business opportunities, formulary discussions, regional planning, call objectives, meeting outcomes, and action items. Product Overview: KEYTRUDA is used in NSCLC. Clinical discussion covered approved indications, patient eligibility, efficacy, safety, monitoring, treatment pathway, and physician education. Sales discussion included customer questions, objections, market access, competitor comparison, follow-up planning, CRM updates, scientific literature sharing, compliant promotion, and future engagement opportunities. Territory insights included prescription trends, customer behavior, business opportunities, formulary discussions, regional planning, call objectives, meeting outcomes, and action items. Product Overview: KEYTRUDA is used in NSCLC. Clinical discussion covered approved indications, patient eligibility, efficacy, safety, monitoring, treatment pathway, and physician education. Sales discussion included customer questions, objections, market access, competitor comparison, follow-up planning, CRM updates, scientific literature sharing, compliant promotion, and future engagement opportunities. Territory insights included prescription trends, customer behavior, business opportunities, formulary discussions, regional planning, call objectives, meeting outcomes, and action items. "
TXN00213,KEYTRUDA,Oncology,Melanoma,East,Delhi,T001,Physician,Rep_4,4,383517,2026-08-16,"Product Overview: KEYTRUDA is used in Melanoma. Clinical discussion covered approved indications, patient eligibility, efficacy, safety, monitoring, treatment pathway, and physician education. Sales discussion included customer questions, objections, market access, competitor comparison, follow-up planning, CRM updates, scientific literature sharing, compliant promotion, and future engagement opportunities. Territory insights included prescription trends, customer behavior, business opportunities, formulary discussions, regional planning, call objectives, meeting outcomes, and action items. Product Overview: KEYTRUDA is used in Melanoma. Clinical discussion covered approved indications, patient eligibility, efficacy, safety, monitoring, treatment pathway, and physician education. Sales discussion included customer questions, objections, market access, competitor comparison, follow-up planning, CRM updates, scientific literature sharing, compliant promotion, and future engagement opportunities. Territory insights included prescription trends, customer behavior, business opportunities, formulary discussions, regional planning, call objectives, meeting outcomes, and action items. Product Overview: KEYTRUDA is used in Melanoma. Clinical discussion covered approved indications, patient eligibility, efficacy, safety, monitoring, treatment pathway, and physician education. Sales discussion included customer questions, objections, market access, competitor comparison, follow-up planning, CRM updates, scientific literature sharing, compliant promotion, and future engagement opportunities. Territory insights included prescription trends, customer behavior, business opportunities, formulary discussions, regional planning, call objectives, meeting outcomes, and action items. "
TXN00214,KEYTRUDA,Oncology,NSCLC,North,Karnataka,T003,Physician,Rep_3,4,320315,2026-04-12,"Product Overview: KEYTRUDA is used in NSCLC. Clinical discussion covered approved indications, patient eligibility, efficacy, safety, monitoring, treatment pathway, and physician education. Sales discussion included customer questions, objections, market access, competitor comparison, follow-up planning, CRM updates, scientific literature sharing, compliant promotion, and future engagement opportunities. Territory insights included prescription trends, customer behavior, business opportunities, formulary discussions, regional planning, call objectives, meeting outcomes, and action items. Product Overview: KEYTRUDA is used in NSCLC. Clinical discussion covered approved indications, patient eligibility, efficacy, safety, monitoring, treatment pathway, and physician education. Sales discussion included customer questions, objections, market access, competitor comparison, follow-up planning, CRM updates, scientific literature sharing, compliant promotion, and future engagement opportunities. Territory insights included prescription trends, customer behavior, business opportunities, formulary discussions, regional planning, call objectives, meeting outcomes, and action items. Product Overview: KEYTRUDA is used in NSCLC. Clinical discussion covered approved indications, patient eligibility, efficacy, safety, monitoring, treatment pathway, and physician education. Sales discussion included customer questions, objections, market access, competitor comparison, follow-up planning, CRM updates, scientific literature sharing, compliant promotion, and future engagement opportunities. Territory insights included prescription trends, customer behavior, business opportunities, formulary discussions, regional planning, call objectives, meeting outcomes, and action items. "
TXN00215,PNEUMOVAX 23,Vaccines,Pneumococcal Disease,South,Karnataka,T001,Physician,Rep_3,14,220072,2026-01-27,"Product Overview: PNEUMOVAX 23 is used in Pneumococcal Disease. Clinical discussion covered approved indications, patient eligibility, efficacy, safety, monitoring, treatment pathway, and physician education. Sales discussion included customer questions, objections, market access, competitor comparison, follow-up planning, CRM updates, scientific literature sharing, compliant promotion, and future engagement opportunities. Territory insights included prescription trends, customer behavior, business opportunities, formulary discussions, regional planning, call objectives, meeting outcomes, and action items. Product Overview: PNEUMOVAX 23 is used in Pneumococcal Disease. Clinical discussion covered approved indications, patient eligibility, efficacy, safety, monitoring, treatment pathway, and physician education. Sales discussion included customer questions, objections, market access, competitor comparison, follow-up planning, CRM updates, scientific literature sharing, compliant promotion, and future engagement opportunities. Territory insights included prescription trends, customer behavior, business opportunities, formulary discussions, regional planning, call objectives, meeting outcomes, and action items. Product Overview: PNEUMOVAX 23 is used in Pneumococcal Disease. Clinical discussion covered approved indications, patient eligibility, efficacy, safety, monitoring, treatment pathway, and physician education. Sales discussion included customer questions, objections, market access, competitor comparison, follow-up planning, CRM updates, scientific literature sharing, compliant promotion, and future engagement opportunities. Territory insights included prescription trends, customer behavior, business opportunities, formulary discussions, regional planning, call objectives, meeting outcomes, and action items. "
TXN00216,BRIDION,Hospital,Neuromuscular Blockade Reversal,South,Maharashtra,T002,Surgeon,Rep_3,17,196951,2026-08-01,"Product Overview: BRIDION is used in Neuromuscular Blockade Reversal. Clinical discussion covered approved indications, patient eligibility, efficacy, safety, monitoring, treatment pathway, and physician education. Sales discussion included customer questions, objections, market access, competitor comparison, follow-up planning, CRM updates, scientific literature sharing, compliant promotion, and future engagement opportunities. Territory insights included prescription trends, customer behavior, business opportunities, formulary discussions, regional planning, call objectives, meeting outcomes, and action items. Product Overview: BRIDION is used in Neuromuscular Blockade Reversal. Clinical discussion covered approved indications, patient eligibility, efficacy, safety, monitoring, treatment pathway, and physician education. Sales discussion included customer questions, objections, market access, competitor comparison, follow-up planning, CRM updates, scientific literature sharing, compliant promotion, and future engagement opportunities. Territory insights included prescription trends, customer behavior, business opportunities, formulary discussions, regional planning, call objectives, meeting outcomes, and action items. Product Overview: BRIDION is used in Neuromuscular Blockade Reversal. Clinical discussion covered approved indications, patient eligibility, efficacy, safety, monitoring, treatment pathway, and physician education. Sales discussion included customer questions, objections, market access, competitor comparison, follow-up planning, CRM updates, scientific literature sharing, compliant promotion, and future engagement opportunities. Territory insights included prescription trends, customer behavior, business opportunities, formulary discussions, regional planning, call objectives, meeting outcomes, and action items. "
TXN00217,ZEPATIER,Infectious Disease,Hepatitis C,South,Delhi,T002,Oncologist,Rep_4,7,340295,2026-03-05,"Product Overview: ZEPATIER is used in Hepatitis C. Clinical discussion covered approved indications, patient eligibility, efficacy, safety, monitoring, treatment pathway, and physician education. Sales discussion included customer questions, objections, market access, competitor comparison, follow-up planning, CRM updates, scientific literature sharing, compliant promotion, and future engagement opportunities. Territory insights included prescription trends, customer behavior, business opportunities, formulary discussions, regional planning, call objectives, meeting outcomes, and action items. Product Overview: ZEPATIER is used in Hepatitis C. Clinical discussion covered approved indications, patient eligibility, efficacy, safety, monitoring, treatment pathway, and physician education. Sales discussion included customer questions, objections, market access, competitor comparison, follow-up planning, CRM updates, scientific literature sharing, compliant promotion, and future engagement opportunities. Territory insights included prescription trends, customer behavior, business opportunities, formulary discussions, regional planning, call objectives, meeting outcomes, and action items. Product Overview: ZEPATIER is used in Hepatitis C. Clinical discussion covered approved indications, patient eligibility, efficacy, safety, monitoring, treatment pathway, and physician education. Sales discussion included customer questions, objections, market access, competitor comparison, follow-up planning, CRM updates, scientific literature sharing, compliant promotion, and future engagement opportunities. Territory insights included prescription trends, customer behavior, business opportunities, formulary discussions, regional planning, call objectives, meeting outcomes, and action items. "
TXN00218,ZEPATIER,Infectious Disease,Hepatitis C,South,Karnataka,T001,Surgeon,Rep_1,3,688116,2026-08-25,"Product Overview: ZEPATIER is used in Hepatitis C. Clinical discussion covered approved indications, patient eligibility, efficacy, safety, monitoring, treatment pathway, and physician education. Sales discussion included customer questions, objections, market access, competitor comparison, follow-up planning, CRM updates, scientific literature sharing, compliant promotion, and future engagement opportunities. Territory insights included prescription trends, customer behavior, business opportunities, formulary discussions, regional planning, call objectives, meeting outcomes, and action items. Product Overview: ZEPATIER is used in Hepatitis C. Clinical discussion covered approved indications, patient eligibility, efficacy, safety, monitoring, treatment pathway, and physician education. Sales discussion included customer questions, objections, market access, competitor comparison, follow-up planning, CRM updates, scientific literature sharing, compliant promotion, and future engagement opportunities. Territory insights included prescription trends, customer behavior, business opportunities, formulary discussions, regional planning, call objectives, meeting outcomes, and action items. Product Overview: ZEPATIER is used in Hepatitis C. Clinical discussion covered approved indications, patient eligibility, efficacy, safety, monitoring, treatment pathway, and physician education. Sales discussion included customer questions, objections, market access, competitor comparison, follow-up planning, CRM updates, scientific literature sharing, compliant promotion, and future engagement opportunities. Territory insights included prescription trends, customer behavior, business opportunities, formulary discussions, regional planning, call objectives, meeting outcomes, and action items. "
TXN00219,GARDASIL 9,Vaccines,HPV Prevention,South,Karnataka,T003,Surgeon,Rep_2,19,373007,2026-04-01,"Product Overview: GARDASIL 9 is used in HPV Prevention. Clinical discussion covered approved indications, patient eligibility, efficacy, safety, monitoring, treatment pathway, and physician education. Sales discussion included customer questions, objections, market access, competitor comparison, follow-up planning, CRM updates, scientific literature sharing, compliant promotion, and future engagement opportunities. Territory insights included prescription trends, customer behavior, business opportunities, formulary discussions, regional planning, call objectives, meeting outcomes, and action items. Product Overview: GARDASIL 9 is used in HPV Prevention. Clinical discussion covered approved indications, patient eligibility, efficacy, safety, monitoring, treatment pathway, and physician education. Sales discussion included customer questions, objections, market access, competitor comparison, follow-up planning, CRM updates, scientific literature sharing, compliant promotion, and future engagement opportunities. Territory insights included prescription trends, customer behavior, business opportunities, formulary discussions, regional planning, call objectives, meeting outcomes, and action items. Product Overview: GARDASIL 9 is used in HPV Prevention. Clinical discussion covered approved indications, patient eligibility, efficacy, safety, monitoring, treatment pathway, and physician education. Sales discussion included customer questions, objections, market access, competitor comparison, follow-up planning, CRM updates, scientific literature sharing, compliant promotion, and future engagement opportunities. Territory insights included prescription trends, customer behavior, business opportunities, formulary discussions, regional planning, call objectives, meeting outcomes, and action items. "
TXN00220,KEYTRUDA,Oncology,Melanoma,North,Delhi,T002,Physician,Rep_4,3,66195,2026-07-25,"Product Overview: KEYTRUDA is used in Melanoma. Clinical discussion covered approved indications, patient eligibility, efficacy, safety, monitoring, treatment pathway, and physician education. Sales discussion included customer questions, objections, market access, competitor comparison, follow-up planning, CRM updates, scientific literature sharing, compliant promotion, and future engagement opportunities. Territory insights included prescription trends, customer behavior, business opportunities, formulary discussions, regional planning, call objectives, meeting outcomes, and action items. Product Overview: KEYTRUDA is used in Melanoma. Clinical discussion covered approved indications, patient eligibility, efficacy, safety, monitoring, treatment pathway, and physician education. Sales discussion included customer questions, objections, market access, competitor comparison, follow-up planning, CRM updates, scientific literature sharing, compliant promotion, and future engagement opportunities. Territory insights included prescription trends, customer behavior, business opportunities, formulary discussions, regional planning, call objectives, meeting outcomes, and action items. Product Overview: KEYTRUDA is used in Melanoma. Clinical discussion covered approved indications, patient eligibility, efficacy, safety, monitoring, treatment pathway, and physician education. Sales discussion included customer questions, objections, market access, competitor comparison, follow-up planning, CRM updates, scientific literature sharing, compliant promotion, and future engagement opportunities. Territory insights included prescription trends, customer behavior, business opportunities, formulary discussions, regional planning, call objectives, meeting outcomes, and action items. "
TXN00221,PNEUMOVAX 23,Vaccines,Pneumococcal Disease,East,Karnataka,T001,Surgeon,Rep_3,2,221429,2026-06-19,"Product Overview: PNEUMOVAX 23 is used in Pneumococcal Disease. Clinical discussion covered approved indications, patient eligibility, efficacy, safety, monitoring, treatment pathway, and physician education. Sales discussion included customer questions, objections, market access, competitor comparison, follow-up planning, CRM updates, scientific literature sharing, compliant promotion, and future engagement opportunities. Territory insights included prescription trends, customer behavior, business opportunities, formulary discussions, regional planning, call objectives, meeting outcomes, and action items. Product Overview: PNEUMOVAX 23 is used in Pneumococcal Disease. Clinical discussion covered approved indications, patient eligibility, efficacy, safety, monitoring, treatment pathway, and physician education. Sales discussion included customer questions, objections, market access, competitor comparison, follow-up planning, CRM updates, scientific literature sharing, compliant promotion, and future engagement opportunities. Territory insights included prescription trends, customer behavior, business opportunities, formulary discussions, regional planning, call objectives, meeting outcomes, and action items. Product Overview: PNEUMOVAX 23 is used in Pneumococcal Disease. Clinical discussion covered approved indications, patient eligibility, efficacy, safety, monitoring, treatment pathway, and physician education. Sales discussion included customer questions, objections, market access, competitor comparison, follow-up planning, CRM updates, scientific literature sharing, compliant promotion, and future engagement opportunities. Territory insights included prescription trends, customer behavior, business opportunities, formulary discussions, regional planning, call objectives, meeting outcomes, and action items. "
TXN00222,JANUVIA,Diabetes,Type 2 Diabetes,East,Tamil Nadu,T003,Oncologist,Rep_1,12,799301,2026-04-27,"Product Overview: JANUVIA is used in Type 2 Diabetes. Clinical discussion covered approved indications, patient eligibility, efficacy, safety, monitoring, treatment pathway, and physician education. Sales discussion included customer questions, objections, market access, competitor comparison, follow-up planning, CRM updates, scientific literature sharing, compliant promotion, and future engagement opportunities. Territory insights included prescription trends, customer behavior, business opportunities, formulary discussions, regional planning, call objectives, meeting outcomes, and action items. Product Overview: JANUVIA is used in Type 2 Diabetes. Clinical discussion covered approved indications, patient eligibility, efficacy, safety, monitoring, treatment pathway, and physician education. Sales discussion included customer questions, objections, market access, competitor comparison, follow-up planning, CRM updates, scientific literature sharing, compliant promotion, and future engagement opportunities. Territory insights included prescription trends, customer behavior, business opportunities, formulary discussions, regional planning, call objectives, meeting outcomes, and action items. Product Overview: JANUVIA is used in Type 2 Diabetes. Clinical discussion covered approved indications, patient eligibility, efficacy, safety, monitoring, treatment pathway, and physician education. Sales discussion included customer questions, objections, market access, competitor comparison, follow-up planning, CRM updates, scientific literature sharing, compliant promotion, and future engagement opportunities. Territory insights included prescription trends, customer behavior, business opportunities, formulary discussions, regional planning, call objectives, meeting outcomes, and action items. "
TXN00223,ZEPATIER,Infectious Disease,Hepatitis C,West,Maharashtra,T002,Oncologist,Rep_4,15,588248,2026-01-17,"Product Overview: ZEPATIER is used in Hepatitis C. Clinical discussion covered approved indications, patient eligibility, efficacy, safety, monitoring, treatment pathway, and physician education. Sales discussion included customer questions, objections, market access, competitor comparison, follow-up planning, CRM updates, scientific literature sharing, compliant promotion, and future engagement opportunities. Territory insights included prescription trends, customer behavior, business opportunities, formulary discussions, regional planning, call objectives, meeting outcomes, and action items. Product Overview: ZEPATIER is used in Hepatitis C. Clinical discussion covered approved indications, patient eligibility, efficacy, safety, monitoring, treatment pathway, and physician education. Sales discussion included customer questions, objections, market access, competitor comparison, follow-up planning, CRM updates, scientific literature sharing, compliant promotion, and future engagement opportunities. Territory insights included prescription trends, customer behavior, business opportunities, formulary discussions, regional planning, call objectives, meeting outcomes, and action items. Product Overview: ZEPATIER is used in Hepatitis C. Clinical discussion covered approved indications, patient eligibility, efficacy, safety, monitoring, treatment pathway, and physician education. Sales discussion included customer questions, objections, market access, competitor comparison, follow-up planning, CRM updates, scientific literature sharing, compliant promotion, and future engagement opportunities. Territory insights included prescription trends, customer behavior, business opportunities, formulary discussions, regional planning, call objectives, meeting outcomes, and action items. "
TXN00224,ZEPATIER,Infectious Disease,Hepatitis C,North,Karnataka,T001,Oncologist,Rep_5,6,226035,2026-02-10,"Product Overview: ZEPATIER is used in Hepatitis C. Clinical discussion covered approved indications, patient eligibility, efficacy, safety, monitoring, treatment pathway, and physician education. Sales discussion included customer questions, objections, market access, competitor comparison, follow-up planning, CRM updates, scientific literature sharing, compliant promotion, and future engagement opportunities. Territory insights included prescription trends, customer behavior, business opportunities, formulary discussions, regional planning, call objectives, meeting outcomes, and action items. Product Overview: ZEPATIER is used in Hepatitis C. Clinical discussion covered approved indications, patient eligibility, efficacy, safety, monitoring, treatment pathway, and physician education. Sales discussion included customer questions, objections, market access, competitor comparison, follow-up planning, CRM updates, scientific literature sharing, compliant promotion, and future engagement opportunities. Territory insights included prescription trends, customer behavior, business opportunities, formulary discussions, regional planning, call objectives, meeting outcomes, and action items. Product Overview: ZEPATIER is used in Hepatitis C. Clinical discussion covered approved indications, patient eligibility, efficacy, safety, monitoring, treatment pathway, and physician education. Sales discussion included customer questions, objections, market access, competitor comparison, follow-up planning, CRM updates, scientific literature sharing, compliant promotion, and future engagement opportunities. Territory insights included prescription trends, customer behavior, business opportunities, formulary discussions, regional planning, call objectives, meeting outcomes, and action items. "
TXN00225,GARDASIL 9,Vaccines,HPV Prevention,North,Maharashtra,T003,Surgeon,Rep_2,9,68546,2026-08-17,"Product Overview: GARDASIL 9 is used in HPV Prevention. Clinical discussion covered approved indications, patient eligibility, efficacy, safety, monitoring, treatment pathway, and physician education. Sales discussion included customer questions, objections, market access, competitor comparison, follow-up planning, CRM updates, scientific literature sharing, compliant promotion, and future engagement opportunities. Territory insights included prescription trends, customer behavior, business opportunities, formulary discussions, regional planning, call objectives, meeting outcomes, and action items. Product Overview: GARDASIL 9 is used in HPV Prevention. Clinical discussion covered approved indications, patient eligibility, efficacy, safety, monitoring, treatment pathway, and physician education. Sales discussion included customer questions, objections, market access, competitor comparison, follow-up planning, CRM updates, scientific literature sharing, compliant promotion, and future engagement opportunities. Territory insights included prescription trends, customer behavior, business opportunities, formulary discussions, regional planning, call objectives, meeting outcomes, and action items. Product Overview: GARDASIL 9 is used in HPV Prevention. Clinical discussion covered approved indications, patient eligibility, efficacy, safety, monitoring, treatment pathway, and physician education. Sales discussion included customer questions, objections, market access, competitor comparison, follow-up planning, CRM updates, scientific literature sharing, compliant promotion, and future engagement opportunities. Territory insights included prescription trends, customer behavior, business opportunities, formulary discussions, regional planning, call objectives, meeting outcomes, and action items. "
TXN00226,WELIREG,Oncology,VHL Disease,North,Delhi,T001,Surgeon,Rep_2,2,336274,2026-02-15,"Product Overview: WELIREG is used in VHL Disease. Clinical discussion covered approved indications, patient eligibility, efficacy, safety, monitoring, treatment pathway, and physician education. Sales discussion included customer questions, objections, market access, competitor comparison, follow-up planning, CRM updates, scientific literature sharing, compliant promotion, and future engagement opportunities. Territory insights included prescription trends, customer behavior, business opportunities, formulary discussions, regional planning, call objectives, meeting outcomes, and action items. Product Overview: WELIREG is used in VHL Disease. Clinical discussion covered approved indications, patient eligibility, efficacy, safety, monitoring, treatment pathway, and physician education. Sales discussion included customer questions, objections, market access, competitor comparison, follow-up planning, CRM updates, scientific literature sharing, compliant promotion, and future engagement opportunities. Territory insights included prescription trends, customer behavior, business opportunities, formulary discussions, regional planning, call objectives, meeting outcomes, and action items. Product Overview: WELIREG is used in VHL Disease. Clinical discussion covered approved indications, patient eligibility, efficacy, safety, monitoring, treatment pathway, and physician education. Sales discussion included customer questions, objections, market access, competitor comparison, follow-up planning, CRM updates, scientific literature sharing, compliant promotion, and future engagement opportunities. Territory insights included prescription trends, customer behavior, business opportunities, formulary discussions, regional planning, call objectives, meeting outcomes, and action items. "
TXN00227,PNEUMOVAX 23,Vaccines,Pneumococcal Disease,North,Maharashtra,T001,Physician,Rep_2,18,670559,2026-04-28,"Product Overview: PNEUMOVAX 23 is used in Pneumococcal Disease. Clinical discussion covered approved indications, patient eligibility, efficacy, safety, monitoring, treatment pathway, and physician education. Sales discussion included customer questions, objections, market access, competitor comparison, follow-up planning, CRM updates, scientific literature sharing, compliant promotion, and future engagement opportunities. Territory insights included prescription trends, customer behavior, business opportunities, formulary discussions, regional planning, call objectives, meeting outcomes, and action items. Product Overview: PNEUMOVAX 23 is used in Pneumococcal Disease. Clinical discussion covered approved indications, patient eligibility, efficacy, safety, monitoring, treatment pathway, and physician education. Sales discussion included customer questions, objections, market access, competitor comparison, follow-up planning, CRM updates, scientific literature sharing, compliant promotion, and future engagement opportunities. Territory insights included prescription trends, customer behavior, business opportunities, formulary discussions, regional planning, call objectives, meeting outcomes, and action items. Product Overview: PNEUMOVAX 23 is used in Pneumococcal Disease. Clinical discussion covered approved indications, patient eligibility, efficacy, safety, monitoring, treatment pathway, and physician education. Sales discussion included customer questions, objections, market access, competitor comparison, follow-up planning, CRM updates, scientific literature sharing, compliant promotion, and future engagement opportunities. Territory insights included prescription trends, customer behavior, business opportunities, formulary discussions, regional planning, call objectives, meeting outcomes, and action items. "
TXN00228,WELIREG,Oncology,Renal Cell Carcinoma,West,Tamil Nadu,T001,Oncologist,Rep_4,14,676042,2026-01-13,"Product Overview: WELIREG is used in Renal Cell Carcinoma. Clinical discussion covered approved indications, patient eligibility, efficacy, safety, monitoring, treatment pathway, and physician education. Sales discussion included customer questions, objections, market access, competitor comparison, follow-up planning, CRM updates, scientific literature sharing, compliant promotion, and future engagement opportunities. Territory insights included prescription trends, customer behavior, business opportunities, formulary discussions, regional planning, call objectives, meeting outcomes, and action items. Product Overview: WELIREG is used in Renal Cell Carcinoma. Clinical discussion covered approved indications, patient eligibility, efficacy, safety, monitoring, treatment pathway, and physician education. Sales discussion included customer questions, objections, market access, competitor comparison, follow-up planning, CRM updates, scientific literature sharing, compliant promotion, and future engagement opportunities. Territory insights included prescription trends, customer behavior, business opportunities, formulary discussions, regional planning, call objectives, meeting outcomes, and action items. Product Overview: WELIREG is used in Renal Cell Carcinoma. Clinical discussion covered approved indications, patient eligibility, efficacy, safety, monitoring, treatment pathway, and physician education. Sales discussion included customer questions, objections, market access, competitor comparison, follow-up planning, CRM updates, scientific literature sharing, compliant promotion, and future engagement opportunities. Territory insights included prescription trends, customer behavior, business opportunities, formulary discussions, regional planning, call objectives, meeting outcomes, and action items. "
TXN00229,KEYTRUDA,Oncology,Melanoma,East,Tamil Nadu,T001,Physician,Rep_4,19,386204,2026-07-28,"Product Overview: KEYTRUDA is used in Melanoma. Clinical discussion covered approved indications, patient eligibility, efficacy, safety, monitoring, treatment pathway, and physician education. Sales discussion included customer questions, objections, market access, competitor comparison, follow-up planning, CRM updates, scientific literature sharing, compliant promotion, and future engagement opportunities. Territory insights included prescription trends, customer behavior, business opportunities, formulary discussions, regional planning, call objectives, meeting outcomes, and action items. Product Overview: KEYTRUDA is used in Melanoma. Clinical discussion covered approved indications, patient eligibility, efficacy, safety, monitoring, treatment pathway, and physician education. Sales discussion included customer questions, objections, market access, competitor comparison, follow-up planning, CRM updates, scientific literature sharing, compliant promotion, and future engagement opportunities. Territory insights included prescription trends, customer behavior, business opportunities, formulary discussions, regional planning, call objectives, meeting outcomes, and action items. Product Overview: KEYTRUDA is used in Melanoma. Clinical discussion covered approved indications, patient eligibility, efficacy, safety, monitoring, treatment pathway, and physician education. Sales discussion included customer questions, objections, market access, competitor comparison, follow-up planning, CRM updates, scientific literature sharing, compliant promotion, and future engagement opportunities. Territory insights included prescription trends, customer behavior, business opportunities, formulary discussions, regional planning, call objectives, meeting outcomes, and action items. "
TXN00230,JANUVIA,Diabetes,Type 2 Diabetes,East,Karnataka,T003,Physician,Rep_2,14,745330,2026-01-12,"Product Overview: JANUVIA is used in Type 2 Diabetes. Clinical discussion covered approved indications, patient eligibility, efficacy, safety, monitoring, treatment pathway, and physician education. Sales discussion included customer questions, objections, market access, competitor comparison, follow-up planning, CRM updates, scientific literature sharing, compliant promotion, and future engagement opportunities. Territory insights included prescription trends, customer behavior, business opportunities, formulary discussions, regional planning, call objectives, meeting outcomes, and action items. Product Overview: JANUVIA is used in Type 2 Diabetes. Clinical discussion covered approved indications, patient eligibility, efficacy, safety, monitoring, treatment pathway, and physician education. Sales discussion included customer questions, objections, market access, competitor comparison, follow-up planning, CRM updates, scientific literature sharing, compliant promotion, and future engagement opportunities. Territory insights included prescription trends, customer behavior, business opportunities, formulary discussions, regional planning, call objectives, meeting outcomes, and action items. Product Overview: JANUVIA is used in Type 2 Diabetes. Clinical discussion covered approved indications, patient eligibility, efficacy, safety, monitoring, treatment pathway, and physician education. Sales discussion included customer questions, objections, market access, competitor comparison, follow-up planning, CRM updates, scientific literature sharing, compliant promotion, and future engagement opportunities. Territory insights included prescription trends, customer behavior, business opportunities, formulary discussions, regional planning, call objectives, meeting outcomes, and action items. "
TXN00231,KEYTRUDA,Oncology,NSCLC,North,Delhi,T002,Oncologist,Rep_5,1,286431,2026-03-14,"Product Overview: KEYTRUDA is used in NSCLC. Clinical discussion covered approved indications, patient eligibility, efficacy, safety, monitoring, treatment pathway, and physician education. Sales discussion included customer questions, objections, market access, competitor comparison, follow-up planning, CRM updates, scientific literature sharing, compliant promotion, and future engagement opportunities. Territory insights included prescription trends, customer behavior, business opportunities, formulary discussions, regional planning, call objectives, meeting outcomes, and action items. Product Overview: KEYTRUDA is used in NSCLC. Clinical discussion covered approved indications, patient eligibility, efficacy, safety, monitoring, treatment pathway, and physician education. Sales discussion included customer questions, objections, market access, competitor comparison, follow-up planning, CRM updates, scientific literature sharing, compliant promotion, and future engagement opportunities. Territory insights included prescription trends, customer behavior, business opportunities, formulary discussions, regional planning, call objectives, meeting outcomes, and action items. Product Overview: KEYTRUDA is used in NSCLC. Clinical discussion covered approved indications, patient eligibility, efficacy, safety, monitoring, treatment pathway, and physician education. Sales discussion included customer questions, objections, market access, competitor comparison, follow-up planning, CRM updates, scientific literature sharing, compliant promotion, and future engagement opportunities. Territory insights included prescription trends, customer behavior, business opportunities, formulary discussions, regional planning, call objectives, meeting outcomes, and action items. "
TXN00232,PNEUMOVAX 23,Vaccines,Pneumococcal Disease,North,Maharashtra,T001,Surgeon,Rep_5,9,761394,2026-05-21,"Product Overview: PNEUMOVAX 23 is used in Pneumococcal Disease. Clinical discussion covered approved indications, patient eligibility, efficacy, safety, monitoring, treatment pathway, and physician education. Sales discussion included customer questions, objections, market access, competitor comparison, follow-up planning, CRM updates, scientific literature sharing, compliant promotion, and future engagement opportunities. Territory insights included prescription trends, customer behavior, business opportunities, formulary discussions, regional planning, call objectives, meeting outcomes, and action items. Product Overview: PNEUMOVAX 23 is used in Pneumococcal Disease. Clinical discussion covered approved indications, patient eligibility, efficacy, safety, monitoring, treatment pathway, and physician education. Sales discussion included customer questions, objections, market access, competitor comparison, follow-up planning, CRM updates, scientific literature sharing, compliant promotion, and future engagement opportunities. Territory insights included prescription trends, customer behavior, business opportunities, formulary discussions, regional planning, call objectives, meeting outcomes, and action items. Product Overview: PNEUMOVAX 23 is used in Pneumococcal Disease. Clinical discussion covered approved indications, patient eligibility, efficacy, safety, monitoring, treatment pathway, and physician education. Sales discussion included customer questions, objections, market access, competitor comparison, follow-up planning, CRM updates, scientific literature sharing, compliant promotion, and future engagement opportunities. Territory insights included prescription trends, customer behavior, business opportunities, formulary discussions, regional planning, call objectives, meeting outcomes, and action items. "
TXN00233,JANUVIA,Diabetes,Type 2 Diabetes,North,Delhi,T001,Surgeon,Rep_1,14,298147,2026-01-10,"Product Overview: JANUVIA is used in Type 2 Diabetes. Clinical discussion covered approved indications, patient eligibility, efficacy, safety, monitoring, treatment pathway, and physician education. Sales discussion included customer questions, objections, market access, competitor comparison, follow-up planning, CRM updates, scientific literature sharing, compliant promotion, and future engagement opportunities. Territory insights included prescription trends, customer behavior, business opportunities, formulary discussions, regional planning, call objectives, meeting outcomes, and action items. Product Overview: JANUVIA is used in Type 2 Diabetes. Clinical discussion covered approved indications, patient eligibility, efficacy, safety, monitoring, treatment pathway, and physician education. Sales discussion included customer questions, objections, market access, competitor comparison, follow-up planning, CRM updates, scientific literature sharing, compliant promotion, and future engagement opportunities. Territory insights included prescription trends, customer behavior, business opportunities, formulary discussions, regional planning, call objectives, meeting outcomes, and action items. Product Overview: JANUVIA is used in Type 2 Diabetes. Clinical discussion covered approved indications, patient eligibility, efficacy, safety, monitoring, treatment pathway, and physician education. Sales discussion included customer questions, objections, market access, competitor comparison, follow-up planning, CRM updates, scientific literature sharing, compliant promotion, and future engagement opportunities. Territory insights included prescription trends, customer behavior, business opportunities, formulary discussions, regional planning, call objectives, meeting outcomes, and action items. "
TXN00234,KEYTRUDA,Oncology,Melanoma,East,Karnataka,T001,Oncologist,Rep_5,17,331449,2026-02-15,"Product Overview: KEYTRUDA is used in Melanoma. Clinical discussion covered approved indications, patient eligibility, efficacy, safety, monitoring, treatment pathway, and physician education. Sales discussion included customer questions, objections, market access, competitor comparison, follow-up planning, CRM updates, scientific literature sharing, compliant promotion, and future engagement opportunities. Territory insights included prescription trends, customer behavior, business opportunities, formulary discussions, regional planning, call objectives, meeting outcomes, and action items. Product Overview: KEYTRUDA is used in Melanoma. Clinical discussion covered approved indications, patient eligibility, efficacy, safety, monitoring, treatment pathway, and physician education. Sales discussion included customer questions, objections, market access, competitor comparison, follow-up planning, CRM updates, scientific literature sharing, compliant promotion, and future engagement opportunities. Territory insights included prescription trends, customer behavior, business opportunities, formulary discussions, regional planning, call objectives, meeting outcomes, and action items. Product Overview: KEYTRUDA is used in Melanoma. Clinical discussion covered approved indications, patient eligibility, efficacy, safety, monitoring, treatment pathway, and physician education. Sales discussion included customer questions, objections, market access, competitor comparison, follow-up planning, CRM updates, scientific literature sharing, compliant promotion, and future engagement opportunities. Territory insights included prescription trends, customer behavior, business opportunities, formulary discussions, regional planning, call objectives, meeting outcomes, and action items. "
TXN00235,JANUVIA,Diabetes,Type 2 Diabetes,West,Maharashtra,T003,Oncologist,Rep_3,14,655390,2026-05-09,"Product Overview: JANUVIA is used in Type 2 Diabetes. Clinical discussion covered approved indications, patient eligibility, efficacy, safety, monitoring, treatment pathway, and physician education. Sales discussion included customer questions, objections, market access, competitor comparison, follow-up planning, CRM updates, scientific literature sharing, compliant promotion, and future engagement opportunities. Territory insights included prescription trends, customer behavior, business opportunities, formulary discussions, regional planning, call objectives, meeting outcomes, and action items. Product Overview: JANUVIA is used in Type 2 Diabetes. Clinical discussion covered approved indications, patient eligibility, efficacy, safety, monitoring, treatment pathway, and physician education. Sales discussion included customer questions, objections, market access, competitor comparison, follow-up planning, CRM updates, scientific literature sharing, compliant promotion, and future engagement opportunities. Territory insights included prescription trends, customer behavior, business opportunities, formulary discussions, regional planning, call objectives, meeting outcomes, and action items. Product Overview: JANUVIA is used in Type 2 Diabetes. Clinical discussion covered approved indications, patient eligibility, efficacy, safety, monitoring, treatment pathway, and physician education. Sales discussion included customer questions, objections, market access, competitor comparison, follow-up planning, CRM updates, scientific literature sharing, compliant promotion, and future engagement opportunities. Territory insights included prescription trends, customer behavior, business opportunities, formulary discussions, regional planning, call objectives, meeting outcomes, and action items. "
TXN00236,WELIREG,Oncology,Renal Cell Carcinoma,East,Tamil Nadu,T003,Surgeon,Rep_5,8,731949,2026-07-07,"Product Overview: WELIREG is used in Renal Cell Carcinoma. Clinical discussion covered approved indications, patient eligibility, efficacy, safety, monitoring, treatment pathway, and physician education. Sales discussion included customer questions, objections, market access, competitor comparison, follow-up planning, CRM updates, scientific literature sharing, compliant promotion, and future engagement opportunities. Territory insights included prescription trends, customer behavior, business opportunities, formulary discussions, regional planning, call objectives, meeting outcomes, and action items. Product Overview: WELIREG is used in Renal Cell Carcinoma. Clinical discussion covered approved indications, patient eligibility, efficacy, safety, monitoring, treatment pathway, and physician education. Sales discussion included customer questions, objections, market access, competitor comparison, follow-up planning, CRM updates, scientific literature sharing, compliant promotion, and future engagement opportunities. Territory insights included prescription trends, customer behavior, business opportunities, formulary discussions, regional planning, call objectives, meeting outcomes, and action items. Product Overview: WELIREG is used in Renal Cell Carcinoma. Clinical discussion covered approved indications, patient eligibility, efficacy, safety, monitoring, treatment pathway, and physician education. Sales discussion included customer questions, objections, market access, competitor comparison, follow-up planning, CRM updates, scientific literature sharing, compliant promotion, and future engagement opportunities. Territory insights included prescription trends, customer behavior, business opportunities, formulary discussions, regional planning, call objectives, meeting outcomes, and action items. "
TXN00237,JANUVIA,Diabetes,Type 2 Diabetes,West,Delhi,T003,Physician,Rep_4,10,82466,2026-04-11,"Product Overview: JANUVIA is used in Type 2 Diabetes. Clinical discussion covered approved indications, patient eligibility, efficacy, safety, monitoring, treatment pathway, and physician education. Sales discussion included customer questions, objections, market access, competitor comparison, follow-up planning, CRM updates, scientific literature sharing, compliant promotion, and future engagement opportunities. Territory insights included prescription trends, customer behavior, business opportunities, formulary discussions, regional planning, call objectives, meeting outcomes, and action items. Product Overview: JANUVIA is used in Type 2 Diabetes. Clinical discussion covered approved indications, patient eligibility, efficacy, safety, monitoring, treatment pathway, and physician education. Sales discussion included customer questions, objections, market access, competitor comparison, follow-up planning, CRM updates, scientific literature sharing, compliant promotion, and future engagement opportunities. Territory insights included prescription trends, customer behavior, business opportunities, formulary discussions, regional planning, call objectives, meeting outcomes, and action items. Product Overview: JANUVIA is used in Type 2 Diabetes. Clinical discussion covered approved indications, patient eligibility, efficacy, safety, monitoring, treatment pathway, and physician education. Sales discussion included customer questions, objections, market access, competitor comparison, follow-up planning, CRM updates, scientific literature sharing, compliant promotion, and future engagement opportunities. Territory insights included prescription trends, customer behavior, business opportunities, formulary discussions, regional planning, call objectives, meeting outcomes, and action items. "
TXN00238,WELIREG,Oncology,Renal Cell Carcinoma,West,Tamil Nadu,T001,Physician,Rep_2,8,389688,2026-06-16,"Product Overview: WELIREG is used in Renal Cell Carcinoma. Clinical discussion covered approved indications, patient eligibility, efficacy, safety, monitoring, treatment pathway, and physician education. Sales discussion included customer questions, objections, market access, competitor comparison, follow-up planning, CRM updates, scientific literature sharing, compliant promotion, and future engagement opportunities. Territory insights included prescription trends, customer behavior, business opportunities, formulary discussions, regional planning, call objectives, meeting outcomes, and action items. Product Overview: WELIREG is used in Renal Cell Carcinoma. Clinical discussion covered approved indications, patient eligibility, efficacy, safety, monitoring, treatment pathway, and physician education. Sales discussion included customer questions, objections, market access, competitor comparison, follow-up planning, CRM updates, scientific literature sharing, compliant promotion, and future engagement opportunities. Territory insights included prescription trends, customer behavior, business opportunities, formulary discussions, regional planning, call objectives, meeting outcomes, and action items. Product Overview: WELIREG is used in Renal Cell Carcinoma. Clinical discussion covered approved indications, patient eligibility, efficacy, safety, monitoring, treatment pathway, and physician education. Sales discussion included customer questions, objections, market access, competitor comparison, follow-up planning, CRM updates, scientific literature sharing, compliant promotion, and future engagement opportunities. Territory insights included prescription trends, customer behavior, business opportunities, formulary discussions, regional planning, call objectives, meeting outcomes, and action items. "
TXN00239,GARDASIL 9,Vaccines,HPV Prevention,South,Delhi,T001,Oncologist,Rep_2,18,120043,2026-06-15,"Product Overview: GARDASIL 9 is used in HPV Prevention. Clinical discussion covered approved indications, patient eligibility, efficacy, safety, monitoring, treatment pathway, and physician education. Sales discussion included customer questions, objections, market access, competitor comparison, follow-up planning, CRM updates, scientific literature sharing, compliant promotion, and future engagement opportunities. Territory insights included prescription trends, customer behavior, business opportunities, formulary discussions, regional planning, call objectives, meeting outcomes, and action items. Product Overview: GARDASIL 9 is used in HPV Prevention. Clinical discussion covered approved indications, patient eligibility, efficacy, safety, monitoring, treatment pathway, and physician education. Sales discussion included customer questions, objections, market access, competitor comparison, follow-up planning, CRM updates, scientific literature sharing, compliant promotion, and future engagement opportunities. Territory insights included prescription trends, customer behavior, business opportunities, formulary discussions, regional planning, call objectives, meeting outcomes, and action items. Product Overview: GARDASIL 9 is used in HPV Prevention. Clinical discussion covered approved indications, patient eligibility, efficacy, safety, monitoring, treatment pathway, and physician education. Sales discussion included customer questions, objections, market access, competitor comparison, follow-up planning, CRM updates, scientific literature sharing, compliant promotion, and future engagement opportunities. Territory insights included prescription trends, customer behavior, business opportunities, formulary discussions, regional planning, call objectives, meeting outcomes, and action items. "
TXN00240,BRIDION,Hospital,Neuromuscular Blockade Reversal,West,Tamil Nadu,T002,Surgeon,Rep_1,17,286104,2026-03-14,"Product Overview: BRIDION is used in Neuromuscular Blockade Reversal. Clinical discussion covered approved indications, patient eligibility, efficacy, safety, monitoring, treatment pathway, and physician education. Sales discussion included customer questions, objections, market access, competitor comparison, follow-up planning, CRM updates, scientific literature sharing, compliant promotion, and future engagement opportunities. Territory insights included prescription trends, customer behavior, business opportunities, formulary discussions, regional planning, call objectives, meeting outcomes, and action items. Product Overview: BRIDION is used in Neuromuscular Blockade Reversal. Clinical discussion covered approved indications, patient eligibility, efficacy, safety, monitoring, treatment pathway, and physician education. Sales discussion included customer questions, objections, market access, competitor comparison, follow-up planning, CRM updates, scientific literature sharing, compliant promotion, and future engagement opportunities. Territory insights included prescription trends, customer behavior, business opportunities, formulary discussions, regional planning, call objectives, meeting outcomes, and action items. Product Overview: BRIDION is used in Neuromuscular Blockade Reversal. Clinical discussion covered approved indications, patient eligibility, efficacy, safety, monitoring, treatment pathway, and physician education. Sales discussion included customer questions, objections, market access, competitor comparison, follow-up planning, CRM updates, scientific literature sharing, compliant promotion, and future engagement opportunities. Territory insights included prescription trends, customer behavior, business opportunities, formulary discussions, regional planning, call objectives, meeting outcomes, and action items. "
TXN00241,GARDASIL 9,Vaccines,HPV Prevention,South,Karnataka,T003,Surgeon,Rep_3,17,149668,2026-08-09,"Product Overview: GARDASIL 9 is used in HPV Prevention. Clinical discussion covered approved indications, patient eligibility, efficacy, safety, monitoring, treatment pathway, and physician education. Sales discussion included customer questions, objections, market access, competitor comparison, follow-up planning, CRM updates, scientific literature sharing, compliant promotion, and future engagement opportunities. Territory insights included prescription trends, customer behavior, business opportunities, formulary discussions, regional planning, call objectives, meeting outcomes, and action items. Product Overview: GARDASIL 9 is used in HPV Prevention. Clinical discussion covered approved indications, patient eligibility, efficacy, safety, monitoring, treatment pathway, and physician education. Sales discussion included customer questions, objections, market access, competitor comparison, follow-up planning, CRM updates, scientific literature sharing, compliant promotion, and future engagement opportunities. Territory insights included prescription trends, customer behavior, business opportunities, formulary discussions, regional planning, call objectives, meeting outcomes, and action items. Product Overview: GARDASIL 9 is used in HPV Prevention. Clinical discussion covered approved indications, patient eligibility, efficacy, safety, monitoring, treatment pathway, and physician education. Sales discussion included customer questions, objections, market access, competitor comparison, follow-up planning, CRM updates, scientific literature sharing, compliant promotion, and future engagement opportunities. Territory insights included prescription trends, customer behavior, business opportunities, formulary discussions, regional planning, call objectives, meeting outcomes, and action items. "
TXN00242,ZEPATIER,Infectious Disease,Hepatitis C,West,Maharashtra,T001,Physician,Rep_5,19,173152,2026-08-13,"Product Overview: ZEPATIER is used in Hepatitis C. Clinical discussion covered approved indications, patient eligibility, efficacy, safety, monitoring, treatment pathway, and physician education. Sales discussion included customer questions, objections, market access, competitor comparison, follow-up planning, CRM updates, scientific literature sharing, compliant promotion, and future engagement opportunities. Territory insights included prescription trends, customer behavior, business opportunities, formulary discussions, regional planning, call objectives, meeting outcomes, and action items. Product Overview: ZEPATIER is used in Hepatitis C. Clinical discussion covered approved indications, patient eligibility, efficacy, safety, monitoring, treatment pathway, and physician education. Sales discussion included customer questions, objections, market access, competitor comparison, follow-up planning, CRM updates, scientific literature sharing, compliant promotion, and future engagement opportunities. Territory insights included prescription trends, customer behavior, business opportunities, formulary discussions, regional planning, call objectives, meeting outcomes, and action items. Product Overview: ZEPATIER is used in Hepatitis C. Clinical discussion covered approved indications, patient eligibility, efficacy, safety, monitoring, treatment pathway, and physician education. Sales discussion included customer questions, objections, market access, competitor comparison, follow-up planning, CRM updates, scientific literature sharing, compliant promotion, and future engagement opportunities. Territory insights included prescription trends, customer behavior, business opportunities, formulary discussions, regional planning, call objectives, meeting outcomes, and action items. "
TXN00243,JANUVIA,Diabetes,Type 2 Diabetes,West,Delhi,T003,Surgeon,Rep_1,13,524253,2026-08-10,"Product Overview: JANUVIA is used in Type 2 Diabetes. Clinical discussion covered approved indications, patient eligibility, efficacy, safety, monitoring, treatment pathway, and physician education. Sales discussion included customer questions, objections, market access, competitor comparison, follow-up planning, CRM updates, scientific literature sharing, compliant promotion, and future engagement opportunities. Territory insights included prescription trends, customer behavior, business opportunities, formulary discussions, regional planning, call objectives, meeting outcomes, and action items. Product Overview: JANUVIA is used in Type 2 Diabetes. Clinical discussion covered approved indications, patient eligibility, efficacy, safety, monitoring, treatment pathway, and physician education. Sales discussion included customer questions, objections, market access, competitor comparison, follow-up planning, CRM updates, scientific literature sharing, compliant promotion, and future engagement opportunities. Territory insights included prescription trends, customer behavior, business opportunities, formulary discussions, regional planning, call objectives, meeting outcomes, and action items. Product Overview: JANUVIA is used in Type 2 Diabetes. Clinical discussion covered approved indications, patient eligibility, efficacy, safety, monitoring, treatment pathway, and physician education. Sales discussion included customer questions, objections, market access, competitor comparison, follow-up planning, CRM updates, scientific literature sharing, compliant promotion, and future engagement opportunities. Territory insights included prescription trends, customer behavior, business opportunities, formulary discussions, regional planning, call objectives, meeting outcomes, and action items. "
TXN00244,BRIDION,Hospital,Neuromuscular Blockade Reversal,East,Delhi,T002,Surgeon,Rep_5,20,453178,2026-06-01,"Product Overview: BRIDION is used in Neuromuscular Blockade Reversal. Clinical discussion covered approved indications, patient eligibility, efficacy, safety, monitoring, treatment pathway, and physician education. Sales discussion included customer questions, objections, market access, competitor comparison, follow-up planning, CRM updates, scientific literature sharing, compliant promotion, and future engagement opportunities. Territory insights included prescription trends, customer behavior, business opportunities, formulary discussions, regional planning, call objectives, meeting outcomes, and action items. Product Overview: BRIDION is used in Neuromuscular Blockade Reversal. Clinical discussion covered approved indications, patient eligibility, efficacy, safety, monitoring, treatment pathway, and physician education. Sales discussion included customer questions, objections, market access, competitor comparison, follow-up planning, CRM updates, scientific literature sharing, compliant promotion, and future engagement opportunities. Territory insights included prescription trends, customer behavior, business opportunities, formulary discussions, regional planning, call objectives, meeting outcomes, and action items. Product Overview: BRIDION is used in Neuromuscular Blockade Reversal. Clinical discussion covered approved indications, patient eligibility, efficacy, safety, monitoring, treatment pathway, and physician education. Sales discussion included customer questions, objections, market access, competitor comparison, follow-up planning, CRM updates, scientific literature sharing, compliant promotion, and future engagement opportunities. Territory insights included prescription trends, customer behavior, business opportunities, formulary discussions, regional planning, call objectives, meeting outcomes, and action items. "
TXN00245,ZEPATIER,Infectious Disease,Hepatitis C,West,Tamil Nadu,T002,Oncologist,Rep_5,10,202033,2026-07-19,"Product Overview: ZEPATIER is used in Hepatitis C. Clinical discussion covered approved indications, patient eligibility, efficacy, safety, monitoring, treatment pathway, and physician education. Sales discussion included customer questions, objections, market access, competitor comparison, follow-up planning, CRM updates, scientific literature sharing, compliant promotion, and future engagement opportunities. Territory insights included prescription trends, customer behavior, business opportunities, formulary discussions, regional planning, call objectives, meeting outcomes, and action items. Product Overview: ZEPATIER is used in Hepatitis C. Clinical discussion covered approved indications, patient eligibility, efficacy, safety, monitoring, treatment pathway, and physician education. Sales discussion included customer questions, objections, market access, competitor comparison, follow-up planning, CRM updates, scientific literature sharing, compliant promotion, and future engagement opportunities. Territory insights included prescription trends, customer behavior, business opportunities, formulary discussions, regional planning, call objectives, meeting outcomes, and action items. Product Overview: ZEPATIER is used in Hepatitis C. Clinical discussion covered approved indications, patient eligibility, efficacy, safety, monitoring, treatment pathway, and physician education. Sales discussion included customer questions, objections, market access, competitor comparison, follow-up planning, CRM updates, scientific literature sharing, compliant promotion, and future engagement opportunities. Territory insights included prescription trends, customer behavior, business opportunities, formulary discussions, regional planning, call objectives, meeting outcomes, and action items. "
TXN00246,PNEUMOVAX 23,Vaccines,Pneumococcal Disease,North,Delhi,T002,Surgeon,Rep_2,11,264234,2026-07-01,"Product Overview: PNEUMOVAX 23 is used in Pneumococcal Disease. Clinical discussion covered approved indications, patient eligibility, efficacy, safety, monitoring, treatment pathway, and physician education. Sales discussion included customer questions, objections, market access, competitor comparison, follow-up planning, CRM updates, scientific literature sharing, compliant promotion, and future engagement opportunities. Territory insights included prescription trends, customer behavior, business opportunities, formulary discussions, regional planning, call objectives, meeting outcomes, and action items. Product Overview: PNEUMOVAX 23 is used in Pneumococcal Disease. Clinical discussion covered approved indications, patient eligibility, efficacy, safety, monitoring, treatment pathway, and physician education. Sales discussion included customer questions, objections, market access, competitor comparison, follow-up planning, CRM updates, scientific literature sharing, compliant promotion, and future engagement opportunities. Territory insights included prescription trends, customer behavior, business opportunities, formulary discussions, regional planning, call objectives, meeting outcomes, and action items. Product Overview: PNEUMOVAX 23 is used in Pneumococcal Disease. Clinical discussion covered approved indications, patient eligibility, efficacy, safety, monitoring, treatment pathway, and physician education. Sales discussion included customer questions, objections, market access, competitor comparison, follow-up planning, CRM updates, scientific literature sharing, compliant promotion, and future engagement opportunities. Territory insights included prescription trends, customer behavior, business opportunities, formulary discussions, regional planning, call objectives, meeting outcomes, and action items. "
TXN00247,KEYTRUDA,Oncology,NSCLC,East,Tamil Nadu,T002,Surgeon,Rep_3,18,700108,2026-07-17,"Product Overview: KEYTRUDA is used in NSCLC. Clinical discussion covered approved indications, patient eligibility, efficacy, safety, monitoring, treatment pathway, and physician education. Sales discussion included customer questions, objections, market access, competitor comparison, follow-up planning, CRM updates, scientific literature sharing, compliant promotion, and future engagement opportunities. Territory insights included prescription trends, customer behavior, business opportunities, formulary discussions, regional planning, call objectives, meeting outcomes, and action items. Product Overview: KEYTRUDA is used in NSCLC. Clinical discussion covered approved indications, patient eligibility, efficacy, safety, monitoring, treatment pathway, and physician education. Sales discussion included customer questions, objections, market access, competitor comparison, follow-up planning, CRM updates, scientific literature sharing, compliant promotion, and future engagement opportunities. Territory insights included prescription trends, customer behavior, business opportunities, formulary discussions, regional planning, call objectives, meeting outcomes, and action items. Product Overview: KEYTRUDA is used in NSCLC. Clinical discussion covered approved indications, patient eligibility, efficacy, safety, monitoring, treatment pathway, and physician education. Sales discussion included customer questions, objections, market access, competitor comparison, follow-up planning, CRM updates, scientific literature sharing, compliant promotion, and future engagement opportunities. Territory insights included prescription trends, customer behavior, business opportunities, formulary discussions, regional planning, call objectives, meeting outcomes, and action items. "
TXN00248,ZEPATIER,Infectious Disease,Hepatitis C,West,Tamil Nadu,T002,Oncologist,Rep_5,12,525073,2026-01-22,"Product Overview: ZEPATIER is used in Hepatitis C. Clinical discussion covered approved indications, patient eligibility, efficacy, safety, monitoring, treatment pathway, and physician education. Sales discussion included customer questions, objections, market access, competitor comparison, follow-up planning, CRM updates, scientific literature sharing, compliant promotion, and future engagement opportunities. Territory insights included prescription trends, customer behavior, business opportunities, formulary discussions, regional planning, call objectives, meeting outcomes, and action items. Product Overview: ZEPATIER is used in Hepatitis C. Clinical discussion covered approved indications, patient eligibility, efficacy, safety, monitoring, treatment pathway, and physician education. Sales discussion included customer questions, objections, market access, competitor comparison, follow-up planning, CRM updates, scientific literature sharing, compliant promotion, and future engagement opportunities. Territory insights included prescription trends, customer behavior, business opportunities, formulary discussions, regional planning, call objectives, meeting outcomes, and action items. Product Overview: ZEPATIER is used in Hepatitis C. Clinical discussion covered approved indications, patient eligibility, efficacy, safety, monitoring, treatment pathway, and physician education. Sales discussion included customer questions, objections, market access, competitor comparison, follow-up planning, CRM updates, scientific literature sharing, compliant promotion, and future engagement opportunities. Territory insights included prescription trends, customer behavior, business opportunities, formulary discussions, regional planning, call objectives, meeting outcomes, and action items. "
TXN00249,KEYTRUDA,Oncology,NSCLC,North,Tamil Nadu,T002,Surgeon,Rep_4,18,651940,2026-03-07,"Product Overview: KEYTRUDA is used in NSCLC. Clinical discussion covered approved indications, patient eligibility, efficacy, safety, monitoring, treatment pathway, and physician education. Sales discussion included customer questions, objections, market access, competitor comparison, follow-up planning, CRM updates, scientific literature sharing, compliant promotion, and future engagement opportunities. Territory insights included prescription trends, customer behavior, business opportunities, formulary discussions, regional planning, call objectives, meeting outcomes, and action items. Product Overview: KEYTRUDA is used in NSCLC. Clinical discussion covered approved indications, patient eligibility, efficacy, safety, monitoring, treatment pathway, and physician education. Sales discussion included customer questions, objections, market access, competitor comparison, follow-up planning, CRM updates, scientific literature sharing, compliant promotion, and future engagement opportunities. Territory insights included prescription trends, customer behavior, business opportunities, formulary discussions, regional planning, call objectives, meeting outcomes, and action items. Product Overview: KEYTRUDA is used in NSCLC. Clinical discussion covered approved indications, patient eligibility, efficacy, safety, monitoring, treatment pathway, and physician education. Sales discussion included customer questions, objections, market access, competitor comparison, follow-up planning, CRM updates, scientific literature sharing, compliant promotion, and future engagement opportunities. Territory insights included prescription trends, customer behavior, business opportunities, formulary discussions, regional planning, call objectives, meeting outcomes, and action items. "
TXN00250,PNEUMOVAX 23,Vaccines,Pneumococcal Disease,West,Tamil Nadu,T003,Surgeon,Rep_3,17,146723,2026-03-12,"Product Overview: PNEUMOVAX 23 is used in Pneumococcal Disease. Clinical discussion covered approved indications, patient eligibility, efficacy, safety, monitoring, treatment pathway, and physician education. Sales discussion included customer questions, objections, market access, competitor comparison, follow-up planning, CRM updates, scientific literature sharing, compliant promotion, and future engagement opportunities. Territory insights included prescription trends, customer behavior, business opportunities, formulary discussions, regional planning, call objectives, meeting outcomes, and action items. Product Overview: PNEUMOVAX 23 is used in Pneumococcal Disease. Clinical discussion covered approved indications, patient eligibility, efficacy, safety, monitoring, treatment pathway, and physician education. Sales discussion included customer questions, objections, market access, competitor comparison, follow-up planning, CRM updates, scientific literature sharing, compliant promotion, and future engagement opportunities. Territory insights included prescription trends, customer behavior, business opportunities, formulary discussions, regional planning, call objectives, meeting outcomes, and action items. Product Overview: PNEUMOVAX 23 is used in Pneumococcal Disease. Clinical discussion covered approved indications, patient eligibility, efficacy, safety, monitoring, treatment pathway, and physician education. Sales discussion included customer questions, objections, market access, competitor comparison, follow-up planning, CRM updates, scientific literature sharing, compliant promotion, and future engagement opportunities. Territory insights included prescription trends, customer behavior, business opportunities, formulary discussions, regional planning, call objectives, meeting outcomes, and action items. "
TXN00251,GARDASIL 9,Vaccines,HPV Prevention,North,Delhi,T003,Oncologist,Rep_1,10,773399,2026-06-27,"Product Overview: GARDASIL 9 is used in HPV Prevention. Clinical discussion covered approved indications, patient eligibility, efficacy, safety, monitoring, treatment pathway, and physician education. Sales discussion included customer questions, objections, market access, competitor comparison, follow-up planning, CRM updates, scientific literature sharing, compliant promotion, and future engagement opportunities. Territory insights included prescription trends, customer behavior, business opportunities, formulary discussions, regional planning, call objectives, meeting outcomes, and action items. Product Overview: GARDASIL 9 is used in HPV Prevention. Clinical discussion covered approved indications, patient eligibility, efficacy, safety, monitoring, treatment pathway, and physician education. Sales discussion included customer questions, objections, market access, competitor comparison, follow-up planning, CRM updates, scientific literature sharing, compliant promotion, and future engagement opportunities. Territory insights included prescription trends, customer behavior, business opportunities, formulary discussions, regional planning, call objectives, meeting outcomes, and action items. Product Overview: GARDASIL 9 is used in HPV Prevention. Clinical discussion covered approved indications, patient eligibility, efficacy, safety, monitoring, treatment pathway, and physician education. Sales discussion included customer questions, objections, market access, competitor comparison, follow-up planning, CRM updates, scientific literature sharing, compliant promotion, and future engagement opportunities. Territory insights included prescription trends, customer behavior, business opportunities, formulary discussions, regional planning, call objectives, meeting outcomes, and action items. "
TXN00252,JANUVIA,Diabetes,Type 2 Diabetes,South,Delhi,T003,Oncologist,Rep_5,7,482285,2026-03-02,"Product Overview: JANUVIA is used in Type 2 Diabetes. Clinical discussion covered approved indications, patient eligibility, efficacy, safety, monitoring, treatment pathway, and physician education. Sales discussion included customer questions, objections, market access, competitor comparison, follow-up planning, CRM updates, scientific literature sharing, compliant promotion, and future engagement opportunities. Territory insights included prescription trends, customer behavior, business opportunities, formulary discussions, regional planning, call objectives, meeting outcomes, and action items. Product Overview: JANUVIA is used in Type 2 Diabetes. Clinical discussion covered approved indications, patient eligibility, efficacy, safety, monitoring, treatment pathway, and physician education. Sales discussion included customer questions, objections, market access, competitor comparison, follow-up planning, CRM updates, scientific literature sharing, compliant promotion, and future engagement opportunities. Territory insights included prescription trends, customer behavior, business opportunities, formulary discussions, regional planning, call objectives, meeting outcomes, and action items. Product Overview: JANUVIA is used in Type 2 Diabetes. Clinical discussion covered approved indications, patient eligibility, efficacy, safety, monitoring, treatment pathway, and physician education. Sales discussion included customer questions, objections, market access, competitor comparison, follow-up planning, CRM updates, scientific literature sharing, compliant promotion, and future engagement opportunities. Territory insights included prescription trends, customer behavior, business opportunities, formulary discussions, regional planning, call objectives, meeting outcomes, and action items. "
TXN00253,BRIDION,Hospital,Neuromuscular Blockade Reversal,East,Maharashtra,T003,Physician,Rep_1,1,371640,2026-01-10,"Product Overview: BRIDION is used in Neuromuscular Blockade Reversal. Clinical discussion covered approved indications, patient eligibility, efficacy, safety, monitoring, treatment pathway, and physician education. Sales discussion included customer questions, objections, market access, competitor comparison, follow-up planning, CRM updates, scientific literature sharing, compliant promotion, and future engagement opportunities. Territory insights included prescription trends, customer behavior, business opportunities, formulary discussions, regional planning, call objectives, meeting outcomes, and action items. Product Overview: BRIDION is used in Neuromuscular Blockade Reversal. Clinical discussion covered approved indications, patient eligibility, efficacy, safety, monitoring, treatment pathway, and physician education. Sales discussion included customer questions, objections, market access, competitor comparison, follow-up planning, CRM updates, scientific literature sharing, compliant promotion, and future engagement opportunities. Territory insights included prescription trends, customer behavior, business opportunities, formulary discussions, regional planning, call objectives, meeting outcomes, and action items. Product Overview: BRIDION is used in Neuromuscular Blockade Reversal. Clinical discussion covered approved indications, patient eligibility, efficacy, safety, monitoring, treatment pathway, and physician education. Sales discussion included customer questions, objections, market access, competitor comparison, follow-up planning, CRM updates, scientific literature sharing, compliant promotion, and future engagement opportunities. Territory insights included prescription trends, customer behavior, business opportunities, formulary discussions, regional planning, call objectives, meeting outcomes, and action items. "
TXN00254,PNEUMOVAX 23,Vaccines,Pneumococcal Disease,North,Maharashtra,T001,Oncologist,Rep_4,18,644570,2026-05-28,"Product Overview: PNEUMOVAX 23 is used in Pneumococcal Disease. Clinical discussion covered approved indications, patient eligibility, efficacy, safety, monitoring, treatment pathway, and physician education. Sales discussion included customer questions, objections, market access, competitor comparison, follow-up planning, CRM updates, scientific literature sharing, compliant promotion, and future engagement opportunities. Territory insights included prescription trends, customer behavior, business opportunities, formulary discussions, regional planning, call objectives, meeting outcomes, and action items. Product Overview: PNEUMOVAX 23 is used in Pneumococcal Disease. Clinical discussion covered approved indications, patient eligibility, efficacy, safety, monitoring, treatment pathway, and physician education. Sales discussion included customer questions, objections, market access, competitor comparison, follow-up planning, CRM updates, scientific literature sharing, compliant promotion, and future engagement opportunities. Territory insights included prescription trends, customer behavior, business opportunities, formulary discussions, regional planning, call objectives, meeting outcomes, and action items. Product Overview: PNEUMOVAX 23 is used in Pneumococcal Disease. Clinical discussion covered approved indications, patient eligibility, efficacy, safety, monitoring, treatment pathway, and physician education. Sales discussion included customer questions, objections, market access, competitor comparison, follow-up planning, CRM updates, scientific literature sharing, compliant promotion, and future engagement opportunities. Territory insights included prescription trends, customer behavior, business opportunities, formulary discussions, regional planning, call objectives, meeting outcomes, and action items. "
TXN00255,BRIDION,Hospital,Neuromuscular Blockade Reversal,South,Tamil Nadu,T003,Oncologist,Rep_2,6,593606,2026-02-01,"Product Overview: BRIDION is used in Neuromuscular Blockade Reversal. Clinical discussion covered approved indications, patient eligibility, efficacy, safety, monitoring, treatment pathway, and physician education. Sales discussion included customer questions, objections, market access, competitor comparison, follow-up planning, CRM updates, scientific literature sharing, compliant promotion, and future engagement opportunities. Territory insights included prescription trends, customer behavior, business opportunities, formulary discussions, regional planning, call objectives, meeting outcomes, and action items. Product Overview: BRIDION is used in Neuromuscular Blockade Reversal. Clinical discussion covered approved indications, patient eligibility, efficacy, safety, monitoring, treatment pathway, and physician education. Sales discussion included customer questions, objections, market access, competitor comparison, follow-up planning, CRM updates, scientific literature sharing, compliant promotion, and future engagement opportunities. Territory insights included prescription trends, customer behavior, business opportunities, formulary discussions, regional planning, call objectives, meeting outcomes, and action items. Product Overview: BRIDION is used in Neuromuscular Blockade Reversal. Clinical discussion covered approved indications, patient eligibility, efficacy, safety, monitoring, treatment pathway, and physician education. Sales discussion included customer questions, objections, market access, competitor comparison, follow-up planning, CRM updates, scientific literature sharing, compliant promotion, and future engagement opportunities. Territory insights included prescription trends, customer behavior, business opportunities, formulary discussions, regional planning, call objectives, meeting outcomes, and action items. "
TXN00256,KEYTRUDA,Oncology,NSCLC,South,Tamil Nadu,T002,Surgeon,Rep_4,2,731679,2026-01-22,"Product Overview: KEYTRUDA is used in NSCLC. Clinical discussion covered approved indications, patient eligibility, efficacy, safety, monitoring, treatment pathway, and physician education. Sales discussion included customer questions, objections, market access, competitor comparison, follow-up planning, CRM updates, scientific literature sharing, compliant promotion, and future engagement opportunities. Territory insights included prescription trends, customer behavior, business opportunities, formulary discussions, regional planning, call objectives, meeting outcomes, and action items. Product Overview: KEYTRUDA is used in NSCLC. Clinical discussion covered approved indications, patient eligibility, efficacy, safety, monitoring, treatment pathway, and physician education. Sales discussion included customer questions, objections, market access, competitor comparison, follow-up planning, CRM updates, scientific literature sharing, compliant promotion, and future engagement opportunities. Territory insights included prescription trends, customer behavior, business opportunities, formulary discussions, regional planning, call objectives, meeting outcomes, and action items. Product Overview: KEYTRUDA is used in NSCLC. Clinical discussion covered approved indications, patient eligibility, efficacy, safety, monitoring, treatment pathway, and physician education. Sales discussion included customer questions, objections, market access, competitor comparison, follow-up planning, CRM updates, scientific literature sharing, compliant promotion, and future engagement opportunities. Territory insights included prescription trends, customer behavior, business opportunities, formulary discussions, regional planning, call objectives, meeting outcomes, and action items. "
TXN00257,ZEPATIER,Infectious Disease,Hepatitis C,South,Karnataka,T002,Physician,Rep_2,2,329560,2026-02-28,"Product Overview: ZEPATIER is used in Hepatitis C. Clinical discussion covered approved indications, patient eligibility, efficacy, safety, monitoring, treatment pathway, and physician education. Sales discussion included customer questions, objections, market access, competitor comparison, follow-up planning, CRM updates, scientific literature sharing, compliant promotion, and future engagement opportunities. Territory insights included prescription trends, customer behavior, business opportunities, formulary discussions, regional planning, call objectives, meeting outcomes, and action items. Product Overview: ZEPATIER is used in Hepatitis C. Clinical discussion covered approved indications, patient eligibility, efficacy, safety, monitoring, treatment pathway, and physician education. Sales discussion included customer questions, objections, market access, competitor comparison, follow-up planning, CRM updates, scientific literature sharing, compliant promotion, and future engagement opportunities. Territory insights included prescription trends, customer behavior, business opportunities, formulary discussions, regional planning, call objectives, meeting outcomes, and action items. Product Overview: ZEPATIER is used in Hepatitis C. Clinical discussion covered approved indications, patient eligibility, efficacy, safety, monitoring, treatment pathway, and physician education. Sales discussion included customer questions, objections, market access, competitor comparison, follow-up planning, CRM updates, scientific literature sharing, compliant promotion, and future engagement opportunities. Territory insights included prescription trends, customer behavior, business opportunities, formulary discussions, regional planning, call objectives, meeting outcomes, and action items. "
TXN00258,JANUVIA,Diabetes,Type 2 Diabetes,East,Karnataka,T002,Surgeon,Rep_4,1,107334,2026-04-13,"Product Overview: JANUVIA is used in Type 2 Diabetes. Clinical discussion covered approved indications, patient eligibility, efficacy, safety, monitoring, treatment pathway, and physician education. Sales discussion included customer questions, objections, market access, competitor comparison, follow-up planning, CRM updates, scientific literature sharing, compliant promotion, and future engagement opportunities. Territory insights included prescription trends, customer behavior, business opportunities, formulary discussions, regional planning, call objectives, meeting outcomes, and action items. Product Overview: JANUVIA is used in Type 2 Diabetes. Clinical discussion covered approved indications, patient eligibility, efficacy, safety, monitoring, treatment pathway, and physician education. Sales discussion included customer questions, objections, market access, competitor comparison, follow-up planning, CRM updates, scientific literature sharing, compliant promotion, and future engagement opportunities. Territory insights included prescription trends, customer behavior, business opportunities, formulary discussions, regional planning, call objectives, meeting outcomes, and action items. Product Overview: JANUVIA is used in Type 2 Diabetes. Clinical discussion covered approved indications, patient eligibility, efficacy, safety, monitoring, treatment pathway, and physician education. Sales discussion included customer questions, objections, market access, competitor comparison, follow-up planning, CRM updates, scientific literature sharing, compliant promotion, and future engagement opportunities. Territory insights included prescription trends, customer behavior, business opportunities, formulary discussions, regional planning, call objectives, meeting outcomes, and action items. "
TXN00259,JANUVIA,Diabetes,Type 2 Diabetes,West,Maharashtra,T003,Oncologist,Rep_2,8,96115,2026-03-19,"Product Overview: JANUVIA is used in Type 2 Diabetes. Clinical discussion covered approved indications, patient eligibility, efficacy, safety, monitoring, treatment pathway, and physician education. Sales discussion included customer questions, objections, market access, competitor comparison, follow-up planning, CRM updates, scientific literature sharing, compliant promotion, and future engagement opportunities. Territory insights included prescription trends, customer behavior, business opportunities, formulary discussions, regional planning, call objectives, meeting outcomes, and action items. Product Overview: JANUVIA is used in Type 2 Diabetes. Clinical discussion covered approved indications, patient eligibility, efficacy, safety, monitoring, treatment pathway, and physician education. Sales discussion included customer questions, objections, market access, competitor comparison, follow-up planning, CRM updates, scientific literature sharing, compliant promotion, and future engagement opportunities. Territory insights included prescription trends, customer behavior, business opportunities, formulary discussions, regional planning, call objectives, meeting outcomes, and action items. Product Overview: JANUVIA is used in Type 2 Diabetes. Clinical discussion covered approved indications, patient eligibility, efficacy, safety, monitoring, treatment pathway, and physician education. Sales discussion included customer questions, objections, market access, competitor comparison, follow-up planning, CRM updates, scientific literature sharing, compliant promotion, and future engagement opportunities. Territory insights included prescription trends, customer behavior, business opportunities, formulary discussions, regional planning, call objectives, meeting outcomes, and action items. "
TXN00260,ZEPATIER,Infectious Disease,Hepatitis C,East,Maharashtra,T002,Physician,Rep_4,20,314207,2026-08-03,"Product Overview: ZEPATIER is used in Hepatitis C. Clinical discussion covered approved indications, patient eligibility, efficacy, safety, monitoring, treatment pathway, and physician education. Sales discussion included customer questions, objections, market access, competitor comparison, follow-up planning, CRM updates, scientific literature sharing, compliant promotion, and future engagement opportunities. Territory insights included prescription trends, customer behavior, business opportunities, formulary discussions, regional planning, call objectives, meeting outcomes, and action items. Product Overview: ZEPATIER is used in Hepatitis C. Clinical discussion covered approved indications, patient eligibility, efficacy, safety, monitoring, treatment pathway, and physician education. Sales discussion included customer questions, objections, market access, competitor comparison, follow-up planning, CRM updates, scientific literature sharing, compliant promotion, and future engagement opportunities. Territory insights included prescription trends, customer behavior, business opportunities, formulary discussions, regional planning, call objectives, meeting outcomes, and action items. Product Overview: ZEPATIER is used in Hepatitis C. Clinical discussion covered approved indications, patient eligibility, efficacy, safety, monitoring, treatment pathway, and physician education. Sales discussion included customer questions, objections, market access, competitor comparison, follow-up planning, CRM updates, scientific literature sharing, compliant promotion, and future engagement opportunities. Territory insights included prescription trends, customer behavior, business opportunities, formulary discussions, regional planning, call objectives, meeting outcomes, and action items. "
TXN00261,WELIREG,Oncology,VHL Disease,South,Tamil Nadu,T002,Physician,Rep_4,1,305213,2026-02-06,"Product Overview: WELIREG is used in VHL Disease. Clinical discussion covered approved indications, patient eligibility, efficacy, safety, monitoring, treatment pathway, and physician education. Sales discussion included customer questions, objections, market access, competitor comparison, follow-up planning, CRM updates, scientific literature sharing, compliant promotion, and future engagement opportunities. Territory insights included prescription trends, customer behavior, business opportunities, formulary discussions, regional planning, call objectives, meeting outcomes, and action items. Product Overview: WELIREG is used in VHL Disease. Clinical discussion covered approved indications, patient eligibility, efficacy, safety, monitoring, treatment pathway, and physician education. Sales discussion included customer questions, objections, market access, competitor comparison, follow-up planning, CRM updates, scientific literature sharing, compliant promotion, and future engagement opportunities. Territory insights included prescription trends, customer behavior, business opportunities, formulary discussions, regional planning, call objectives, meeting outcomes, and action items. Product Overview: WELIREG is used in VHL Disease. Clinical discussion covered approved indications, patient eligibility, efficacy, safety, monitoring, treatment pathway, and physician education. Sales discussion included customer questions, objections, market access, competitor comparison, follow-up planning, CRM updates, scientific literature sharing, compliant promotion, and future engagement opportunities. Territory insights included prescription trends, customer behavior, business opportunities, formulary discussions, regional planning, call objectives, meeting outcomes, and action items. "
TXN00262,WELIREG,Oncology,VHL Disease,West,Karnataka,T001,Physician,Rep_4,18,430566,2026-02-11,"Product Overview: WELIREG is used in VHL Disease. Clinical discussion covered approved indications, patient eligibility, efficacy, safety, monitoring, treatment pathway, and physician education. Sales discussion included customer questions, objections, market access, competitor comparison, follow-up planning, CRM updates, scientific literature sharing, compliant promotion, and future engagement opportunities. Territory insights included prescription trends, customer behavior, business opportunities, formulary discussions, regional planning, call objectives, meeting outcomes, and action items. Product Overview: WELIREG is used in VHL Disease. Clinical discussion covered approved indications, patient eligibility, efficacy, safety, monitoring, treatment pathway, and physician education. Sales discussion included customer questions, objections, market access, competitor comparison, follow-up planning, CRM updates, scientific literature sharing, compliant promotion, and future engagement opportunities. Territory insights included prescription trends, customer behavior, business opportunities, formulary discussions, regional planning, call objectives, meeting outcomes, and action items. Product Overview: WELIREG is used in VHL Disease. Clinical discussion covered approved indications, patient eligibility, efficacy, safety, monitoring, treatment pathway, and physician education. Sales discussion included customer questions, objections, market access, competitor comparison, follow-up planning, CRM updates, scientific literature sharing, compliant promotion, and future engagement opportunities. Territory insights included prescription trends, customer behavior, business opportunities, formulary discussions, regional planning, call objectives, meeting outcomes, and action items. "
TXN00263,JANUVIA,Diabetes,Type 2 Diabetes,East,Tamil Nadu,T003,Oncologist,Rep_1,14,418309,2026-04-13,"Product Overview: JANUVIA is used in Type 2 Diabetes. Clinical discussion covered approved indications, patient eligibility, efficacy, safety, monitoring, treatment pathway, and physician education. Sales discussion included customer questions, objections, market access, competitor comparison, follow-up planning, CRM updates, scientific literature sharing, compliant promotion, and future engagement opportunities. Territory insights included prescription trends, customer behavior, business opportunities, formulary discussions, regional planning, call objectives, meeting outcomes, and action items. Product Overview: JANUVIA is used in Type 2 Diabetes. Clinical discussion covered approved indications, patient eligibility, efficacy, safety, monitoring, treatment pathway, and physician education. Sales discussion included customer questions, objections, market access, competitor comparison, follow-up planning, CRM updates, scientific literature sharing, compliant promotion, and future engagement opportunities. Territory insights included prescription trends, customer behavior, business opportunities, formulary discussions, regional planning, call objectives, meeting outcomes, and action items. Product Overview: JANUVIA is used in Type 2 Diabetes. Clinical discussion covered approved indications, patient eligibility, efficacy, safety, monitoring, treatment pathway, and physician education. Sales discussion included customer questions, objections, market access, competitor comparison, follow-up planning, CRM updates, scientific literature sharing, compliant promotion, and future engagement opportunities. Territory insights included prescription trends, customer behavior, business opportunities, formulary discussions, regional planning, call objectives, meeting outcomes, and action items. "
TXN00264,WELIREG,Oncology,VHL Disease,East,Delhi,T001,Physician,Rep_1,9,746542,2026-01-11,"Product Overview: WELIREG is used in VHL Disease. Clinical discussion covered approved indications, patient eligibility, efficacy, safety, monitoring, treatment pathway, and physician education. Sales discussion included customer questions, objections, market access, competitor comparison, follow-up planning, CRM updates, scientific literature sharing, compliant promotion, and future engagement opportunities. Territory insights included prescription trends, customer behavior, business opportunities, formulary discussions, regional planning, call objectives, meeting outcomes, and action items. Product Overview: WELIREG is used in VHL Disease. Clinical discussion covered approved indications, patient eligibility, efficacy, safety, monitoring, treatment pathway, and physician education. Sales discussion included customer questions, objections, market access, competitor comparison, follow-up planning, CRM updates, scientific literature sharing, compliant promotion, and future engagement opportunities. Territory insights included prescription trends, customer behavior, business opportunities, formulary discussions, regional planning, call objectives, meeting outcomes, and action items. Product Overview: WELIREG is used in VHL Disease. Clinical discussion covered approved indications, patient eligibility, efficacy, safety, monitoring, treatment pathway, and physician education. Sales discussion included customer questions, objections, market access, competitor comparison, follow-up planning, CRM updates, scientific literature sharing, compliant promotion, and future engagement opportunities. Territory insights included prescription trends, customer behavior, business opportunities, formulary discussions, regional planning, call objectives, meeting outcomes, and action items. "
TXN00265,ZEPATIER,Infectious Disease,Hepatitis C,South,Karnataka,T001,Oncologist,Rep_3,18,184002,2026-08-15,"Product Overview: ZEPATIER is used in Hepatitis C. Clinical discussion covered approved indications, patient eligibility, efficacy, safety, monitoring, treatment pathway, and physician education. Sales discussion included customer questions, objections, market access, competitor comparison, follow-up planning, CRM updates, scientific literature sharing, compliant promotion, and future engagement opportunities. Territory insights included prescription trends, customer behavior, business opportunities, formulary discussions, regional planning, call objectives, meeting outcomes, and action items. Product Overview: ZEPATIER is used in Hepatitis C. Clinical discussion covered approved indications, patient eligibility, efficacy, safety, monitoring, treatment pathway, and physician education. Sales discussion included customer questions, objections, market access, competitor comparison, follow-up planning, CRM updates, scientific literature sharing, compliant promotion, and future engagement opportunities. Territory insights included prescription trends, customer behavior, business opportunities, formulary discussions, regional planning, call objectives, meeting outcomes, and action items. Product Overview: ZEPATIER is used in Hepatitis C. Clinical discussion covered approved indications, patient eligibility, efficacy, safety, monitoring, treatment pathway, and physician education. Sales discussion included customer questions, objections, market access, competitor comparison, follow-up planning, CRM updates, scientific literature sharing, compliant promotion, and future engagement opportunities. Territory insights included prescription trends, customer behavior, business opportunities, formulary discussions, regional planning, call objectives, meeting outcomes, and action items. "
TXN00266,ZEPATIER,Infectious Disease,Hepatitis C,South,Delhi,T002,Oncologist,Rep_4,13,709914,2026-04-10,"Product Overview: ZEPATIER is used in Hepatitis C. Clinical discussion covered approved indications, patient eligibility, efficacy, safety, monitoring, treatment pathway, and physician education. Sales discussion included customer questions, objections, market access, competitor comparison, follow-up planning, CRM updates, scientific literature sharing, compliant promotion, and future engagement opportunities. Territory insights included prescription trends, customer behavior, business opportunities, formulary discussions, regional planning, call objectives, meeting outcomes, and action items. Product Overview: ZEPATIER is used in Hepatitis C. Clinical discussion covered approved indications, patient eligibility, efficacy, safety, monitoring, treatment pathway, and physician education. Sales discussion included customer questions, objections, market access, competitor comparison, follow-up planning, CRM updates, scientific literature sharing, compliant promotion, and future engagement opportunities. Territory insights included prescription trends, customer behavior, business opportunities, formulary discussions, regional planning, call objectives, meeting outcomes, and action items. Product Overview: ZEPATIER is used in Hepatitis C. Clinical discussion covered approved indications, patient eligibility, efficacy, safety, monitoring, treatment pathway, and physician education. Sales discussion included customer questions, objections, market access, competitor comparison, follow-up planning, CRM updates, scientific literature sharing, compliant promotion, and future engagement opportunities. Territory insights included prescription trends, customer behavior, business opportunities, formulary discussions, regional planning, call objectives, meeting outcomes, and action items. "
TXN00267,PNEUMOVAX 23,Vaccines,Pneumococcal Disease,South,Tamil Nadu,T003,Oncologist,Rep_3,20,511737,2026-06-18,"Product Overview: PNEUMOVAX 23 is used in Pneumococcal Disease. Clinical discussion covered approved indications, patient eligibility, efficacy, safety, monitoring, treatment pathway, and physician education. Sales discussion included customer questions, objections, market access, competitor comparison, follow-up planning, CRM updates, scientific literature sharing, compliant promotion, and future engagement opportunities. Territory insights included prescription trends, customer behavior, business opportunities, formulary discussions, regional planning, call objectives, meeting outcomes, and action items. Product Overview: PNEUMOVAX 23 is used in Pneumococcal Disease. Clinical discussion covered approved indications, patient eligibility, efficacy, safety, monitoring, treatment pathway, and physician education. Sales discussion included customer questions, objections, market access, competitor comparison, follow-up planning, CRM updates, scientific literature sharing, compliant promotion, and future engagement opportunities. Territory insights included prescription trends, customer behavior, business opportunities, formulary discussions, regional planning, call objectives, meeting outcomes, and action items. Product Overview: PNEUMOVAX 23 is used in Pneumococcal Disease. Clinical discussion covered approved indications, patient eligibility, efficacy, safety, monitoring, treatment pathway, and physician education. Sales discussion included customer questions, objections, market access, competitor comparison, follow-up planning, CRM updates, scientific literature sharing, compliant promotion, and future engagement opportunities. Territory insights included prescription trends, customer behavior, business opportunities, formulary discussions, regional planning, call objectives, meeting outcomes, and action items. "
TXN00268,WELIREG,Oncology,VHL Disease,South,Karnataka,T001,Surgeon,Rep_5,3,618949,2026-05-24,"Product Overview: WELIREG is used in VHL Disease. Clinical discussion covered approved indications, patient eligibility, efficacy, safety, monitoring, treatment pathway, and physician education. Sales discussion included customer questions, objections, market access, competitor comparison, follow-up planning, CRM updates, scientific literature sharing, compliant promotion, and future engagement opportunities. Territory insights included prescription trends, customer behavior, business opportunities, formulary discussions, regional planning, call objectives, meeting outcomes, and action items. Product Overview: WELIREG is used in VHL Disease. Clinical discussion covered approved indications, patient eligibility, efficacy, safety, monitoring, treatment pathway, and physician education. Sales discussion included customer questions, objections, market access, competitor comparison, follow-up planning, CRM updates, scientific literature sharing, compliant promotion, and future engagement opportunities. Territory insights included prescription trends, customer behavior, business opportunities, formulary discussions, regional planning, call objectives, meeting outcomes, and action items. Product Overview: WELIREG is used in VHL Disease. Clinical discussion covered approved indications, patient eligibility, efficacy, safety, monitoring, treatment pathway, and physician education. Sales discussion included customer questions, objections, market access, competitor comparison, follow-up planning, CRM updates, scientific literature sharing, compliant promotion, and future engagement opportunities. Territory insights included prescription trends, customer behavior, business opportunities, formulary discussions, regional planning, call objectives, meeting outcomes, and action items. "
TXN00269,ZEPATIER,Infectious Disease,Hepatitis C,North,Karnataka,T002,Oncologist,Rep_4,3,778407,2026-03-25,"Product Overview: ZEPATIER is used in Hepatitis C. Clinical discussion covered approved indications, patient eligibility, efficacy, safety, monitoring, treatment pathway, and physician education. Sales discussion included customer questions, objections, market access, competitor comparison, follow-up planning, CRM updates, scientific literature sharing, compliant promotion, and future engagement opportunities. Territory insights included prescription trends, customer behavior, business opportunities, formulary discussions, regional planning, call objectives, meeting outcomes, and action items. Product Overview: ZEPATIER is used in Hepatitis C. Clinical discussion covered approved indications, patient eligibility, efficacy, safety, monitoring, treatment pathway, and physician education. Sales discussion included customer questions, objections, market access, competitor comparison, follow-up planning, CRM updates, scientific literature sharing, compliant promotion, and future engagement opportunities. Territory insights included prescription trends, customer behavior, business opportunities, formulary discussions, regional planning, call objectives, meeting outcomes, and action items. Product Overview: ZEPATIER is used in Hepatitis C. Clinical discussion covered approved indications, patient eligibility, efficacy, safety, monitoring, treatment pathway, and physician education. Sales discussion included customer questions, objections, market access, competitor comparison, follow-up planning, CRM updates, scientific literature sharing, compliant promotion, and future engagement opportunities. Territory insights included prescription trends, customer behavior, business opportunities, formulary discussions, regional planning, call objectives, meeting outcomes, and action items. "
TXN00270,ZEPATIER,Infectious Disease,Hepatitis C,East,Karnataka,T003,Oncologist,Rep_1,18,429041,2026-05-07,"Product Overview: ZEPATIER is used in Hepatitis C. Clinical discussion covered approved indications, patient eligibility, efficacy, safety, monitoring, treatment pathway, and physician education. Sales discussion included customer questions, objections, market access, competitor comparison, follow-up planning, CRM updates, scientific literature sharing, compliant promotion, and future engagement opportunities. Territory insights included prescription trends, customer behavior, business opportunities, formulary discussions, regional planning, call objectives, meeting outcomes, and action items. Product Overview: ZEPATIER is used in Hepatitis C. Clinical discussion covered approved indications, patient eligibility, efficacy, safety, monitoring, treatment pathway, and physician education. Sales discussion included customer questions, objections, market access, competitor comparison, follow-up planning, CRM updates, scientific literature sharing, compliant promotion, and future engagement opportunities. Territory insights included prescription trends, customer behavior, business opportunities, formulary discussions, regional planning, call objectives, meeting outcomes, and action items. Product Overview: ZEPATIER is used in Hepatitis C. Clinical discussion covered approved indications, patient eligibility, efficacy, safety, monitoring, treatment pathway, and physician education. Sales discussion included customer questions, objections, market access, competitor comparison, follow-up planning, CRM updates, scientific literature sharing, compliant promotion, and future engagement opportunities. Territory insights included prescription trends, customer behavior, business opportunities, formulary discussions, regional planning, call objectives, meeting outcomes, and action items. "
TXN00271,KEYTRUDA,Oncology,Melanoma,North,Karnataka,T002,Oncologist,Rep_4,10,423186,2026-07-28,"Product Overview: KEYTRUDA is used in Melanoma. Clinical discussion covered approved indications, patient eligibility, efficacy, safety, monitoring, treatment pathway, and physician education. Sales discussion included customer questions, objections, market access, competitor comparison, follow-up planning, CRM updates, scientific literature sharing, compliant promotion, and future engagement opportunities. Territory insights included prescription trends, customer behavior, business opportunities, formulary discussions, regional planning, call objectives, meeting outcomes, and action items. Product Overview: KEYTRUDA is used in Melanoma. Clinical discussion covered approved indications, patient eligibility, efficacy, safety, monitoring, treatment pathway, and physician education. Sales discussion included customer questions, objections, market access, competitor comparison, follow-up planning, CRM updates, scientific literature sharing, compliant promotion, and future engagement opportunities. Territory insights included prescription trends, customer behavior, business opportunities, formulary discussions, regional planning, call objectives, meeting outcomes, and action items. Product Overview: KEYTRUDA is used in Melanoma. Clinical discussion covered approved indications, patient eligibility, efficacy, safety, monitoring, treatment pathway, and physician education. Sales discussion included customer questions, objections, market access, competitor comparison, follow-up planning, CRM updates, scientific literature sharing, compliant promotion, and future engagement opportunities. Territory insights included prescription trends, customer behavior, business opportunities, formulary discussions, regional planning, call objectives, meeting outcomes, and action items. "
TXN00272,PNEUMOVAX 23,Vaccines,Pneumococcal Disease,East,Karnataka,T001,Physician,Rep_3,14,76490,2026-08-08,"Product Overview: PNEUMOVAX 23 is used in Pneumococcal Disease. Clinical discussion covered approved indications, patient eligibility, efficacy, safety, monitoring, treatment pathway, and physician education. Sales discussion included customer questions, objections, market access, competitor comparison, follow-up planning, CRM updates, scientific literature sharing, compliant promotion, and future engagement opportunities. Territory insights included prescription trends, customer behavior, business opportunities, formulary discussions, regional planning, call objectives, meeting outcomes, and action items. Product Overview: PNEUMOVAX 23 is used in Pneumococcal Disease. Clinical discussion covered approved indications, patient eligibility, efficacy, safety, monitoring, treatment pathway, and physician education. Sales discussion included customer questions, objections, market access, competitor comparison, follow-up planning, CRM updates, scientific literature sharing, compliant promotion, and future engagement opportunities. Territory insights included prescription trends, customer behavior, business opportunities, formulary discussions, regional planning, call objectives, meeting outcomes, and action items. Product Overview: PNEUMOVAX 23 is used in Pneumococcal Disease. Clinical discussion covered approved indications, patient eligibility, efficacy, safety, monitoring, treatment pathway, and physician education. Sales discussion included customer questions, objections, market access, competitor comparison, follow-up planning, CRM updates, scientific literature sharing, compliant promotion, and future engagement opportunities. Territory insights included prescription trends, customer behavior, business opportunities, formulary discussions, regional planning, call objectives, meeting outcomes, and action items. "
TXN00273,ZEPATIER,Infectious Disease,Hepatitis C,East,Maharashtra,T001,Physician,Rep_1,9,688495,2026-04-23,"Product Overview: ZEPATIER is used in Hepatitis C. Clinical discussion covered approved indications, patient eligibility, efficacy, safety, monitoring, treatment pathway, and physician education. Sales discussion included customer questions, objections, market access, competitor comparison, follow-up planning, CRM updates, scientific literature sharing, compliant promotion, and future engagement opportunities. Territory insights included prescription trends, customer behavior, business opportunities, formulary discussions, regional planning, call objectives, meeting outcomes, and action items. Product Overview: ZEPATIER is used in Hepatitis C. Clinical discussion covered approved indications, patient eligibility, efficacy, safety, monitoring, treatment pathway, and physician education. Sales discussion included customer questions, objections, market access, competitor comparison, follow-up planning, CRM updates, scientific literature sharing, compliant promotion, and future engagement opportunities. Territory insights included prescription trends, customer behavior, business opportunities, formulary discussions, regional planning, call objectives, meeting outcomes, and action items. Product Overview: ZEPATIER is used in Hepatitis C. Clinical discussion covered approved indications, patient eligibility, efficacy, safety, monitoring, treatment pathway, and physician education. Sales discussion included customer questions, objections, market access, competitor comparison, follow-up planning, CRM updates, scientific literature sharing, compliant promotion, and future engagement opportunities. Territory insights included prescription trends, customer behavior, business opportunities, formulary discussions, regional planning, call objectives, meeting outcomes, and action items. "
TXN00274,BRIDION,Hospital,Neuromuscular Blockade Reversal,West,Maharashtra,T003,Oncologist,Rep_4,7,367798,2026-03-13,"Product Overview: BRIDION is used in Neuromuscular Blockade Reversal. Clinical discussion covered approved indications, patient eligibility, efficacy, safety, monitoring, treatment pathway, and physician education. Sales discussion included customer questions, objections, market access, competitor comparison, follow-up planning, CRM updates, scientific literature sharing, compliant promotion, and future engagement opportunities. Territory insights included prescription trends, customer behavior, business opportunities, formulary discussions, regional planning, call objectives, meeting outcomes, and action items. Product Overview: BRIDION is used in Neuromuscular Blockade Reversal. Clinical discussion covered approved indications, patient eligibility, efficacy, safety, monitoring, treatment pathway, and physician education. Sales discussion included customer questions, objections, market access, competitor comparison, follow-up planning, CRM updates, scientific literature sharing, compliant promotion, and future engagement opportunities. Territory insights included prescription trends, customer behavior, business opportunities, formulary discussions, regional planning, call objectives, meeting outcomes, and action items. Product Overview: BRIDION is used in Neuromuscular Blockade Reversal. Clinical discussion covered approved indications, patient eligibility, efficacy, safety, monitoring, treatment pathway, and physician education. Sales discussion included customer questions, objections, market access, competitor comparison, follow-up planning, CRM updates, scientific literature sharing, compliant promotion, and future engagement opportunities. Territory insights included prescription trends, customer behavior, business opportunities, formulary discussions, regional planning, call objectives, meeting outcomes, and action items. "
TXN00275,BRIDION,Hospital,Neuromuscular Blockade Reversal,East,Karnataka,T003,Oncologist,Rep_5,16,596076,2026-05-14,"Product Overview: BRIDION is used in Neuromuscular Blockade Reversal. Clinical discussion covered approved indications, patient eligibility, efficacy, safety, monitoring, treatment pathway, and physician education. Sales discussion included customer questions, objections, market access, competitor comparison, follow-up planning, CRM updates, scientific literature sharing, compliant promotion, and future engagement opportunities. Territory insights included prescription trends, customer behavior, business opportunities, formulary discussions, regional planning, call objectives, meeting outcomes, and action items. Product Overview: BRIDION is used in Neuromuscular Blockade Reversal. Clinical discussion covered approved indications, patient eligibility, efficacy, safety, monitoring, treatment pathway, and physician education. Sales discussion included customer questions, objections, market access, competitor comparison, follow-up planning, CRM updates, scientific literature sharing, compliant promotion, and future engagement opportunities. Territory insights included prescription trends, customer behavior, business opportunities, formulary discussions, regional planning, call objectives, meeting outcomes, and action items. Product Overview: BRIDION is used in Neuromuscular Blockade Reversal. Clinical discussion covered approved indications, patient eligibility, efficacy, safety, monitoring, treatment pathway, and physician education. Sales discussion included customer questions, objections, market access, competitor comparison, follow-up planning, CRM updates, scientific literature sharing, compliant promotion, and future engagement opportunities. Territory insights included prescription trends, customer behavior, business opportunities, formulary discussions, regional planning, call objectives, meeting outcomes, and action items. "
TXN00276,BRIDION,Hospital,Neuromuscular Blockade Reversal,North,Maharashtra,T003,Physician,Rep_1,19,686891,2026-01-08,"Product Overview: BRIDION is used in Neuromuscular Blockade Reversal. Clinical discussion covered approved indications, patient eligibility, efficacy, safety, monitoring, treatment pathway, and physician education. Sales discussion included customer questions, objections, market access, competitor comparison, follow-up planning, CRM updates, scientific literature sharing, compliant promotion, and future engagement opportunities. Territory insights included prescription trends, customer behavior, business opportunities, formulary discussions, regional planning, call objectives, meeting outcomes, and action items. Product Overview: BRIDION is used in Neuromuscular Blockade Reversal. Clinical discussion covered approved indications, patient eligibility, efficacy, safety, monitoring, treatment pathway, and physician education. Sales discussion included customer questions, objections, market access, competitor comparison, follow-up planning, CRM updates, scientific literature sharing, compliant promotion, and future engagement opportunities. Territory insights included prescription trends, customer behavior, business opportunities, formulary discussions, regional planning, call objectives, meeting outcomes, and action items. Product Overview: BRIDION is used in Neuromuscular Blockade Reversal. Clinical discussion covered approved indications, patient eligibility, efficacy, safety, monitoring, treatment pathway, and physician education. Sales discussion included customer questions, objections, market access, competitor comparison, follow-up planning, CRM updates, scientific literature sharing, compliant promotion, and future engagement opportunities. Territory insights included prescription trends, customer behavior, business opportunities, formulary discussions, regional planning, call objectives, meeting outcomes, and action items. "
TXN00277,BRIDION,Hospital,Neuromuscular Blockade Reversal,North,Delhi,T001,Physician,Rep_1,14,778421,2026-07-24,"Product Overview: BRIDION is used in Neuromuscular Blockade Reversal. Clinical discussion covered approved indications, patient eligibility, efficacy, safety, monitoring, treatment pathway, and physician education. Sales discussion included customer questions, objections, market access, competitor comparison, follow-up planning, CRM updates, scientific literature sharing, compliant promotion, and future engagement opportunities. Territory insights included prescription trends, customer behavior, business opportunities, formulary discussions, regional planning, call objectives, meeting outcomes, and action items. Product Overview: BRIDION is used in Neuromuscular Blockade Reversal. Clinical discussion covered approved indications, patient eligibility, efficacy, safety, monitoring, treatment pathway, and physician education. Sales discussion included customer questions, objections, market access, competitor comparison, follow-up planning, CRM updates, scientific literature sharing, compliant promotion, and future engagement opportunities. Territory insights included prescription trends, customer behavior, business opportunities, formulary discussions, regional planning, call objectives, meeting outcomes, and action items. Product Overview: BRIDION is used in Neuromuscular Blockade Reversal. Clinical discussion covered approved indications, patient eligibility, efficacy, safety, monitoring, treatment pathway, and physician education. Sales discussion included customer questions, objections, market access, competitor comparison, follow-up planning, CRM updates, scientific literature sharing, compliant promotion, and future engagement opportunities. Territory insights included prescription trends, customer behavior, business opportunities, formulary discussions, regional planning, call objectives, meeting outcomes, and action items. "
TXN00278,JANUVIA,Diabetes,Type 2 Diabetes,East,Maharashtra,T002,Physician,Rep_4,11,775216,2026-08-17,"Product Overview: JANUVIA is used in Type 2 Diabetes. Clinical discussion covered approved indications, patient eligibility, efficacy, safety, monitoring, treatment pathway, and physician education. Sales discussion included customer questions, objections, market access, competitor comparison, follow-up planning, CRM updates, scientific literature sharing, compliant promotion, and future engagement opportunities. Territory insights included prescription trends, customer behavior, business opportunities, formulary discussions, regional planning, call objectives, meeting outcomes, and action items. Product Overview: JANUVIA is used in Type 2 Diabetes. Clinical discussion covered approved indications, patient eligibility, efficacy, safety, monitoring, treatment pathway, and physician education. Sales discussion included customer questions, objections, market access, competitor comparison, follow-up planning, CRM updates, scientific literature sharing, compliant promotion, and future engagement opportunities. Territory insights included prescription trends, customer behavior, business opportunities, formulary discussions, regional planning, call objectives, meeting outcomes, and action items. Product Overview: JANUVIA is used in Type 2 Diabetes. Clinical discussion covered approved indications, patient eligibility, efficacy, safety, monitoring, treatment pathway, and physician education. Sales discussion included customer questions, objections, market access, competitor comparison, follow-up planning, CRM updates, scientific literature sharing, compliant promotion, and future engagement opportunities. Territory insights included prescription trends, customer behavior, business opportunities, formulary discussions, regional planning, call objectives, meeting outcomes, and action items. "
TXN00279,KEYTRUDA,Oncology,NSCLC,West,Karnataka,T002,Oncologist,Rep_1,18,323885,2026-03-18,"Product Overview: KEYTRUDA is used in NSCLC. Clinical discussion covered approved indications, patient eligibility, efficacy, safety, monitoring, treatment pathway, and physician education. Sales discussion included customer questions, objections, market access, competitor comparison, follow-up planning, CRM updates, scientific literature sharing, compliant promotion, and future engagement opportunities. Territory insights included prescription trends, customer behavior, business opportunities, formulary discussions, regional planning, call objectives, meeting outcomes, and action items. Product Overview: KEYTRUDA is used in NSCLC. Clinical discussion covered approved indications, patient eligibility, efficacy, safety, monitoring, treatment pathway, and physician education. Sales discussion included customer questions, objections, market access, competitor comparison, follow-up planning, CRM updates, scientific literature sharing, compliant promotion, and future engagement opportunities. Territory insights included prescription trends, customer behavior, business opportunities, formulary discussions, regional planning, call objectives, meeting outcomes, and action items. Product Overview: KEYTRUDA is used in NSCLC. Clinical discussion covered approved indications, patient eligibility, efficacy, safety, monitoring, treatment pathway, and physician education. Sales discussion included customer questions, objections, market access, competitor comparison, follow-up planning, CRM updates, scientific literature sharing, compliant promotion, and future engagement opportunities. Territory insights included prescription trends, customer behavior, business opportunities, formulary discussions, regional planning, call objectives, meeting outcomes, and action items. "
TXN00280,WELIREG,Oncology,Renal Cell Carcinoma,East,Karnataka,T001,Oncologist,Rep_3,12,481633,2026-02-07,"Product Overview: WELIREG is used in Renal Cell Carcinoma. Clinical discussion covered approved indications, patient eligibility, efficacy, safety, monitoring, treatment pathway, and physician education. Sales discussion included customer questions, objections, market access, competitor comparison, follow-up planning, CRM updates, scientific literature sharing, compliant promotion, and future engagement opportunities. Territory insights included prescription trends, customer behavior, business opportunities, formulary discussions, regional planning, call objectives, meeting outcomes, and action items. Product Overview: WELIREG is used in Renal Cell Carcinoma. Clinical discussion covered approved indications, patient eligibility, efficacy, safety, monitoring, treatment pathway, and physician education. Sales discussion included customer questions, objections, market access, competitor comparison, follow-up planning, CRM updates, scientific literature sharing, compliant promotion, and future engagement opportunities. Territory insights included prescription trends, customer behavior, business opportunities, formulary discussions, regional planning, call objectives, meeting outcomes, and action items. Product Overview: WELIREG is used in Renal Cell Carcinoma. Clinical discussion covered approved indications, patient eligibility, efficacy, safety, monitoring, treatment pathway, and physician education. Sales discussion included customer questions, objections, market access, competitor comparison, follow-up planning, CRM updates, scientific literature sharing, compliant promotion, and future engagement opportunities. Territory insights included prescription trends, customer behavior, business opportunities, formulary discussions, regional planning, call objectives, meeting outcomes, and action items. "
TXN00281,BRIDION,Hospital,Neuromuscular Blockade Reversal,South,Karnataka,T003,Surgeon,Rep_4,16,299427,2026-04-01,"Product Overview: BRIDION is used in Neuromuscular Blockade Reversal. Clinical discussion covered approved indications, patient eligibility, efficacy, safety, monitoring, treatment pathway, and physician education. Sales discussion included customer questions, objections, market access, competitor comparison, follow-up planning, CRM updates, scientific literature sharing, compliant promotion, and future engagement opportunities. Territory insights included prescription trends, customer behavior, business opportunities, formulary discussions, regional planning, call objectives, meeting outcomes, and action items. Product Overview: BRIDION is used in Neuromuscular Blockade Reversal. Clinical discussion covered approved indications, patient eligibility, efficacy, safety, monitoring, treatment pathway, and physician education. Sales discussion included customer questions, objections, market access, competitor comparison, follow-up planning, CRM updates, scientific literature sharing, compliant promotion, and future engagement opportunities. Territory insights included prescription trends, customer behavior, business opportunities, formulary discussions, regional planning, call objectives, meeting outcomes, and action items. Product Overview: BRIDION is used in Neuromuscular Blockade Reversal. Clinical discussion covered approved indications, patient eligibility, efficacy, safety, monitoring, treatment pathway, and physician education. Sales discussion included customer questions, objections, market access, competitor comparison, follow-up planning, CRM updates, scientific literature sharing, compliant promotion, and future engagement opportunities. Territory insights included prescription trends, customer behavior, business opportunities, formulary discussions, regional planning, call objectives, meeting outcomes, and action items. "
TXN00282,JANUVIA,Diabetes,Type 2 Diabetes,South,Delhi,T003,Physician,Rep_2,5,666094,2026-04-11,"Product Overview: JANUVIA is used in Type 2 Diabetes. Clinical discussion covered approved indications, patient eligibility, efficacy, safety, monitoring, treatment pathway, and physician education. Sales discussion included customer questions, objections, market access, competitor comparison, follow-up planning, CRM updates, scientific literature sharing, compliant promotion, and future engagement opportunities. Territory insights included prescription trends, customer behavior, business opportunities, formulary discussions, regional planning, call objectives, meeting outcomes, and action items. Product Overview: JANUVIA is used in Type 2 Diabetes. Clinical discussion covered approved indications, patient eligibility, efficacy, safety, monitoring, treatment pathway, and physician education. Sales discussion included customer questions, objections, market access, competitor comparison, follow-up planning, CRM updates, scientific literature sharing, compliant promotion, and future engagement opportunities. Territory insights included prescription trends, customer behavior, business opportunities, formulary discussions, regional planning, call objectives, meeting outcomes, and action items. Product Overview: JANUVIA is used in Type 2 Diabetes. Clinical discussion covered approved indications, patient eligibility, efficacy, safety, monitoring, treatment pathway, and physician education. Sales discussion included customer questions, objections, market access, competitor comparison, follow-up planning, CRM updates, scientific literature sharing, compliant promotion, and future engagement opportunities. Territory insights included prescription trends, customer behavior, business opportunities, formulary discussions, regional planning, call objectives, meeting outcomes, and action items. "
TXN00283,BRIDION,Hospital,Neuromuscular Blockade Reversal,West,Karnataka,T003,Surgeon,Rep_2,20,533581,2026-07-27,"Product Overview: BRIDION is used in Neuromuscular Blockade Reversal. Clinical discussion covered approved indications, patient eligibility, efficacy, safety, monitoring, treatment pathway, and physician education. Sales discussion included customer questions, objections, market access, competitor comparison, follow-up planning, CRM updates, scientific literature sharing, compliant promotion, and future engagement opportunities. Territory insights included prescription trends, customer behavior, business opportunities, formulary discussions, regional planning, call objectives, meeting outcomes, and action items. Product Overview: BRIDION is used in Neuromuscular Blockade Reversal. Clinical discussion covered approved indications, patient eligibility, efficacy, safety, monitoring, treatment pathway, and physician education. Sales discussion included customer questions, objections, market access, competitor comparison, follow-up planning, CRM updates, scientific literature sharing, compliant promotion, and future engagement opportunities. Territory insights included prescription trends, customer behavior, business opportunities, formulary discussions, regional planning, call objectives, meeting outcomes, and action items. Product Overview: BRIDION is used in Neuromuscular Blockade Reversal. Clinical discussion covered approved indications, patient eligibility, efficacy, safety, monitoring, treatment pathway, and physician education. Sales discussion included customer questions, objections, market access, competitor comparison, follow-up planning, CRM updates, scientific literature sharing, compliant promotion, and future engagement opportunities. Territory insights included prescription trends, customer behavior, business opportunities, formulary discussions, regional planning, call objectives, meeting outcomes, and action items. "
TXN00284,WELIREG,Oncology,Renal Cell Carcinoma,East,Maharashtra,T002,Physician,Rep_2,2,113262,2026-05-10,"Product Overview: WELIREG is used in Renal Cell Carcinoma. Clinical discussion covered approved indications, patient eligibility, efficacy, safety, monitoring, treatment pathway, and physician education. Sales discussion included customer questions, objections, market access, competitor comparison, follow-up planning, CRM updates, scientific literature sharing, compliant promotion, and future engagement opportunities. Territory insights included prescription trends, customer behavior, business opportunities, formulary discussions, regional planning, call objectives, meeting outcomes, and action items. Product Overview: WELIREG is used in Renal Cell Carcinoma. Clinical discussion covered approved indications, patient eligibility, efficacy, safety, monitoring, treatment pathway, and physician education. Sales discussion included customer questions, objections, market access, competitor comparison, follow-up planning, CRM updates, scientific literature sharing, compliant promotion, and future engagement opportunities. Territory insights included prescription trends, customer behavior, business opportunities, formulary discussions, regional planning, call objectives, meeting outcomes, and action items. Product Overview: WELIREG is used in Renal Cell Carcinoma. Clinical discussion covered approved indications, patient eligibility, efficacy, safety, monitoring, treatment pathway, and physician education. Sales discussion included customer questions, objections, market access, competitor comparison, follow-up planning, CRM updates, scientific literature sharing, compliant promotion, and future engagement opportunities. Territory insights included prescription trends, customer behavior, business opportunities, formulary discussions, regional planning, call objectives, meeting outcomes, and action items. "
TXN00285,WELIREG,Oncology,Renal Cell Carcinoma,East,Tamil Nadu,T001,Oncologist,Rep_3,15,541425,2026-06-10,"Product Overview: WELIREG is used in Renal Cell Carcinoma. Clinical discussion covered approved indications, patient eligibility, efficacy, safety, monitoring, treatment pathway, and physician education. Sales discussion included customer questions, objections, market access, competitor comparison, follow-up planning, CRM updates, scientific literature sharing, compliant promotion, and future engagement opportunities. Territory insights included prescription trends, customer behavior, business opportunities, formulary discussions, regional planning, call objectives, meeting outcomes, and action items. Product Overview: WELIREG is used in Renal Cell Carcinoma. Clinical discussion covered approved indications, patient eligibility, efficacy, safety, monitoring, treatment pathway, and physician education. Sales discussion included customer questions, objections, market access, competitor comparison, follow-up planning, CRM updates, scientific literature sharing, compliant promotion, and future engagement opportunities. Territory insights included prescription trends, customer behavior, business opportunities, formulary discussions, regional planning, call objectives, meeting outcomes, and action items. Product Overview: WELIREG is used in Renal Cell Carcinoma. Clinical discussion covered approved indications, patient eligibility, efficacy, safety, monitoring, treatment pathway, and physician education. Sales discussion included customer questions, objections, market access, competitor comparison, follow-up planning, CRM updates, scientific literature sharing, compliant promotion, and future engagement opportunities. Territory insights included prescription trends, customer behavior, business opportunities, formulary discussions, regional planning, call objectives, meeting outcomes, and action items. "
TXN00286,WELIREG,Oncology,Renal Cell Carcinoma,North,Maharashtra,T002,Physician,Rep_1,11,641033,2026-05-04,"Product Overview: WELIREG is used in Renal Cell Carcinoma. Clinical discussion covered approved indications, patient eligibility, efficacy, safety, monitoring, treatment pathway, and physician education. Sales discussion included customer questions, objections, market access, competitor comparison, follow-up planning, CRM updates, scientific literature sharing, compliant promotion, and future engagement opportunities. Territory insights included prescription trends, customer behavior, business opportunities, formulary discussions, regional planning, call objectives, meeting outcomes, and action items. Product Overview: WELIREG is used in Renal Cell Carcinoma. Clinical discussion covered approved indications, patient eligibility, efficacy, safety, monitoring, treatment pathway, and physician education. Sales discussion included customer questions, objections, market access, competitor comparison, follow-up planning, CRM updates, scientific literature sharing, compliant promotion, and future engagement opportunities. Territory insights included prescription trends, customer behavior, business opportunities, formulary discussions, regional planning, call objectives, meeting outcomes, and action items. Product Overview: WELIREG is used in Renal Cell Carcinoma. Clinical discussion covered approved indications, patient eligibility, efficacy, safety, monitoring, treatment pathway, and physician education. Sales discussion included customer questions, objections, market access, competitor comparison, follow-up planning, CRM updates, scientific literature sharing, compliant promotion, and future engagement opportunities. Territory insights included prescription trends, customer behavior, business opportunities, formulary discussions, regional planning, call objectives, meeting outcomes, and action items. "
TXN00287,BRIDION,Hospital,Neuromuscular Blockade Reversal,West,Tamil Nadu,T001,Surgeon,Rep_3,1,426748,2026-02-21,"Product Overview: BRIDION is used in Neuromuscular Blockade Reversal. Clinical discussion covered approved indications, patient eligibility, efficacy, safety, monitoring, treatment pathway, and physician education. Sales discussion included customer questions, objections, market access, competitor comparison, follow-up planning, CRM updates, scientific literature sharing, compliant promotion, and future engagement opportunities. Territory insights included prescription trends, customer behavior, business opportunities, formulary discussions, regional planning, call objectives, meeting outcomes, and action items. Product Overview: BRIDION is used in Neuromuscular Blockade Reversal. Clinical discussion covered approved indications, patient eligibility, efficacy, safety, monitoring, treatment pathway, and physician education. Sales discussion included customer questions, objections, market access, competitor comparison, follow-up planning, CRM updates, scientific literature sharing, compliant promotion, and future engagement opportunities. Territory insights included prescription trends, customer behavior, business opportunities, formulary discussions, regional planning, call objectives, meeting outcomes, and action items. Product Overview: BRIDION is used in Neuromuscular Blockade Reversal. Clinical discussion covered approved indications, patient eligibility, efficacy, safety, monitoring, treatment pathway, and physician education. Sales discussion included customer questions, objections, market access, competitor comparison, follow-up planning, CRM updates, scientific literature sharing, compliant promotion, and future engagement opportunities. Territory insights included prescription trends, customer behavior, business opportunities, formulary discussions, regional planning, call objectives, meeting outcomes, and action items. "
TXN00288,GARDASIL 9,Vaccines,HPV Prevention,South,Maharashtra,T001,Surgeon,Rep_1,1,464473,2026-03-10,"Product Overview: GARDASIL 9 is used in HPV Prevention. Clinical discussion covered approved indications, patient eligibility, efficacy, safety, monitoring, treatment pathway, and physician education. Sales discussion included customer questions, objections, market access, competitor comparison, follow-up planning, CRM updates, scientific literature sharing, compliant promotion, and future engagement opportunities. Territory insights included prescription trends, customer behavior, business opportunities, formulary discussions, regional planning, call objectives, meeting outcomes, and action items. Product Overview: GARDASIL 9 is used in HPV Prevention. Clinical discussion covered approved indications, patient eligibility, efficacy, safety, monitoring, treatment pathway, and physician education. Sales discussion included customer questions, objections, market access, competitor comparison, follow-up planning, CRM updates, scientific literature sharing, compliant promotion, and future engagement opportunities. Territory insights included prescription trends, customer behavior, business opportunities, formulary discussions, regional planning, call objectives, meeting outcomes, and action items. Product Overview: GARDASIL 9 is used in HPV Prevention. Clinical discussion covered approved indications, patient eligibility, efficacy, safety, monitoring, treatment pathway, and physician education. Sales discussion included customer questions, objections, market access, competitor comparison, follow-up planning, CRM updates, scientific literature sharing, compliant promotion, and future engagement opportunities. Territory insights included prescription trends, customer behavior, business opportunities, formulary discussions, regional planning, call objectives, meeting outcomes, and action items. "
TXN00289,GARDASIL 9,Vaccines,HPV Prevention,South,Maharashtra,T003,Physician,Rep_5,11,447804,2026-03-21,"Product Overview: GARDASIL 9 is used in HPV Prevention. Clinical discussion covered approved indications, patient eligibility, efficacy, safety, monitoring, treatment pathway, and physician education. Sales discussion included customer questions, objections, market access, competitor comparison, follow-up planning, CRM updates, scientific literature sharing, compliant promotion, and future engagement opportunities. Territory insights included prescription trends, customer behavior, business opportunities, formulary discussions, regional planning, call objectives, meeting outcomes, and action items. Product Overview: GARDASIL 9 is used in HPV Prevention. Clinical discussion covered approved indications, patient eligibility, efficacy, safety, monitoring, treatment pathway, and physician education. Sales discussion included customer questions, objections, market access, competitor comparison, follow-up planning, CRM updates, scientific literature sharing, compliant promotion, and future engagement opportunities. Territory insights included prescription trends, customer behavior, business opportunities, formulary discussions, regional planning, call objectives, meeting outcomes, and action items. Product Overview: GARDASIL 9 is used in HPV Prevention. Clinical discussion covered approved indications, patient eligibility, efficacy, safety, monitoring, treatment pathway, and physician education. Sales discussion included customer questions, objections, market access, competitor comparison, follow-up planning, CRM updates, scientific literature sharing, compliant promotion, and future engagement opportunities. Territory insights included prescription trends, customer behavior, business opportunities, formulary discussions, regional planning, call objectives, meeting outcomes, and action items. "
TXN00290,ZEPATIER,Infectious Disease,Hepatitis C,East,Karnataka,T002,Oncologist,Rep_5,12,315866,2026-04-02,"Product Overview: ZEPATIER is used in Hepatitis C. Clinical discussion covered approved indications, patient eligibility, efficacy, safety, monitoring, treatment pathway, and physician education. Sales discussion included customer questions, objections, market access, competitor comparison, follow-up planning, CRM updates, scientific literature sharing, compliant promotion, and future engagement opportunities. Territory insights included prescription trends, customer behavior, business opportunities, formulary discussions, regional planning, call objectives, meeting outcomes, and action items. Product Overview: ZEPATIER is used in Hepatitis C. Clinical discussion covered approved indications, patient eligibility, efficacy, safety, monitoring, treatment pathway, and physician education. Sales discussion included customer questions, objections, market access, competitor comparison, follow-up planning, CRM updates, scientific literature sharing, compliant promotion, and future engagement opportunities. Territory insights included prescription trends, customer behavior, business opportunities, formulary discussions, regional planning, call objectives, meeting outcomes, and action items. Product Overview: ZEPATIER is used in Hepatitis C. Clinical discussion covered approved indications, patient eligibility, efficacy, safety, monitoring, treatment pathway, and physician education. Sales discussion included customer questions, objections, market access, competitor comparison, follow-up planning, CRM updates, scientific literature sharing, compliant promotion, and future engagement opportunities. Territory insights included prescription trends, customer behavior, business opportunities, formulary discussions, regional planning, call objectives, meeting outcomes, and action items. "
TXN00291,KEYTRUDA,Oncology,NSCLC,West,Maharashtra,T001,Physician,Rep_4,16,215132,2026-05-20,"Product Overview: KEYTRUDA is used in NSCLC. Clinical discussion covered approved indications, patient eligibility, efficacy, safety, monitoring, treatment pathway, and physician education. Sales discussion included customer questions, objections, market access, competitor comparison, follow-up planning, CRM updates, scientific literature sharing, compliant promotion, and future engagement opportunities. Territory insights included prescription trends, customer behavior, business opportunities, formulary discussions, regional planning, call objectives, meeting outcomes, and action items. Product Overview: KEYTRUDA is used in NSCLC. Clinical discussion covered approved indications, patient eligibility, efficacy, safety, monitoring, treatment pathway, and physician education. Sales discussion included customer questions, objections, market access, competitor comparison, follow-up planning, CRM updates, scientific literature sharing, compliant promotion, and future engagement opportunities. Territory insights included prescription trends, customer behavior, business opportunities, formulary discussions, regional planning, call objectives, meeting outcomes, and action items. Product Overview: KEYTRUDA is used in NSCLC. Clinical discussion covered approved indications, patient eligibility, efficacy, safety, monitoring, treatment pathway, and physician education. Sales discussion included customer questions, objections, market access, competitor comparison, follow-up planning, CRM updates, scientific literature sharing, compliant promotion, and future engagement opportunities. Territory insights included prescription trends, customer behavior, business opportunities, formulary discussions, regional planning, call objectives, meeting outcomes, and action items. "
TXN00292,JANUVIA,Diabetes,Type 2 Diabetes,South,Karnataka,T001,Oncologist,Rep_4,13,144016,2026-01-28,"Product Overview: JANUVIA is used in Type 2 Diabetes. Clinical discussion covered approved indications, patient eligibility, efficacy, safety, monitoring, treatment pathway, and physician education. Sales discussion included customer questions, objections, market access, competitor comparison, follow-up planning, CRM updates, scientific literature sharing, compliant promotion, and future engagement opportunities. Territory insights included prescription trends, customer behavior, business opportunities, formulary discussions, regional planning, call objectives, meeting outcomes, and action items. Product Overview: JANUVIA is used in Type 2 Diabetes. Clinical discussion covered approved indications, patient eligibility, efficacy, safety, monitoring, treatment pathway, and physician education. Sales discussion included customer questions, objections, market access, competitor comparison, follow-up planning, CRM updates, scientific literature sharing, compliant promotion, and future engagement opportunities. Territory insights included prescription trends, customer behavior, business opportunities, formulary discussions, regional planning, call objectives, meeting outcomes, and action items. Product Overview: JANUVIA is used in Type 2 Diabetes. Clinical discussion covered approved indications, patient eligibility, efficacy, safety, monitoring, treatment pathway, and physician education. Sales discussion included customer questions, objections, market access, competitor comparison, follow-up planning, CRM updates, scientific literature sharing, compliant promotion, and future engagement opportunities. Territory insights included prescription trends, customer behavior, business opportunities, formulary discussions, regional planning, call objectives, meeting outcomes, and action items. "
TXN00293,PNEUMOVAX 23,Vaccines,Pneumococcal Disease,South,Karnataka,T003,Physician,Rep_1,2,690407,2026-07-05,"Product Overview: PNEUMOVAX 23 is used in Pneumococcal Disease. Clinical discussion covered approved indications, patient eligibility, efficacy, safety, monitoring, treatment pathway, and physician education. Sales discussion included customer questions, objections, market access, competitor comparison, follow-up planning, CRM updates, scientific literature sharing, compliant promotion, and future engagement opportunities. Territory insights included prescription trends, customer behavior, business opportunities, formulary discussions, regional planning, call objectives, meeting outcomes, and action items. Product Overview: PNEUMOVAX 23 is used in Pneumococcal Disease. Clinical discussion covered approved indications, patient eligibility, efficacy, safety, monitoring, treatment pathway, and physician education. Sales discussion included customer questions, objections, market access, competitor comparison, follow-up planning, CRM updates, scientific literature sharing, compliant promotion, and future engagement opportunities. Territory insights included prescription trends, customer behavior, business opportunities, formulary discussions, regional planning, call objectives, meeting outcomes, and action items. Product Overview: PNEUMOVAX 23 is used in Pneumococcal Disease. Clinical discussion covered approved indications, patient eligibility, efficacy, safety, monitoring, treatment pathway, and physician education. Sales discussion included customer questions, objections, market access, competitor comparison, follow-up planning, CRM updates, scientific literature sharing, compliant promotion, and future engagement opportunities. Territory insights included prescription trends, customer behavior, business opportunities, formulary discussions, regional planning, call objectives, meeting outcomes, and action items. "
TXN00294,GARDASIL 9,Vaccines,HPV Prevention,North,Tamil Nadu,T002,Oncologist,Rep_4,1,748460,2026-03-24,"Product Overview: GARDASIL 9 is used in HPV Prevention. Clinical discussion covered approved indications, patient eligibility, efficacy, safety, monitoring, treatment pathway, and physician education. Sales discussion included customer questions, objections, market access, competitor comparison, follow-up planning, CRM updates, scientific literature sharing, compliant promotion, and future engagement opportunities. Territory insights included prescription trends, customer behavior, business opportunities, formulary discussions, regional planning, call objectives, meeting outcomes, and action items. Product Overview: GARDASIL 9 is used in HPV Prevention. Clinical discussion covered approved indications, patient eligibility, efficacy, safety, monitoring, treatment pathway, and physician education. Sales discussion included customer questions, objections, market access, competitor comparison, follow-up planning, CRM updates, scientific literature sharing, compliant promotion, and future engagement opportunities. Territory insights included prescription trends, customer behavior, business opportunities, formulary discussions, regional planning, call objectives, meeting outcomes, and action items. Product Overview: GARDASIL 9 is used in HPV Prevention. Clinical discussion covered approved indications, patient eligibility, efficacy, safety, monitoring, treatment pathway, and physician education. Sales discussion included customer questions, objections, market access, competitor comparison, follow-up planning, CRM updates, scientific literature sharing, compliant promotion, and future engagement opportunities. Territory insights included prescription trends, customer behavior, business opportunities, formulary discussions, regional planning, call objectives, meeting outcomes, and action items. "
TXN00295,WELIREG,Oncology,VHL Disease,East,Maharashtra,T002,Surgeon,Rep_3,19,254908,2026-08-03,"Product Overview: WELIREG is used in VHL Disease. Clinical discussion covered approved indications, patient eligibility, efficacy, safety, monitoring, treatment pathway, and physician education. Sales discussion included customer questions, objections, market access, competitor comparison, follow-up planning, CRM updates, scientific literature sharing, compliant promotion, and future engagement opportunities. Territory insights included prescription trends, customer behavior, business opportunities, formulary discussions, regional planning, call objectives, meeting outcomes, and action items. Product Overview: WELIREG is used in VHL Disease. Clinical discussion covered approved indications, patient eligibility, efficacy, safety, monitoring, treatment pathway, and physician education. Sales discussion included customer questions, objections, market access, competitor comparison, follow-up planning, CRM updates, scientific literature sharing, compliant promotion, and future engagement opportunities. Territory insights included prescription trends, customer behavior, business opportunities, formulary discussions, regional planning, call objectives, meeting outcomes, and action items. Product Overview: WELIREG is used in VHL Disease. Clinical discussion covered approved indications, patient eligibility, efficacy, safety, monitoring, treatment pathway, and physician education. Sales discussion included customer questions, objections, market access, competitor comparison, follow-up planning, CRM updates, scientific literature sharing, compliant promotion, and future engagement opportunities. Territory insights included prescription trends, customer behavior, business opportunities, formulary discussions, regional planning, call objectives, meeting outcomes, and action items. "
TXN00296,JANUVIA,Diabetes,Type 2 Diabetes,West,Tamil Nadu,T003,Surgeon,Rep_2,13,688661,2026-02-26,"Product Overview: JANUVIA is used in Type 2 Diabetes. Clinical discussion covered approved indications, patient eligibility, efficacy, safety, monitoring, treatment pathway, and physician education. Sales discussion included customer questions, objections, market access, competitor comparison, follow-up planning, CRM updates, scientific literature sharing, compliant promotion, and future engagement opportunities. Territory insights included prescription trends, customer behavior, business opportunities, formulary discussions, regional planning, call objectives, meeting outcomes, and action items. Product Overview: JANUVIA is used in Type 2 Diabetes. Clinical discussion covered approved indications, patient eligibility, efficacy, safety, monitoring, treatment pathway, and physician education. Sales discussion included customer questions, objections, market access, competitor comparison, follow-up planning, CRM updates, scientific literature sharing, compliant promotion, and future engagement opportunities. Territory insights included prescription trends, customer behavior, business opportunities, formulary discussions, regional planning, call objectives, meeting outcomes, and action items. Product Overview: JANUVIA is used in Type 2 Diabetes. Clinical discussion covered approved indications, patient eligibility, efficacy, safety, monitoring, treatment pathway, and physician education. Sales discussion included customer questions, objections, market access, competitor comparison, follow-up planning, CRM updates, scientific literature sharing, compliant promotion, and future engagement opportunities. Territory insights included prescription trends, customer behavior, business opportunities, formulary discussions, regional planning, call objectives, meeting outcomes, and action items. "
TXN00297,ZEPATIER,Infectious Disease,Hepatitis C,East,Delhi,T003,Surgeon,Rep_4,12,554084,2026-03-10,"Product Overview: ZEPATIER is used in Hepatitis C. Clinical discussion covered approved indications, patient eligibility, efficacy, safety, monitoring, treatment pathway, and physician education. Sales discussion included customer questions, objections, market access, competitor comparison, follow-up planning, CRM updates, scientific literature sharing, compliant promotion, and future engagement opportunities. Territory insights included prescription trends, customer behavior, business opportunities, formulary discussions, regional planning, call objectives, meeting outcomes, and action items. Product Overview: ZEPATIER is used in Hepatitis C. Clinical discussion covered approved indications, patient eligibility, efficacy, safety, monitoring, treatment pathway, and physician education. Sales discussion included customer questions, objections, market access, competitor comparison, follow-up planning, CRM updates, scientific literature sharing, compliant promotion, and future engagement opportunities. Territory insights included prescription trends, customer behavior, business opportunities, formulary discussions, regional planning, call objectives, meeting outcomes, and action items. Product Overview: ZEPATIER is used in Hepatitis C. Clinical discussion covered approved indications, patient eligibility, efficacy, safety, monitoring, treatment pathway, and physician education. Sales discussion included customer questions, objections, market access, competitor comparison, follow-up planning, CRM updates, scientific literature sharing, compliant promotion, and future engagement opportunities. Territory insights included prescription trends, customer behavior, business opportunities, formulary discussions, regional planning, call objectives, meeting outcomes, and action items. "
TXN00298,ZEPATIER,Infectious Disease,Hepatitis C,North,Karnataka,T001,Surgeon,Rep_4,3,204054,2026-06-18,"Product Overview: ZEPATIER is used in Hepatitis C. Clinical discussion covered approved indications, patient eligibility, efficacy, safety, monitoring, treatment pathway, and physician education. Sales discussion included customer questions, objections, market access, competitor comparison, follow-up planning, CRM updates, scientific literature sharing, compliant promotion, and future engagement opportunities. Territory insights included prescription trends, customer behavior, business opportunities, formulary discussions, regional planning, call objectives, meeting outcomes, and action items. Product Overview: ZEPATIER is used in Hepatitis C. Clinical discussion covered approved indications, patient eligibility, efficacy, safety, monitoring, treatment pathway, and physician education. Sales discussion included customer questions, objections, market access, competitor comparison, follow-up planning, CRM updates, scientific literature sharing, compliant promotion, and future engagement opportunities. Territory insights included prescription trends, customer behavior, business opportunities, formulary discussions, regional planning, call objectives, meeting outcomes, and action items. Product Overview: ZEPATIER is used in Hepatitis C. Clinical discussion covered approved indications, patient eligibility, efficacy, safety, monitoring, treatment pathway, and physician education. Sales discussion included customer questions, objections, market access, competitor comparison, follow-up planning, CRM updates, scientific literature sharing, compliant promotion, and future engagement opportunities. Territory insights included prescription trends, customer behavior, business opportunities, formulary discussions, regional planning, call objectives, meeting outcomes, and action items. "
TXN00299,JANUVIA,Diabetes,Type 2 Diabetes,East,Karnataka,T003,Physician,Rep_4,9,169803,2026-04-06,"Product Overview: JANUVIA is used in Type 2 Diabetes. Clinical discussion covered approved indications, patient eligibility, efficacy, safety, monitoring, treatment pathway, and physician education. Sales discussion included customer questions, objections, market access, competitor comparison, follow-up planning, CRM updates, scientific literature sharing, compliant promotion, and future engagement opportunities. Territory insights included prescription trends, customer behavior, business opportunities, formulary discussions, regional planning, call objectives, meeting outcomes, and action items. Product Overview: JANUVIA is used in Type 2 Diabetes. Clinical discussion covered approved indications, patient eligibility, efficacy, safety, monitoring, treatment pathway, and physician education. Sales discussion included customer questions, objections, market access, competitor comparison, follow-up planning, CRM updates, scientific literature sharing, compliant promotion, and future engagement opportunities. Territory insights included prescription trends, customer behavior, business opportunities, formulary discussions, regional planning, call objectives, meeting outcomes, and action items. Product Overview: JANUVIA is used in Type 2 Diabetes. Clinical discussion covered approved indications, patient eligibility, efficacy, safety, monitoring, treatment pathway, and physician education. Sales discussion included customer questions, objections, market access, competitor comparison, follow-up planning, CRM updates, scientific literature sharing, compliant promotion, and future engagement opportunities. Territory insights included prescription trends, customer behavior, business opportunities, formulary discussions, regional planning, call objectives, meeting outcomes, and action items. "
TXN00300,WELIREG,Oncology,Renal Cell Carcinoma,South,Delhi,T003,Oncologist,Rep_2,17,752796,2026-05-23,"Product Overview: WELIREG is used in Renal Cell Carcinoma. Clinical discussion covered approved indications, patient eligibility, efficacy, safety, monitoring, treatment pathway, and physician education. Sales discussion included customer questions, objections, market access, competitor comparison, follow-up planning, CRM updates, scientific literature sharing, compliant promotion, and future engagement opportunities. Territory insights included prescription trends, customer behavior, business opportunities, formulary discussions, regional planning, call objectives, meeting outcomes, and action items. Product Overview: WELIREG is used in Renal Cell Carcinoma. Clinical discussion covered approved indications, patient eligibility, efficacy, safety, monitoring, treatment pathway, and physician education. Sales discussion included customer questions, objections, market access, competitor comparison, follow-up planning, CRM updates, scientific literature sharing, compliant promotion, and future engagement opportunities. Territory insights included prescription trends, customer behavior, business opportunities, formulary discussions, regional planning, call objectives, meeting outcomes, and action items. Product Overview: WELIREG is used in Renal Cell Carcinoma. Clinical discussion covered approved indications, patient eligibility, efficacy, safety, monitoring, treatment pathway, and physician education. Sales discussion included customer questions, objections, market access, competitor comparison, follow-up planning, CRM updates, scientific literature sharing, compliant promotion, and future engagement opportunities. Territory insights included prescription trends, customer behavior, business opportunities, formulary discussions, regional planning, call objectives, meeting outcomes, and action items. "
